longitude,latitude,source,countryCode,basisOfRecord
-76.1836111,3.97525,Instituto de Investigación de Recursos Biológicos Alexander von Humboldt (IAvH),,HumanObservation
-74.06236,11.29248,Instituto de Investigación de Recursos Biológicos Alexander von Humboldt (IAvH),,MachineObservation
-74.85036,5.58335,Instituto de Investigación de Recursos Biológicos Alexander von Humboldt (IAvH),,MachineObservation
-76.1464989,3.60937122,WCS Colombia,CO,HumanObservation
-76.1464989,3.60937122,WCS Colombia,CO,HumanObservation
-78.41777778,0.11527778,LD,,preservedspecimen
-76.1063611111111,4.72566666666667,FNC,,HumanObservation
-76.1063611111111,4.72566666666667,FNC,,HumanObservation
-76.1063611111111,4.72566666666667,FNC,,HumanObservation
-76.1112777777778,4.77652777777778,FNC,,HumanObservation
-76.1112777777778,4.77652777777778,FNC,,HumanObservation
-76.1112777777778,4.77652777777778,FNC,,HumanObservation
-76.1112777777778,4.77652777777778,FNC,,HumanObservation
-76.1112777777778,4.77652777777778,FNC,,HumanObservation
-76.1112777777778,4.77652777777778,FNC,,HumanObservation
-75.7394166666667,4.611,FNC,,HumanObservation
-77.1488333333333,1.59108333333333,FNC,,HumanObservation
-77.1485833333333,1.59102777777778,FNC,,HumanObservation
-77.1485833333333,1.59102777777778,FNC,,HumanObservation
-77.1485833333333,1.59102777777778,FNC,,HumanObservation
-77.1485833333333,1.59102777777778,FNC,,HumanObservation
-77.1484444444445,1.59111111111111,FNC,,HumanObservation
-77.1484444444445,1.59111111111111,FNC,,HumanObservation
-77.1484444444445,1.59111111111111,FNC,,HumanObservation
-77.1113611111111,1.56616666666667,FNC,,HumanObservation
-77.1113611111111,1.56616666666667,FNC,,HumanObservation
-77.1113611111111,1.56616666666667,FNC,,HumanObservation
-77.1113611111111,1.56616666666667,FNC,,HumanObservation
-77.1113333333333,1.56633333333333,FNC,,HumanObservation
-77.1113611111111,1.56666666666667,FNC,,HumanObservation
-77.1113611111111,1.56666666666667,FNC,,HumanObservation
-77.1113611111111,1.56666666666667,FNC,,HumanObservation
-77.1113611111111,1.56666666666667,FNC,,HumanObservation
-77.1302777777778,1.47472222222222,FNC,,HumanObservation
-77.1284444444444,1.47791666666667,FNC,,HumanObservation
-77.12875,1.47775,FNC,,HumanObservation
-74.78388889,2.608333333,Instituto Amazónico de Investigaciones Científicas - SINCHI,CO,PreservedSpecimen
-75.65125,1.606388889,Instituto Amazónico de Investigaciones Científicas - SINCHI,CO,PreservedSpecimen
-75.70638889,1.533055556,Instituto Amazónico de Investigaciones Científicas - SINCHI,CO,PreservedSpecimen
-67.56777778,2.724166667,Instituto Amazónico de Investigaciones Científicas - SINCHI,CO,PreservedSpecimen
-73.757,3.560805556,Instituto Amazónico de Investigaciones Científicas - SINCHI,CO,PreservedSpecimen
-73.757,3.560805556,Instituto Amazónico de Investigaciones Científicas - SINCHI,CO,PreservedSpecimen
-73.91666667,3.283333333,Instituto Amazónico de Investigaciones Científicas - SINCHI,CO,PreservedSpecimen
-73.92425833,3.286366667,Instituto Amazónico de Investigaciones Científicas - SINCHI,CO,PreservedSpecimen
-72.7585,2.33628,Instituto Amazónico de Investigaciones Científicas - SINCHI,CO,PreservedSpecimen
-72.7585,2.33628,Instituto Amazónico de Investigaciones Científicas - SINCHI,CO,PreservedSpecimen
-73.76806,2.25444,Instituto Amazónico de Investigaciones Científicas - SINCHI,CO,PreservedSpecimen
-75.76522,1.47847,Instituto Amazónico de Investigaciones Científicas - SINCHI,CO,PreservedSpecimen
-75.6972,1.63236,Instituto Amazónico de Investigaciones Científicas - SINCHI,CO,PreservedSpecimen
-76.64694,1.19361,Instituto Amazónico de Investigaciones Científicas - SINCHI,CO,PreservedSpecimen
-70.19333,1.21542,Instituto Amazónico de Investigaciones Científicas - SINCHI,CO,PreservedSpecimen
-72.73333,2.43332,Instituto Amazónico de Investigaciones Científicas - SINCHI,CO,PreservedSpecimen
-74.09778,3.59389,Instituto Amazónico de Investigaciones Científicas - SINCHI,CO,PreservedSpecimen
-72.45444,2.68667,Instituto Amazónico de Investigaciones Científicas - SINCHI,CO,PreservedSpecimen
-74.1674,2.6857,Instituto Amazónico de Investigaciones Científicas - SINCHI,CO,PreservedSpecimen
-72.69167,2.47222,Instituto Amazónico de Investigaciones Científicas - SINCHI,CO,PreservedSpecimen
-74.1674,2.6857,Instituto Amazónico de Investigaciones Científicas - SINCHI,CO,PreservedSpecimen
-73.79404,4.07392,Instituto Amazónico de Investigaciones Científicas - SINCHI,CO,PreservedSpecimen
-72.5,5.33333,Instituto Amazónico de Investigaciones Científicas - SINCHI,CO,PreservedSpecimen
-75.7417166666667,4.63248333333333,FNC,,HumanObservation
-75.6788888888889,4.655,FNC,,HumanObservation
-75.6791666666667,4.65444444444444,FNC,,HumanObservation
-75.77925,4.6135,FNC,,HumanObservation
-75.77978333333333,4.602033333333333,FNC,,HumanObservation
-75.78238333333333,4.604833333333334,FNC,,HumanObservation
-75.77883333333334,4.60205,FNC,,HumanObservation
-70.16301456,18.92094237,iNaturalist,DO,HumanObservation
-71.66351055,19.36804775,iNaturalist,DO,HumanObservation
-66.0422445,18.3993033333,iNaturalist,PR,HumanObservation
-70.93234711,19.23840015,iNaturalist,DO,HumanObservation
-48.825384,-26.250774,CAJ,BR,HumanObservation
-74.21,-4.61,Unknown,,PreservedSpecimen
-76.5193398669,7.7564588454,iNaturalist,CO,HumanObservation
103.756118305,1.4227837403,iNaturalist,SG,HumanObservation
103.7774277778,1.3431638889,iNaturalist,SG,HumanObservation
101.6846313,3.1546995997,iNaturalist,MY,HumanObservation
122.0581762,11.3271777,iNaturalist,PH,HumanObservation
-56.0903823376,-9.8985902932,iNaturalist,BR,HumanObservation
-66.1291972222,18.2352833333,iNaturalist,PR,HumanObservation
103.7816573667,1.325393,iNaturalist,SG,HumanObservation
-83.2166666667,8.6833333333,MU,CR,PreservedSpecimen
-78.9166666667,-0.3,MU,EC,PreservedSpecimen
-83.5255555556,8.5736111111,MU,CR,PreservedSpecimen
-64.8555555556,-23.715,MU,AR,PreservedSpecimen
-78.2551944444,-1.407,MU,EC,PreservedSpecimen
-66.68361,18.31696,MU,US,PreservedSpecimen
-70.3341388889,19.5043333333,MU,DO,PreservedSpecimen
-71.0833333333,18.0666666667,MU,DO,PreservedSpecimen
-84.0,10.4166666667,MU,CR,PreservedSpecimen
-88.6591333333,17.1099,MU,BZ,PreservedSpecimen
-75.3509,-11.0962,MU,PE,PreservedSpecimen
-84.75,10.45,MU,CR,PreservedSpecimen
-53.0333333333,5.3166666667,MU,GF,PreservedSpecimen
-42.3,-18.0,JBRJ,BR,PreservedSpecimen
-49.23,-26.64,FURB,,PreservedSpecimen
-53.5428888889,3.7270583333,iNaturalist,GF,HumanObservation
-53.5476555556,3.7534138889,iNaturalist,GF,HumanObservation
-47.5248126313,-23.5803597491,iNaturalist,BR,HumanObservation
-53.5284527778,3.7360222222,iNaturalist,GF,HumanObservation
-75.9670685655,6.6733149254,iNaturalist,CO,HumanObservation
-68.653655,18.7086866667,iNaturalist,DO,HumanObservation
101.8377533333,3.412555,iNaturalist,MY,HumanObservation
-90.4070320341,-0.6504189237,iNaturalist,EC,HumanObservation
-43.28472,-22.99722,PI,BRA,PreservedSpecimen
-73.3,-4.25,SRP,PE,PreservedSpecimen
-61.0935361667,14.7153716667,iNaturalist,MQ,HumanObservation
-54.0759005195,3.3383816712,iNaturalist,SR,HumanObservation
-44.1930555,-23.1827778,UERJ,BR,PreservedSpecimen
-43.2425,-22.9683334,UERJ,BR,PreservedSpecimen
133.9061328861,-1.0985925965,iNaturalist,ID,HumanObservation
128.3105305,-3.585675,iNaturalist,ID,HumanObservation
-66.2486622925,18.0978576924,iNaturalist,PR,HumanObservation
101.7485408785,3.6935921535,iNaturalist,MY,HumanObservation
-46.7659170939,-22.6786208523,iNaturalist,BR,HumanObservation
128.3073470617,-3.5844795724,iNaturalist,ID,HumanObservation
103.1919759,-4.0686141,iNaturalist,ID,HumanObservation
107.6178292371,-6.8666919926,iNaturalist,ID,HumanObservation
-80.4478916667,25.5589883333,iNaturalist,US,HumanObservation
-75.9530792222,6.6888680556,iNaturalist,CO,HumanObservation
103.778269,1.4090898,iNaturalist,SG,HumanObservation
-66.0364655816,18.2298908444,iNaturalist,PR,HumanObservation
-89.4477,-0.89928,iNaturalist,EC,HumanObservation
120.0494190997,-1.3259148997,iNaturalist,ID,HumanObservation
-44.9872282046,-21.2297007537,iNaturalist,BR,HumanObservation
-66.5884401112,18.1698511343,iNaturalist,PR,HumanObservation
120.0494190997,-1.3259148997,iNaturalist,ID,HumanObservation
120.050556,-1.3253079,iNaturalist,ID,HumanObservation
120.0495089,-1.3259567,iNaturalist,ID,HumanObservation
-67.7270583889,-16.1987018333,iNaturalist,BO,HumanObservation
-91.0316199605,-0.8343738789,iNaturalist,EC,HumanObservation
-71.08574609,19.55292694,iNaturalist,DO,HumanObservation
-48.4722397374,-27.6413904385,iNaturalist,BR,HumanObservation
-69.61177,19.2916916667,iNaturalist,DO,HumanObservation
-73.505335,-11.384163,iNaturalist,PE,HumanObservation
-66.1292757,18.2354219,iNaturalist,PR,HumanObservation
-35.85389,-8.701389,CJBG,BR,PreservedSpecimen
-78.83333,-0.333333,CJBG,EC,PreservedSpecimen
-51.7277778,-17.8602778,UFJ,,PreservedSpecimen
-156.091389,20.818611,BISH,US,PreservedSpecimen
-156.091389,20.818611,BISH,US,PreservedSpecimen
-159.508333,21.891667,BISH,US,PreservedSpecimen
-75.585427,6.156843,Empresas Públicas de Medellín E.S.P. (EPM),CO,HumanObservation
-75.585427,6.156843,Empresas Públicas de Medellín E.S.P. (EPM),CO,HumanObservation
-75.585427,6.156843,Empresas Públicas de Medellín E.S.P. (EPM),CO,HumanObservation
-75.587687,6.157764,Empresas Públicas de Medellín E.S.P. (EPM),CO,HumanObservation
-75.587687,6.157764,Empresas Públicas de Medellín E.S.P. (EPM),CO,HumanObservation
-75.587598,6.157626,Empresas Públicas de Medellín E.S.P. (EPM),CO,HumanObservation
-75.587598,6.157626,Empresas Públicas de Medellín E.S.P. (EPM),CO,HumanObservation
-75.585279,6.156626,Empresas Públicas de Medellín E.S.P. (EPM),CO,HumanObservation
-75.585279,6.156626,Empresas Públicas de Medellín E.S.P. (EPM),CO,HumanObservation
-75.587687,6.157764,Empresas Públicas de Medellín E.S.P. (EPM),CO,HumanObservation
-75.585122,6.15635,Empresas Públicas de Medellín E.S.P. (EPM),CO,HumanObservation
-75.588592,6.161363,Empresas Públicas de Medellín E.S.P. (EPM),CO,HumanObservation
-75.588592,6.161363,Empresas Públicas de Medellín E.S.P. (EPM),CO,HumanObservation
-75.588592,6.161363,Empresas Públicas de Medellín E.S.P. (EPM),CO,HumanObservation
-75.588592,6.161363,Empresas Públicas de Medellín E.S.P. (EPM),CO,HumanObservation
-75.585279,6.156626,Empresas Públicas de Medellín E.S.P. (EPM),CO,HumanObservation
-75.587424,6.156521,Empresas Públicas de Medellín E.S.P. (EPM),CO,HumanObservation
-75.585122,6.15635,Empresas Públicas de Medellín E.S.P. (EPM),CO,HumanObservation
-39.4394444,-16.5213889,UFES,,PreservedSpecimen
103.7810666667,1.3438533333,iNaturalist,SG,HumanObservation
-42.2025,-22.485,JBRJ,BR,PreservedSpecimen
-42.0344444,-22.4263889,JBRJ,BR,PreservedSpecimen
-42.0344444,-22.4263889,JBRJ,BR,PreservedSpecimen
-53.5428400277,5.5080572321,iNaturalist,GF,HumanObservation
120.050627,-1.3251222,iNaturalist,ID,HumanObservation
-46.9243378267,-22.9374982864,iNaturalist,BR,HumanObservation
103.7680625997,1.419418,iNaturalist,SG,HumanObservation
121.5404451997,24.9116971997,iNaturalist,TW,HumanObservation
-66.5733647811,18.2160960599,iNaturalist,PR,HumanObservation
-42.1515731812,-22.2460536957,iNaturalist,BR,HumanObservation
-48.0274498744,-15.8653880748,iNaturalist,BR,HumanObservation
-83.9819783333,10.0743383333,iNaturalist,CR,HumanObservation
-84.0380609,9.9147311,iNaturalist,CR,HumanObservation
-84.03464,9.9442383333,iNaturalist,CR,HumanObservation
125.6365883333,7.1492695,iNaturalist,PH,HumanObservation
-75.6561197484,5.8989783104,iNaturalist,CO,HumanObservation
-72.7489111,2.6154417,Instituto Amazónico de Investigaciones Científicas - SINCHI,CO,HumanObservation
-72.45444,2.68667,Instituto Amazónico de Investigaciones Científicas - SINCHI,CO,HumanObservation
-72.45444,2.68667,Instituto Amazónico de Investigaciones Científicas - SINCHI,CO,HumanObservation
-72.5391944,2.5689167,Instituto Amazónico de Investigaciones Científicas - SINCHI,CO,HumanObservation
-72.1618056,2.836,Instituto Amazónico de Investigaciones Científicas - SINCHI,CO,HumanObservation
-84.2667017872,10.2613850632,iNaturalist,CR,HumanObservation
-61.0981439722,14.6865819722,iNaturalist,MQ,HumanObservation
-79.2720633333,-4.3218866667,iNaturalist,EC,HumanObservation
-80.1874916667,7.6278366667,iNaturalist,PA,HumanObservation
-75.2394667,2.9255417,iNaturalist,CO,HumanObservation
-70.1805556,-13.1238889,MO,PE,PreservedSpecimen
-70.1805556,-13.1238889,HOXA,PE,PreservedSpecimen
-50.1852777,-16.0991666,JBRJ,BR,PreservedSpecimen
-60.0202778,-14.9283334,JBRJ,BR,PreservedSpecimen
-51.6927777,-18.9202778,UFJ,,PreservedSpecimen
-84.0497578,9.9372815,iNaturalist,CR,HumanObservation
-84.0888877,9.9211438,iNaturalist,CR,HumanObservation
-60.9847397222,14.6251627778,iNaturalist,MQ,HumanObservation
-52.4693186438,4.5705183282,iNaturalist,GF,HumanObservation
-84.0716002,9.9363436,iNaturalist,CR,HumanObservation
-84.0727693588,9.9398641152,iNaturalist,CR,HumanObservation
101.7362284271,3.7101177753,iNaturalist,MY,HumanObservation
-61.0721712657,14.7021271963,iNaturalist,MQ,HumanObservation
-66.5078666667,18.2295866667,iNaturalist,PR,HumanObservation
-54.5806719997,-25.5947232,iNaturalist,AR,HumanObservation
-74.0671111,10.9988889,Instituto de Investigación de Recursos Biológicos Alexander von Humboldt (IAvH),CO,PreservedSpecimen
-74.1196667,6.4384167,Instituto de Investigación de Recursos Biológicos Alexander von Humboldt (IAvH),CO,PreservedSpecimen
-76.697,3.735,Instituto de Investigación de Recursos Biológicos Alexander von Humboldt (IAvH),CO,PreservedSpecimen
-74.2242778,6.0868056,Instituto de Investigación de Recursos Biológicos Alexander von Humboldt (IAvH),CO,PreservedSpecimen
-74.2256944,6.1203333,Instituto de Investigación de Recursos Biológicos Alexander von Humboldt (IAvH),CO,PreservedSpecimen
-74.2131111,6.0696944,Instituto de Investigación de Recursos Biológicos Alexander von Humboldt (IAvH),CO,PreservedSpecimen
-73.75138,10.2326531,Instituto de Investigación de Recursos Biológicos Alexander von Humboldt (IAvH),CO,PreservedSpecimen
-76.677015,3.7497089,Instituto de Investigación de Recursos Biológicos Alexander von Humboldt (IAvH),CO,PreservedSpecimen
-72.895,6.99,Instituto de Investigación de Recursos Biológicos Alexander von Humboldt (IAvH),,PreservedSpecimen
-74.1196667,6.4384167,Instituto de Investigación de Recursos Biológicos Alexander von Humboldt (IAvH),CO,PreservedSpecimen
-72.88,6.997,Instituto de Investigación de Recursos Biológicos Alexander von Humboldt (IAvH),,PreservedSpecimen
-74.1269167,6.4388333,Instituto de Investigación de Recursos Biológicos Alexander von Humboldt (IAvH),CO,PreservedSpecimen
-73.4407222,6.6757222,Instituto de Investigación de Recursos Biológicos Alexander von Humboldt (IAvH),CO,PreservedSpecimen
-73.3206667,6.8476111,Instituto de Investigación de Recursos Biológicos Alexander von Humboldt (IAvH),CO,PreservedSpecimen
103.7205318534,1.4221470746,iNaturalist,SG,HumanObservation
-61.7338627643,3.7777625956,iNaturalist,BR,HumanObservation
103.7205318534,1.4221470746,iNaturalist,SG,HumanObservation
103.72053,1.42214,iNaturalist,SG,HumanObservation
-54.4414466667,-25.7129216667,iNaturalist,AR,HumanObservation
-84.037417,10.431667,WTU,CR,PreservedSpecimen
-84.002783,10.43105,WTU,CR,PreservedSpecimen
-84.037233,10.4316,WTU,CR,PreservedSpecimen
-84.037283,10.4316,WTU,CR,PreservedSpecimen
-43.4205556,-22.9211111,UFRRJ,BR,PreservedSpecimen
-43.2780556,-22.9608333,UFRRJ,BR,PreservedSpecimen
-73.186778,7.089056,Instituto de Investigación de Recursos Biológicos Alexander von Humboldt (IAvH),CO,HumanObservation
-76.522333,3.59525,Instituto de Investigación de Recursos Biológicos Alexander von Humboldt (IAvH),CO,HumanObservation
-72.702167,7.885444,Instituto de Investigación de Recursos Biológicos Alexander von Humboldt (IAvH),CO,HumanObservation
-77.315639,1.765472,Instituto de Investigación de Recursos Biológicos Alexander von Humboldt (IAvH),CO,HumanObservation
-73.458167,11.186472,Instituto de Investigación de Recursos Biológicos Alexander von Humboldt (IAvH),CO,HumanObservation
-76.027056,4.52825,Instituto de Investigación de Recursos Biológicos Alexander von Humboldt (IAvH),CO,HumanObservation
-66.9247223,-0.0008333,UnB,,PreservedSpecimen
-76.3592386897,-6.4952765297,iNaturalist,PE,HumanObservation
-63.9480555,-8.8225,JBRJ,BR,PreservedSpecimen
-52.6358333333333,-16.2844444444444,HJ,BR,PreservedSpecimen
-51.6833333333333,-18.9166666666667,HJ,BR,PreservedSpecimen
119.8570677,-1.0444457,iNaturalist,ID,HumanObservation
-78.7689742778,0.1421619722,iNaturalist,EC,HumanObservation
103.781749,1.326178,iNaturalist,SG,HumanObservation
-69.6627430443,19.2846974687,iNaturalist,DO,HumanObservation
103.782229,1.322634,iNaturalist,SG,HumanObservation
103.7815420997,1.3263872,iNaturalist,SG,HumanObservation
-84.0438716667,9.9349883333,iNaturalist,CR,HumanObservation
103.782225,1.3226361111,iNaturalist,SG,HumanObservation
-48.981268,-26.247665,CAJ,BR,HumanObservation
120.884722,23.917222,HAST,TW,PreservedSpecimen
120.884722,23.917222,HAST,TW,PreservedSpecimen
-78.7706520497,0.14019059,iNaturalist,EC,HumanObservation
-78.7694549444,0.140653,iNaturalist,EC,HumanObservation
-47.9607315063,-15.8128204346,iNaturalist,BR,HumanObservation
-47.854205,-15.7327833333,iNaturalist,BR,HumanObservation
-69.6704695397,19.2811766112,iNaturalist,DO,HumanObservation
122.3289943997,-3.0138354,iNaturalist,ID,HumanObservation
122.3291971997,-3.0142207997,iNaturalist,ID,HumanObservation
-41.4291953889,-19.3420696111,iNaturalist,BR,HumanObservation
103.76535,1.3828283333,iNaturalist,SG,HumanObservation
-75.463791,5.938636,Empresas Públicas de Medellín E.S.P. (EPM),CO,HumanObservation
-75.465029,5.92684,Empresas Públicas de Medellín E.S.P. (EPM),CO,HumanObservation
-75.465029,5.92684,Empresas Públicas de Medellín E.S.P. (EPM),CO,HumanObservation
-75.465029,5.92684,Empresas Públicas de Medellín E.S.P. (EPM),CO,HumanObservation
-75.468456,5.925362,Empresas Públicas de Medellín E.S.P. (EPM),CO,HumanObservation
-75.468456,5.925362,Empresas Públicas de Medellín E.S.P. (EPM),CO,HumanObservation
-75.468456,5.925362,Empresas Públicas de Medellín E.S.P. (EPM),CO,HumanObservation
-75.468456,5.925362,Empresas Públicas de Medellín E.S.P. (EPM),CO,HumanObservation
-75.468456,5.925362,Empresas Públicas de Medellín E.S.P. (EPM),CO,HumanObservation
-75.465329,5.927102,Empresas Públicas de Medellín E.S.P. (EPM),CO,HumanObservation
-75.465329,5.927102,Empresas Públicas de Medellín E.S.P. (EPM),CO,HumanObservation
-75.465329,5.927102,Empresas Públicas de Medellín E.S.P. (EPM),CO,HumanObservation
-75.468168,5.925127,Empresas Públicas de Medellín E.S.P. (EPM),CO,HumanObservation
-75.468168,5.925127,Empresas Públicas de Medellín E.S.P. (EPM),CO,HumanObservation
-75.468168,5.925127,Empresas Públicas de Medellín E.S.P. (EPM),CO,HumanObservation
-75.468168,5.925127,Empresas Públicas de Medellín E.S.P. (EPM),CO,HumanObservation
-75.468496,5.925306,Empresas Públicas de Medellín E.S.P. (EPM),CO,HumanObservation
-75.468168,5.925127,Empresas Públicas de Medellín E.S.P. (EPM),CO,HumanObservation
-75.468168,5.925127,Empresas Públicas de Medellín E.S.P. (EPM),CO,HumanObservation
-75.468496,5.925306,Empresas Públicas de Medellín E.S.P. (EPM),CO,HumanObservation
-75.468496,5.925306,Empresas Públicas de Medellín E.S.P. (EPM),CO,HumanObservation
-75.468496,5.925306,Empresas Públicas de Medellín E.S.P. (EPM),CO,HumanObservation
-75.468496,5.925306,Empresas Públicas de Medellín E.S.P. (EPM),CO,HumanObservation
-75.468496,5.925306,Empresas Públicas de Medellín E.S.P. (EPM),CO,HumanObservation
-75.468496,5.925306,Empresas Públicas de Medellín E.S.P. (EPM),CO,HumanObservation
-75.468182,5.925071,Empresas Públicas de Medellín E.S.P. (EPM),CO,HumanObservation
-75.468182,5.925071,Empresas Públicas de Medellín E.S.P. (EPM),CO,HumanObservation
-75.468182,5.925071,Empresas Públicas de Medellín E.S.P. (EPM),CO,HumanObservation
-75.468182,5.925071,Empresas Públicas de Medellín E.S.P. (EPM),CO,HumanObservation
-75.468182,5.925071,Empresas Públicas de Medellín E.S.P. (EPM),CO,HumanObservation
-75.468182,5.925071,Empresas Públicas de Medellín E.S.P. (EPM),CO,HumanObservation
-75.468515,5.925239,Empresas Públicas de Medellín E.S.P. (EPM),CO,HumanObservation
-75.468515,5.925239,Empresas Públicas de Medellín E.S.P. (EPM),CO,HumanObservation
-75.468515,5.925239,Empresas Públicas de Medellín E.S.P. (EPM),CO,HumanObservation
-75.468515,5.925239,Empresas Públicas de Medellín E.S.P. (EPM),CO,HumanObservation
-75.468515,5.925239,Empresas Públicas de Medellín E.S.P. (EPM),CO,HumanObservation
-75.464469,5.925712,Empresas Públicas de Medellín E.S.P. (EPM),CO,HumanObservation
-75.464469,5.925712,Empresas Públicas de Medellín E.S.P. (EPM),CO,HumanObservation
-75.464061,5.925576,Empresas Públicas de Medellín E.S.P. (EPM),CO,HumanObservation
-75.464061,5.925576,Empresas Públicas de Medellín E.S.P. (EPM),CO,HumanObservation
-75.463556,5.938506,Empresas Públicas de Medellín E.S.P. (EPM),CO,HumanObservation
-75.463556,5.938506,Empresas Públicas de Medellín E.S.P. (EPM),CO,HumanObservation
-75.463556,5.938506,Empresas Públicas de Medellín E.S.P. (EPM),CO,HumanObservation
-75.463556,5.938506,Empresas Públicas de Medellín E.S.P. (EPM),CO,HumanObservation
-75.463556,5.938506,Empresas Públicas de Medellín E.S.P. (EPM),CO,HumanObservation
-75.463867,5.938736,Empresas Públicas de Medellín E.S.P. (EPM),CO,HumanObservation
-75.463867,5.938736,Empresas Públicas de Medellín E.S.P. (EPM),CO,HumanObservation
-75.463867,5.938736,Empresas Públicas de Medellín E.S.P. (EPM),CO,HumanObservation
-75.463867,5.938736,Empresas Públicas de Medellín E.S.P. (EPM),CO,HumanObservation
-75.463867,5.938736,Empresas Públicas de Medellín E.S.P. (EPM),CO,HumanObservation
-75.463867,5.938736,Empresas Públicas de Medellín E.S.P. (EPM),CO,HumanObservation
-75.463867,5.938736,Empresas Públicas de Medellín E.S.P. (EPM),CO,HumanObservation
-75.463867,5.938736,Empresas Públicas de Medellín E.S.P. (EPM),CO,HumanObservation
-75.463867,5.938736,Empresas Públicas de Medellín E.S.P. (EPM),CO,HumanObservation
-75.463867,5.938736,Empresas Públicas de Medellín E.S.P. (EPM),CO,HumanObservation
-75.463867,5.938736,Empresas Públicas de Medellín E.S.P. (EPM),CO,HumanObservation
-75.463867,5.938736,Empresas Públicas de Medellín E.S.P. (EPM),CO,HumanObservation
-75.463867,5.938736,Empresas Públicas de Medellín E.S.P. (EPM),CO,HumanObservation
-75.463867,5.938736,Empresas Públicas de Medellín E.S.P. (EPM),CO,HumanObservation
-75.464268,5.939531,Empresas Públicas de Medellín E.S.P. (EPM),CO,HumanObservation
-75.471921,5.919679,Empresas Públicas de Medellín E.S.P. (EPM),CO,HumanObservation
-75.471026,5.94062,Empresas Públicas de Medellín E.S.P. (EPM),CO,HumanObservation
-75.471026,5.94062,Empresas Públicas de Medellín E.S.P. (EPM),CO,HumanObservation
-75.474254,5.92599,Empresas Públicas de Medellín E.S.P. (EPM),CO,HumanObservation
-75.474254,5.92599,Empresas Públicas de Medellín E.S.P. (EPM),CO,HumanObservation
-75.474254,5.92599,Empresas Públicas de Medellín E.S.P. (EPM),CO,HumanObservation
-75.474254,5.92599,Empresas Públicas de Medellín E.S.P. (EPM),CO,HumanObservation
-75.474254,5.92599,Empresas Públicas de Medellín E.S.P. (EPM),CO,HumanObservation
-75.474254,5.92599,Empresas Públicas de Medellín E.S.P. (EPM),CO,HumanObservation
-75.454628,5.927338,Empresas Públicas de Medellín E.S.P. (EPM),CO,HumanObservation
-75.472385,5.918441,Empresas Públicas de Medellín E.S.P. (EPM),CO,HumanObservation
-75.471696,5.922032,Empresas Públicas de Medellín E.S.P. (EPM),CO,HumanObservation
-75.471696,5.922032,Empresas Públicas de Medellín E.S.P. (EPM),CO,HumanObservation
-75.471696,5.922032,Empresas Públicas de Medellín E.S.P. (EPM),CO,HumanObservation
-75.471696,5.922032,Empresas Públicas de Medellín E.S.P. (EPM),CO,HumanObservation
-75.471696,5.922032,Empresas Públicas de Medellín E.S.P. (EPM),CO,HumanObservation
-75.471696,5.922032,Empresas Públicas de Medellín E.S.P. (EPM),CO,HumanObservation
-75.471696,5.922032,Empresas Públicas de Medellín E.S.P. (EPM),CO,HumanObservation
-75.471696,5.922032,Empresas Públicas de Medellín E.S.P. (EPM),CO,HumanObservation
-75.472105,5.922187,Empresas Públicas de Medellín E.S.P. (EPM),CO,HumanObservation
-75.472105,5.922187,Empresas Públicas de Medellín E.S.P. (EPM),CO,HumanObservation
-75.472105,5.922187,Empresas Públicas de Medellín E.S.P. (EPM),CO,HumanObservation
-75.472105,5.922187,Empresas Públicas de Medellín E.S.P. (EPM),CO,HumanObservation
-75.453834,5.934203,Empresas Públicas de Medellín E.S.P. (EPM),CO,HumanObservation
-75.453834,5.934203,Empresas Públicas de Medellín E.S.P. (EPM),CO,HumanObservation
-75.453834,5.934203,Empresas Públicas de Medellín E.S.P. (EPM),CO,HumanObservation
-75.453834,5.934203,Empresas Públicas de Medellín E.S.P. (EPM),CO,HumanObservation
-75.453834,5.934203,Empresas Públicas de Medellín E.S.P. (EPM),CO,HumanObservation
-75.453834,5.934203,Empresas Públicas de Medellín E.S.P. (EPM),CO,HumanObservation
-75.4714,5.920814,Empresas Públicas de Medellín E.S.P. (EPM),CO,HumanObservation
-75.4714,5.920814,Empresas Públicas de Medellín E.S.P. (EPM),CO,HumanObservation
-75.4714,5.920814,Empresas Públicas de Medellín E.S.P. (EPM),CO,HumanObservation
-75.4714,5.920814,Empresas Públicas de Medellín E.S.P. (EPM),CO,HumanObservation
-75.471039,5.940614,Empresas Públicas de Medellín E.S.P. (EPM),CO,HumanObservation
-75.471039,5.940614,Empresas Públicas de Medellín E.S.P. (EPM),CO,HumanObservation
-75.471039,5.940614,Empresas Públicas de Medellín E.S.P. (EPM),CO,HumanObservation
-75.45375,5.934286,Empresas Públicas de Medellín E.S.P. (EPM),CO,HumanObservation
-75.45375,5.934286,Empresas Públicas de Medellín E.S.P. (EPM),CO,HumanObservation
-75.454019,5.93431,Empresas Públicas de Medellín E.S.P. (EPM),CO,HumanObservation
-75.474464,5.916678,Empresas Públicas de Medellín E.S.P. (EPM),CO,HumanObservation
-75.474464,5.916678,Empresas Públicas de Medellín E.S.P. (EPM),CO,HumanObservation
-75.474464,5.916678,Empresas Públicas de Medellín E.S.P. (EPM),CO,HumanObservation
-75.474464,5.916678,Empresas Públicas de Medellín E.S.P. (EPM),CO,HumanObservation
-75.474464,5.916678,Empresas Públicas de Medellín E.S.P. (EPM),CO,HumanObservation
-75.474464,5.916678,Empresas Públicas de Medellín E.S.P. (EPM),CO,HumanObservation
-75.471483,5.920587,Empresas Públicas de Medellín E.S.P. (EPM),CO,HumanObservation
-75.471483,5.920587,Empresas Públicas de Medellín E.S.P. (EPM),CO,HumanObservation
-75.471483,5.920587,Empresas Públicas de Medellín E.S.P. (EPM),CO,HumanObservation
-75.47464,5.916376,Empresas Públicas de Medellín E.S.P. (EPM),CO,HumanObservation
-75.47464,5.916376,Empresas Públicas de Medellín E.S.P. (EPM),CO,HumanObservation
-75.47464,5.916376,Empresas Públicas de Medellín E.S.P. (EPM),CO,HumanObservation
-75.47464,5.916376,Empresas Públicas de Medellín E.S.P. (EPM),CO,HumanObservation
-75.47464,5.916376,Empresas Públicas de Medellín E.S.P. (EPM),CO,HumanObservation
-75.47464,5.916376,Empresas Públicas de Medellín E.S.P. (EPM),CO,HumanObservation
-75.47464,5.916376,Empresas Públicas de Medellín E.S.P. (EPM),CO,HumanObservation
-75.47464,5.916376,Empresas Públicas de Medellín E.S.P. (EPM),CO,HumanObservation
-75.47464,5.916376,Empresas Públicas de Medellín E.S.P. (EPM),CO,HumanObservation
-75.460668,5.91953,Empresas Públicas de Medellín E.S.P. (EPM),CO,HumanObservation
-75.474543,5.916581,Empresas Públicas de Medellín E.S.P. (EPM),CO,HumanObservation
-75.474543,5.916581,Empresas Públicas de Medellín E.S.P. (EPM),CO,HumanObservation
-75.474543,5.916581,Empresas Públicas de Medellín E.S.P. (EPM),CO,HumanObservation
-75.474543,5.916581,Empresas Públicas de Medellín E.S.P. (EPM),CO,HumanObservation
-75.474543,5.916581,Empresas Públicas de Medellín E.S.P. (EPM),CO,HumanObservation
-75.474543,5.916581,Empresas Públicas de Medellín E.S.P. (EPM),CO,HumanObservation
-75.474543,5.916581,Empresas Públicas de Medellín E.S.P. (EPM),CO,HumanObservation
-75.474543,5.916581,Empresas Públicas de Medellín E.S.P. (EPM),CO,HumanObservation
-75.460464,5.919732,Empresas Públicas de Medellín E.S.P. (EPM),CO,HumanObservation
-75.474632,5.916326,Empresas Públicas de Medellín E.S.P. (EPM),CO,HumanObservation
-75.474632,5.916326,Empresas Públicas de Medellín E.S.P. (EPM),CO,HumanObservation
-75.474632,5.916326,Empresas Públicas de Medellín E.S.P. (EPM),CO,HumanObservation
-75.471453,5.920693,Empresas Públicas de Medellín E.S.P. (EPM),CO,HumanObservation
-75.471453,5.920693,Empresas Públicas de Medellín E.S.P. (EPM),CO,HumanObservation
-75.471293,5.920739,Empresas Públicas de Medellín E.S.P. (EPM),CO,HumanObservation
-75.471293,5.920739,Empresas Públicas de Medellín E.S.P. (EPM),CO,HumanObservation
-75.472144,5.919397,Empresas Públicas de Medellín E.S.P. (EPM),CO,HumanObservation
-75.472144,5.919397,Empresas Públicas de Medellín E.S.P. (EPM),CO,HumanObservation
-75.472144,5.919397,Empresas Públicas de Medellín E.S.P. (EPM),CO,HumanObservation
-75.472144,5.919397,Empresas Públicas de Medellín E.S.P. (EPM),CO,HumanObservation
-75.472144,5.919397,Empresas Públicas de Medellín E.S.P. (EPM),CO,HumanObservation
-75.472144,5.919397,Empresas Públicas de Medellín E.S.P. (EPM),CO,HumanObservation
-75.467952,5.925524,Empresas Públicas de Medellín E.S.P. (EPM),CO,HumanObservation
-75.467952,5.925524,Empresas Públicas de Medellín E.S.P. (EPM),CO,HumanObservation
-75.467952,5.925524,Empresas Públicas de Medellín E.S.P. (EPM),CO,HumanObservation
-75.467952,5.925524,Empresas Públicas de Medellín E.S.P. (EPM),CO,HumanObservation
-75.467952,5.925524,Empresas Públicas de Medellín E.S.P. (EPM),CO,HumanObservation
-75.467952,5.925524,Empresas Públicas de Medellín E.S.P. (EPM),CO,HumanObservation
-75.467952,5.925524,Empresas Públicas de Medellín E.S.P. (EPM),CO,HumanObservation
-75.467952,5.925524,Empresas Públicas de Medellín E.S.P. (EPM),CO,HumanObservation
-75.472172,5.922133,Empresas Públicas de Medellín E.S.P. (EPM),CO,HumanObservation
-75.472172,5.922133,Empresas Públicas de Medellín E.S.P. (EPM),CO,HumanObservation
-75.472172,5.922133,Empresas Públicas de Medellín E.S.P. (EPM),CO,HumanObservation
-75.472172,5.922133,Empresas Públicas de Medellín E.S.P. (EPM),CO,HumanObservation
-75.472172,5.922133,Empresas Públicas de Medellín E.S.P. (EPM),CO,HumanObservation
-75.472172,5.922133,Empresas Públicas de Medellín E.S.P. (EPM),CO,HumanObservation
-75.469317,5.924499,Empresas Públicas de Medellín E.S.P. (EPM),CO,HumanObservation
-75.469317,5.924499,Empresas Públicas de Medellín E.S.P. (EPM),CO,HumanObservation
-75.469317,5.924499,Empresas Públicas de Medellín E.S.P. (EPM),CO,HumanObservation
-75.469317,5.924499,Empresas Públicas de Medellín E.S.P. (EPM),CO,HumanObservation
-75.469317,5.924499,Empresas Públicas de Medellín E.S.P. (EPM),CO,HumanObservation
-75.469317,5.924499,Empresas Públicas de Medellín E.S.P. (EPM),CO,HumanObservation
-75.469317,5.924499,Empresas Públicas de Medellín E.S.P. (EPM),CO,HumanObservation
-75.469387,5.924486,Empresas Públicas de Medellín E.S.P. (EPM),CO,HumanObservation
-75.469387,5.924486,Empresas Públicas de Medellín E.S.P. (EPM),CO,HumanObservation
-75.469387,5.924486,Empresas Públicas de Medellín E.S.P. (EPM),CO,HumanObservation
-75.479778,5.93582,Empresas Públicas de Medellín E.S.P. (EPM),CO,HumanObservation
-75.479778,5.93582,Empresas Públicas de Medellín E.S.P. (EPM),CO,HumanObservation
-75.479778,5.93582,Empresas Públicas de Medellín E.S.P. (EPM),CO,HumanObservation
-75.479778,5.93582,Empresas Públicas de Medellín E.S.P. (EPM),CO,HumanObservation
-75.47431,5.918131,Empresas Públicas de Medellín E.S.P. (EPM),CO,HumanObservation
-75.47431,5.918131,Empresas Públicas de Medellín E.S.P. (EPM),CO,HumanObservation
-75.47431,5.918131,Empresas Públicas de Medellín E.S.P. (EPM),CO,HumanObservation
-75.470066,5.923892,Empresas Públicas de Medellín E.S.P. (EPM),CO,HumanObservation
-75.470066,5.923892,Empresas Públicas de Medellín E.S.P. (EPM),CO,HumanObservation
-75.470066,5.923892,Empresas Públicas de Medellín E.S.P. (EPM),CO,HumanObservation
-75.470066,5.923892,Empresas Públicas de Medellín E.S.P. (EPM),CO,HumanObservation
-75.470066,5.923892,Empresas Públicas de Medellín E.S.P. (EPM),CO,HumanObservation
-75.470066,5.923892,Empresas Públicas de Medellín E.S.P. (EPM),CO,HumanObservation
-75.450574,5.91454,Empresas Públicas de Medellín E.S.P. (EPM),CO,HumanObservation
-75.450574,5.91454,Empresas Públicas de Medellín E.S.P. (EPM),CO,HumanObservation
-75.473969,5.922459,Empresas Públicas de Medellín E.S.P. (EPM),CO,HumanObservation
-75.473969,5.922459,Empresas Públicas de Medellín E.S.P. (EPM),CO,HumanObservation
-75.473969,5.922459,Empresas Públicas de Medellín E.S.P. (EPM),CO,HumanObservation
-75.473969,5.922459,Empresas Públicas de Medellín E.S.P. (EPM),CO,HumanObservation
-75.473969,5.922459,Empresas Públicas de Medellín E.S.P. (EPM),CO,HumanObservation
-75.473969,5.922459,Empresas Públicas de Medellín E.S.P. (EPM),CO,HumanObservation
-75.473969,5.922459,Empresas Públicas de Medellín E.S.P. (EPM),CO,HumanObservation
-75.473969,5.922459,Empresas Públicas de Medellín E.S.P. (EPM),CO,HumanObservation
-75.473969,5.922459,Empresas Públicas de Medellín E.S.P. (EPM),CO,HumanObservation
-75.473969,5.922459,Empresas Públicas de Medellín E.S.P. (EPM),CO,HumanObservation
-75.473969,5.922459,Empresas Públicas de Medellín E.S.P. (EPM),CO,HumanObservation
-75.473969,5.922459,Empresas Públicas de Medellín E.S.P. (EPM),CO,HumanObservation
-75.473969,5.922459,Empresas Públicas de Medellín E.S.P. (EPM),CO,HumanObservation
-75.473969,5.922459,Empresas Públicas de Medellín E.S.P. (EPM),CO,HumanObservation
-75.473969,5.922459,Empresas Públicas de Medellín E.S.P. (EPM),CO,HumanObservation
-75.473969,5.922459,Empresas Públicas de Medellín E.S.P. (EPM),CO,HumanObservation
-75.473969,5.922459,Empresas Públicas de Medellín E.S.P. (EPM),CO,HumanObservation
-75.473969,5.922459,Empresas Públicas de Medellín E.S.P. (EPM),CO,HumanObservation
-75.473969,5.922459,Empresas Públicas de Medellín E.S.P. (EPM),CO,HumanObservation
-75.473969,5.922459,Empresas Públicas de Medellín E.S.P. (EPM),CO,HumanObservation
-75.473969,5.922459,Empresas Públicas de Medellín E.S.P. (EPM),CO,HumanObservation
-75.473969,5.922459,Empresas Públicas de Medellín E.S.P. (EPM),CO,HumanObservation
-75.473969,5.922459,Empresas Públicas de Medellín E.S.P. (EPM),CO,HumanObservation
-75.473969,5.922459,Empresas Públicas de Medellín E.S.P. (EPM),CO,HumanObservation
-75.473969,5.922459,Empresas Públicas de Medellín E.S.P. (EPM),CO,HumanObservation
-75.473969,5.922459,Empresas Públicas de Medellín E.S.P. (EPM),CO,HumanObservation
-75.473969,5.922459,Empresas Públicas de Medellín E.S.P. (EPM),CO,HumanObservation
-75.473969,5.922459,Empresas Públicas de Medellín E.S.P. (EPM),CO,HumanObservation
-75.473969,5.922459,Empresas Públicas de Medellín E.S.P. (EPM),CO,HumanObservation
-75.473969,5.922459,Empresas Públicas de Medellín E.S.P. (EPM),CO,HumanObservation
-75.473969,5.922459,Empresas Públicas de Medellín E.S.P. (EPM),CO,HumanObservation
-75.473969,5.922459,Empresas Públicas de Medellín E.S.P. (EPM),CO,HumanObservation
-75.473969,5.922459,Empresas Públicas de Medellín E.S.P. (EPM),CO,HumanObservation
-75.473969,5.922459,Empresas Públicas de Medellín E.S.P. (EPM),CO,HumanObservation
-75.473969,5.922459,Empresas Públicas de Medellín E.S.P. (EPM),CO,HumanObservation
-75.473969,5.922459,Empresas Públicas de Medellín E.S.P. (EPM),CO,HumanObservation
-75.473969,5.922459,Empresas Públicas de Medellín E.S.P. (EPM),CO,HumanObservation
-75.473969,5.922459,Empresas Públicas de Medellín E.S.P. (EPM),CO,HumanObservation
101.15437028472158,4.539048252961863,Unknown,MY,HumanObservation
-97.4677777,20.0808334,MO,MX,PreservedSpecimen
-97.4772222,20.0822223,MO,MX,PreservedSpecimen
-43.37,-22.862778,MN,,PreservedSpecimen
-52.383833,-24.156639,UTFPR-CP,,PreservedSpecimen
-44.106111,-20.080556,UFU,,PreservedSpecimen
-39.1736111,-13.7841666,UnB,,PreservedSpecimen
-39.4136111,-17.1411111,MBM,,PreservedSpecimen
-39.4136111,-17.1411111,MBM,,PreservedSpecimen
-38.906389,-13.623333,UFBA,,PreservedSpecimen
-44.799722,-22.21,UFBA,,PreservedSpecimen
-38.510833,-13.006111,UFBA,,PreservedSpecimen
-66.9580466667,18.4757166667,iNaturalist,PR,HumanObservation
103.725836,1.444954,iNaturalist,SG,HumanObservation
-47.856737338,-15.6725368534,iNaturalist,BR,HumanObservation
-76.4843194,3.4364639,Corporación para la gestión ambiental Biodiversa (Corp. Biodiversa),CO,HumanObservation
-61.84361099,-15.8744444,K,BO,PreservedSpecimen
103.8292,1.3302583333,iNaturalist,SG,HumanObservation
117.8491094327,3.4957390435,iNaturalist,ID,HumanObservation
117.048612623,-0.3903501962,iNaturalist,ID,HumanObservation
-47.8567344,-15.6724957,iNaturalist,BR,HumanObservation
-48.53611,-25.57583,PUCPR,,PreservedSpecimen
-51.86194,-25.91706,PUCPR,,PreservedSpecimen
-51.86194,-25.91706,PUCPR,,PreservedSpecimen
-48.47878,-25.69634,PUCPR,,PreservedSpecimen
-62.033333,-12.233333,RBGE,BR,PreservedSpecimen
-47.713333,-23.295,UNESP-RC,,PreservedSpecimen
-42.188889,-22.377778,UFS,,PreservedSpecimen
-51.176428,-28.944531,UCS,,PreservedSpecimen
101.7212995282,3.721287731,iNaturalist,MY,HumanObservation
121.5404666667,24.911655,iNaturalist,TW,HumanObservation
-72.498145,5.361413,ABC Colombia Somos Territorio (ABC),CO,HumanObservation
-72.494415,5.36353,ABC Colombia Somos Territorio (ABC),CO,HumanObservation
-48.22037,-21.8088766667,iNaturalist,BR,HumanObservation
110.3147966667,1.4020383333,iNaturalist,MY,HumanObservation
-84.009765625,10.4292259216,iNaturalist,CR,HumanObservation
-75.8190017166,4.8090039426,iNaturalist,CO,HumanObservation
-75.8151048,5.6096395,iNaturalist,CO,HumanObservation
-76.6348333333,3.7944747222,iNaturalist,CO,HumanObservation
-79.8254722729,-3.7585918853,iNaturalist,EC,HumanObservation
-49.236575,-16.7044716667,iNaturalist,BR,HumanObservation
-79.7584381104,-0.3365148604,iNaturalist,EC,HumanObservation
-83.86017,9.5336583333,iNaturalist,CR,HumanObservation
110.3214333333,1.399555,iNaturalist,MY,HumanObservation
-79.7354466096,-3.4727275471,iNaturalist,EC,HumanObservation
-73.0861445,6.7805133333,iNaturalist,CO,HumanObservation
-79.953597039,-3.4510101757,iNaturalist,EC,HumanObservation
-48.1311936,-21.7718927997,iNaturalist,BR,HumanObservation
-41.6312367832,-21.8100513872,iNaturalist,BR,HumanObservation
-78.7674017232,-0.0551574245,iNaturalist,EC,HumanObservation
-84.6073865833,9.5920330833,iNaturalist,CR,HumanObservation
-76.511305,18.199855,iNaturalist,JM,HumanObservation
-83.0418471667,9.0344111667,iNaturalist,CR,HumanObservation
-49.2834666667,-25.396995,iNaturalist,BR,HumanObservation
-70.58623554,19.19812239,iNaturalist,DO,HumanObservation
-43.436036161,-22.5854447951,iNaturalist,BR,HumanObservation
-71.5209808333,18.6044216111,iNaturalist,DO,HumanObservation
-60.1093013899,-3.0624140477,iNaturalist,BR,HumanObservation
-71.14945623,18.13702268,iNaturalist,DO,HumanObservation
-66.162675,18.1167695,iNaturalist,PR,HumanObservation
-87.638331,15.185659,iNaturalist,HN,HumanObservation
-65.6764421985,-16.7029838103,iNaturalist,BO,HumanObservation
-88.6300073611,14.7047559167,iNaturalist,HN,HumanObservation
-61.3555877342,-1.938587325,iNaturalist,BR,HumanObservation
-66.9391866667,18.1495278333,iNaturalist,PR,HumanObservation
-70.64222272,19.55034459,iNaturalist,DO,HumanObservation
-99.4161034013,21.9316821287,iNaturalist,MX,HumanObservation
-83.5238271997,9.7962991997,iNaturalist,CR,HumanObservation
-78.8445111111,-3.9579305556,iNaturalist,EC,HumanObservation
-96.4053983333,15.9266333333,iNaturalist,MX,HumanObservation
-73.0853784084,7.0657241213,iNaturalist,CO,HumanObservation
-66.042205812,18.3993313922,iNaturalist,PR,HumanObservation
-73.2554083333,-3.7628616667,iNaturalist,PE,HumanObservation
-76.4057216667,17.90683,iNaturalist,JM,HumanObservation
-79.7502768785,-3.6319718029,iNaturalist,EC,HumanObservation
-70.65358618,19.56480515,iNaturalist,DO,HumanObservation
-83.33657,8.4043866667,iNaturalist,CR,HumanObservation
-93.5876863,16.2262690997,iNaturalist,MX,HumanObservation
-55.3934833333,-20.524075,iNaturalist,BR,HumanObservation
-61.1664971667,10.679505,iNaturalist,TT,HumanObservation
-96.9473495278,19.4917926667,iNaturalist,MX,HumanObservation
-77.8610254079,-4.601006455,iNaturalist,PE,HumanObservation
-75.5779483333,4.72893,iNaturalist,CO,HumanObservation
-69.4560165278,19.2754478333,iNaturalist,DO,HumanObservation
-65.7865895,18.3004128,iNaturalist,PR,HumanObservation
-76.775696,-6.97842,iNaturalist,PE,HumanObservation
-79.757229031,-6.6329701967,iNaturalist,PE,HumanObservation
-65.8007194444,18.2657138889,iNaturalist,PR,HumanObservation
-65.8200257,18.3233114997,iNaturalist,PR,HumanObservation
-61.1665638333,10.67937,iNaturalist,TT,HumanObservation
-74.0225083333,18.3291916667,iNaturalist,HT,HumanObservation
-66.0351638333,18.0788638333,iNaturalist,PR,HumanObservation
-79.8909322545,-3.4980131491,iNaturalist,EC,HumanObservation
-60.6765248783,11.2350609553,iNaturalist,TT,HumanObservation
-46.4091167661,-23.6763258189,iNaturalist,BR,HumanObservation
-76.1232640631,-5.9005488649,iNaturalist,PE,HumanObservation
-70.6948816667,19.58204,iNaturalist,DO,HumanObservation
-90.2070083333,15.1954833333,iNaturalist,GT,HumanObservation
-91.5848916667,16.9912883333,iNaturalist,MX,HumanObservation
-75.8757761,0.0955384,iNaturalist,EC,HumanObservation
-66.0281666667,18.3596616667,iNaturalist,PR,HumanObservation
-75.3855438231,-11.1069250106,iNaturalist,PE,HumanObservation
-47.9262907895,-15.7385890297,iNaturalist,BR,HumanObservation
-70.6891083333,19.5686716667,iNaturalist,DO,HumanObservation
-96.9801866111,19.4350823611,iNaturalist,MX,HumanObservation
-48.438871411,-1.4242150347,iNaturalist,BR,HumanObservation
-96.830796,19.161355,iNaturalist,MX,HumanObservation
-78.95578344,-4.06492677,iNaturalist,EC,HumanObservation
-73.0869216667,7.0669069167,iNaturalist,CO,HumanObservation
-75.6582452138,4.5476959157,iNaturalist,CO,HumanObservation
-97.5588865693,20.0355345945,iNaturalist,MX,HumanObservation
-72.4888856336,7.8871473391,iNaturalist,CO,HumanObservation
-72.5999138889,18.2686638889,iNaturalist,HT,HumanObservation
-84.2734578475,10.01251852,iNaturalist,CR,HumanObservation
-70.233618,1.2521739,iNaturalist,CO,HumanObservation
-47.335723,-15.5499721997,iNaturalist,BR,HumanObservation
-84.0379764939,9.9448437777,iNaturalist,CR,HumanObservation
-66.7131946406,18.3282770082,iNaturalist,PR,HumanObservation
-72.9638981002,7.3537409456,iNaturalist,CO,HumanObservation
-45.0139466667,-23.4081033333,iNaturalist,BR,HumanObservation
-83.4931280682,8.5699364014,iNaturalist,CR,HumanObservation
-66.5413893115,18.3455393539,iNaturalist,PR,HumanObservation
-65.9241416667,18.2114716667,iNaturalist,PR,HumanObservation
-66.1091885161,18.121939514,iNaturalist,PR,HumanObservation
-78.8493652344,-0.3509550095,iNaturalist,EC,HumanObservation
-48.9077383333,-15.7911883333,iNaturalist,BR,HumanObservation
-78.2953361111,-1.4010805556,iNaturalist,EC,HumanObservation
-40.4669618234,-19.9442394072,iNaturalist,BR,HumanObservation
-66.5731972222,18.1651694444,iNaturalist,PR,HumanObservation
-66.7294866667,18.3351616667,iNaturalist,PR,HumanObservation
-76.111605,-5.91276,iNaturalist,PE,HumanObservation
-76.588745,3.6943333333,iNaturalist,CO,HumanObservation
-47.8566702828,-15.6725407271,iNaturalist,BR,HumanObservation
-87.0595944444,14.0302055556,iNaturalist,HN,HumanObservation
-68.758274205,-11.01406034,iNaturalist,BR,HumanObservation
-83.5639817389,9.8252167236,iNaturalist,CR,HumanObservation
-80.452003,25.558407,iNaturalist,US,HumanObservation
-61.4191333333,10.6396116667,iNaturalist,TT,HumanObservation
-61.557404,10.2074977,iNaturalist,TT,HumanObservation
-71.5018166667,-7.95052,iNaturalist,BR,HumanObservation
-47.807646999,-15.7991125239,iNaturalist,BR,HumanObservation
-73.2545634359,-3.7316835485,iNaturalist,PE,HumanObservation
-79.2204521472,0.4681426907,iNaturalist,EC,HumanObservation
-74.5967224,-8.3531814,iNaturalist,PE,HumanObservation
-47.903749086,-15.8742681805,iNaturalist,BR,HumanObservation
-55.6239805556,-20.4507777778,iNaturalist,BR,HumanObservation
-70.78913,19.0678861667,iNaturalist,DO,HumanObservation
-82.7402801511,8.8142585753,iNaturalist,PA,HumanObservation
-84.0507235138,9.9370245261,iNaturalist,CR,HumanObservation
-47.8939479589,-15.7292149135,iNaturalist,BR,HumanObservation
-85.2317926352,10.8617284428,iNaturalist,CR,HumanObservation
-80.6478566676,8.7994762313,iNaturalist,PA,HumanObservation
-81.3236916667,8.060125,iNaturalist,PA,HumanObservation
-76.9499133,-12.0720349997,iNaturalist,PE,HumanObservation
-84.0379764939,9.9448437777,iNaturalist,CR,HumanObservation
-48.0539195,-24.2358083333,iNaturalist,BR,HumanObservation
-66.5325374643,18.2623373094,iNaturalist,PR,HumanObservation
-65.7942333997,18.296938,iNaturalist,PR,HumanObservation
-47.8567202389,-15.672554608,iNaturalist,BR,HumanObservation
-73.30596408,-3.80632063,iNaturalist,PE,HumanObservation
-84.480301657,10.2387421816,iNaturalist,CR,HumanObservation
-84.110849686,9.8893167845,iNaturalist,CR,HumanObservation
-103.7255859167,19.3811530833,iNaturalist,MX,HumanObservation
-65.6829757243,-16.6984477952,iNaturalist,BO,HumanObservation
-61.6141888889,10.7349916667,iNaturalist,TT,HumanObservation
-79.2374493748,-6.6100162303,iNaturalist,PE,HumanObservation
-83.1912054,9.9248179,iNaturalist,CR,HumanObservation
-83.33448371,9.235896565,iNaturalist,CR,HumanObservation
-47.8566890582,-15.6726275632,iNaturalist,BR,HumanObservation
-65.789648704,18.2984934514,iNaturalist,PR,HumanObservation
-88.7758546944,17.2613063889,iNaturalist,BZ,HumanObservation
-47.8575862572,-15.6765729195,iNaturalist,BR,HumanObservation
-75.8187244087,4.8438603993,iNaturalist,CO,HumanObservation
-40.5082866667,-19.94898,iNaturalist,BR,HumanObservation
-77.524125,-10.88346684,iNaturalist,PE,HumanObservation
-71.1518545146,8.6004652687,iNaturalist,VE,HumanObservation
-61.557404,10.2074977,iNaturalist,TT,HumanObservation
-84.0450599803,9.9448365431,iNaturalist,CR,HumanObservation
-84.1243005,10.4165043,iNaturalist,CR,HumanObservation
-98.5893452168,21.1535771361,iNaturalist,MX,HumanObservation
-74.4912502,-11.4249157,iNaturalist,PE,HumanObservation
-47.8566937521,-15.6725384674,iNaturalist,BR,HumanObservation
-88.7967144325,14.767846166,iNaturalist,HN,HumanObservation
-47.8566266969,-15.672627886,iNaturalist,BR,HumanObservation
-73.5842506,3.8898441667,iNaturalist,CO,HumanObservation
-72.5999055556,18.2686416667,iNaturalist,HT,HumanObservation
-47.0702896155,-23.7639133655,iNaturalist,BR,HumanObservation
-84.7014587,10.4845635784,iNaturalist,CR,HumanObservation
-47.84932,-15.7531366667,iNaturalist,BR,HumanObservation
-80.2696425997,25.7124957997,iNaturalist,US,HumanObservation
-79.9647312479,-3.4443888704,iNaturalist,EC,HumanObservation
-47.9265975952,-15.7378616333,iNaturalist,BR,HumanObservation
-76.1103771721,-5.8924721461,iNaturalist,PE,HumanObservation
-46.8092592983,-23.6041106422,iNaturalist,BR,HumanObservation
-66.1619195,18.1168861667,iNaturalist,PR,HumanObservation
-66.96608,18.42082,iNaturalist,PR,HumanObservation
-88.97570715,17.09835928,iNaturalist,BZ,HumanObservation
-79.2132332232,0.4679668588,iNaturalist,EC,HumanObservation
-73.901016,18.40869,iNaturalist,HT,HumanObservation
-78.1976493448,0.2331554043,iNaturalist,EC,HumanObservation
-70.640195,19.5321983333,iNaturalist,DO,HumanObservation
-84.6025026,10.3312276,iNaturalist,CR,HumanObservation
-65.7946029772,18.3004353801,iNaturalist,PR,HumanObservation
-76.94356,-12.0566516667,iNaturalist,PE,HumanObservation
-74.3830813,18.5269891997,iNaturalist,HT,HumanObservation
-87.0480606705,14.027977345,iNaturalist,HN,HumanObservation
-81.3216628889,7.8494720278,iNaturalist,PA,HumanObservation
-75.5001111,5.08075,Universidad de Caldas (UCaldas),CO,HumanObservation
-63.4316666666667,-12.1905555555556,RON,BR,PreservedSpecimen
-64.6777777777778,-9.32111111111111,RON,BR,PreservedSpecimen
-40.794444,-19.014722,INMA,,PreservedSpecimen
-51.940997,-23.403539,UEM,,PreservedSpecimen
-67.0,-9.0,UFAC,,PreservedSpecimen
103.753407,1.367476,iNaturalist,SG,HumanObservation
-66.5885783333,18.1714966667,iNaturalist,PR,HumanObservation
98.1061540732,3.5513971961,iNaturalist,ID,HumanObservation
-93.4630889722,16.9248809722,iNaturalist,MX,HumanObservation
-39.466389,-13.207222,UFBA,,PreservedSpecimen
-73.24169,8.22575,Parques Nacionales Naturales de Colombia (PNN),,HumanObservation
-73.24169,8.22575,Parques Nacionales Naturales de Colombia (PNN),,HumanObservation
-66.9404966667,18.1583555,iNaturalist,PR,HumanObservation
-75.80745,4.6548383333,iNaturalist,CO,HumanObservation
-44.0674489,-19.9349817997,iNaturalist,BR,HumanObservation
-49.1793547222,-14.6398361111,iNaturalist,BR,HumanObservation
101.7357416667,3.7160333333,iNaturalist,MY,HumanObservation
-48.4994444,-1.4025,UnB,,PreservedSpecimen
-39.254444,-16.858333,MN,,PreservedSpecimen
-49.4130556,-28.5263889,FURB,,PreservedSpecimen
-66.3062801957,18.1866238983,iNaturalist,PR,HumanObservation
125.4054870605,6.8767476082,iNaturalist,PH,HumanObservation
-66.0354833333,18.0784195,iNaturalist,PR,HumanObservation
-77.0532083333,18.3928666667,iNaturalist,JM,HumanObservation
-75.8508333,4.5688889,Corporación Autónoma Regional del Quindío (CRQ),CO,HumanObservation
-75.8508333,4.5688889,Corporación Autónoma Regional del Quindío (CRQ),CO,HumanObservation
-75.8508333,4.5688889,Corporación Autónoma Regional del Quindío (CRQ),CO,HumanObservation
-75.8508333,4.5688889,Corporación Autónoma Regional del Quindío (CRQ),CO,HumanObservation
-66.2252883333,18.396995,iNaturalist,PR,HumanObservation
120.8849411,23.9174192997,iNaturalist,TW,HumanObservation
-79.8253116667,-3.7612833333,iNaturalist,EC,HumanObservation
-66.9388116667,18.1484805,iNaturalist,PR,HumanObservation
-90.4177731097,15.56903172,iNaturalist,GT,HumanObservation
-60.031944,-15.011111,UFMT,,PreservedSpecimen
-60.031944,-15.011111,UFMT,,PreservedSpecimen
-52.2383333333333,-24.7591666666667,EVB,BR,PreservedSpecimen
-54.5677777777778,-25.5025,EVB,BR,PreservedSpecimen
-41.6544444444444,-21.7605555555556,HUENF,BR,PreservedSpecimen
-42.0333333333333,-22.4166666666667,HUENF,BR,PreservedSpecimen
-52.3342551291,4.9412432906,iNaturalist,GF,HumanObservation
-73.1852598488,4.9525200505,iNaturalist,CO,HumanObservation
-75.2122,2.828866667,Universidad Surcolombiana (USCO),CO,HumanObservation
-75.14849147,9.96175006,PROMIGAS S.A. E.S.P. (Promigas),CO,HumanObservation
-75.15202778,9.95758333,PROMIGAS S.A. E.S.P. (Promigas),CO,HumanObservation
-75.13177778,9.96580556,PROMIGAS S.A. E.S.P. (Promigas),CO,HumanObservation
-65.75000015,18.0,K,PR,PreservedSpecimen
-66.6778334689,18.3388334011,K,PR,PreservedSpecimen
-73.3991104,6.9511434,Isagen S.A E.S.P (Isagen),CO,HumanObservation
-73.3991104,6.9511434,Isagen S.A E.S.P (Isagen),CO,HumanObservation
-73.3254317,7.1186867,Isagen S.A E.S.P (Isagen),CO,HumanObservation
-73.3861667,7.1056667,Isagen S.A E.S.P (Isagen),CO,HumanObservation
-73.3861667,7.1056667,Isagen S.A E.S.P (Isagen),CO,HumanObservation
-73.3525556,6.9926111,Isagen S.A E.S.P (Isagen),CO,HumanObservation
-73.3991104,6.9511434,Isagen S.A E.S.P (Isagen),CO,HumanObservation
-73.3991104,6.9511434,Isagen S.A E.S.P (Isagen),CO,HumanObservation
-73.3991104,6.9511434,Isagen S.A E.S.P (Isagen),CO,HumanObservation
-73.3991104,6.9511434,Isagen S.A E.S.P (Isagen),CO,HumanObservation
-73.3163263,7.1086233,Isagen S.A E.S.P (Isagen),CO,HumanObservation
-73.3719167,6.9932778,Isagen S.A E.S.P (Isagen),CO,HumanObservation
-73.3163263,7.1086233,Isagen S.A E.S.P (Isagen),CO,HumanObservation
-73.3163263,7.1086233,Isagen S.A E.S.P (Isagen),CO,HumanObservation
-73.3163263,7.1086233,Isagen S.A E.S.P (Isagen),CO,HumanObservation
-73.3163263,7.1086233,Isagen S.A E.S.P (Isagen),CO,HumanObservation
-73.3163263,7.1086233,Isagen S.A E.S.P (Isagen),CO,HumanObservation
-73.3163263,7.1086233,Isagen S.A E.S.P (Isagen),CO,HumanObservation
-73.3163263,7.1086233,Isagen S.A E.S.P (Isagen),CO,HumanObservation
-73.3163263,7.1086233,Isagen S.A E.S.P (Isagen),CO,HumanObservation
-74.055668,3.395901,Universidad de los Llanos (UniLlanos),CO,PreservedSpecimen
-74.02913889,3.3669444,Universidad de los Llanos (UniLlanos),CO,PreservedSpecimen
-74.044705,3.370971,Universidad de los Llanos (UniLlanos),CO,PreservedSpecimen
-74.04488889,3.3709722,Universidad de los Llanos (UniLlanos),CO,PreservedSpecimen
101.619161,3.299439,iNaturalist,MY,HumanObservation
-65.94998,18.2482133333,iNaturalist,PR,HumanObservation
-52.603434,5.0508689722,iNaturalist,GF,HumanObservation
-52.5063148404,4.8992166286,iNaturalist,GF,HumanObservation
-52.3992396596,4.7776598303,iNaturalist,GF,HumanObservation
-66.034972,18.399398,iNaturalist,PR,HumanObservation
-52.3343183286,4.9412033334,iNaturalist,GF,HumanObservation
-97.5197296143,20.0182514191,iNaturalist,MX,HumanObservation
-65.8168213592,18.3200046436,iNaturalist,PR,HumanObservation
-52.320447,4.7409999722,iNaturalist,GF,HumanObservation
-79.95,-1.7,QCA,EC,PreservedSpecimen
-78.983555,-2.305722,QCA,EC,PreservedSpecimen
-75.4,-0.916667,QCA,EC,PreservedSpecimen
-60.055444,-2.981,UFPB,,PreservedSpecimen
-40.1721403768225,-10.3939379871844,UNIVASF,,PreservedSpecimen
-61.048055149999996,-14.76222203,K,BO,PreservedSpecimen
123.90000018,0.56666678,K,ID,PreservedSpecimen
97.6666668,3.6666668,K,ID,PreservedSpecimen
-49.06666668,-11.71666681,K,BR,PreservedSpecimen
-55.21666671,5.85000017,K,SR,PreservedSpecimen
-67.1666667,-14.6666668,K,BO,PreservedSpecimen
-64.36666674,4.05000001,K,BR,PreservedSpecimen
-67.91305537000001,-14.423055459999999,K,BO,PreservedSpecimen
-60.23333338,5.68333347,K,GY,PreservedSpecimen
-63.53333344,-18.1666667,K,BO,PreservedSpecimen
-72.7788887,-11.86333313,K,PE,PreservedSpecimen
-54.10000002,-16.78333349,K,BR,PreservedSpecimen
-40.63527785,-19.925555489999997,K,BR,PreservedSpecimen
-61.05000001,5.98333353,K,GY,PreservedSpecimen
-63.6666668,-17.45833319,K,BO,PreservedSpecimen
-57.557499899999996,-19.22388873,K,BR,PreservedSpecimen
-46.265277399999995,-21.36611073,K,BR,PreservedSpecimen
-77.71222202,-6.99027778,K,PE,PreservedSpecimen
-62.03333334,-12.23333338,K,BR,PreservedSpecimen
-46.08333335,-23.41666675,K,BR,PreservedSpecimen
127.53333344,-0.7500001500000001,K,ID,PreservedSpecimen
-60.06666668,-3.05000001,K,BR,PreservedSpecimen
-37.88333351,-12.21666671,K,BR,PreservedSpecimen
-49.57166664,-16.16249968,K,BR,PreservedSpecimen
-46.54166654,-23.874999940000002,K,BR,PreservedSpecimen
-59.30000006,2.45000009,K,GY,PreservedSpecimen
-60.08333335,-2.31666673,K,BR,PreservedSpecimen
-63.18333337,3.55000011,K,BR,PreservedSpecimen
-38.91666685,-14.01666667,K,BR,PreservedSpecimen
105.5000001,-6.80000016,K,ID,PreservedSpecimen
-76.31111086,-6.4661107499999995,K,PE,PreservedSpecimen
-59.80000016,4.70000014,K,GY,PreservedSpecimen
-50.108333120000005,-16.081944030000002,K,BR,PreservedSpecimen
-60.28333339,4.80000016,K,GY,PreservedSpecimen
-63.5193334372,-18.170000034,K,BO,PreservedSpecimen
-68.06666668,-14.3333334,K,BO,PreservedSpecimen
-52.3207489722,4.7374299722,iNaturalist,GF,HumanObservation
-70.3691,18.8195066667,iNaturalist,DO,HumanObservation
-47.869345,-15.7336695,iNaturalist,BR,HumanObservation
125.8250985,7.4415802,iNaturalist,PH,HumanObservation
124.793242,10.7369933997,iNaturalist,PH,HumanObservation
-65.6957501333,18.3652453073,iNaturalist,PR,HumanObservation
-71.8085,4.94855,Corporación Autónoma Regional de la Orinoquia - Corporinoquia,CO,HumanObservation
-71.8085,4.94855,Corporación Autónoma Regional de la Orinoquia - Corporinoquia,CO,HumanObservation
-71.8085,4.94855,Corporación Autónoma Regional de la Orinoquia - Corporinoquia,CO,HumanObservation
-71.8085,4.94855,Corporación Autónoma Regional de la Orinoquia - Corporinoquia,CO,HumanObservation
-71.8085,4.94855,Corporación Autónoma Regional de la Orinoquia - Corporinoquia,CO,HumanObservation
-71.8085,4.94855,Corporación Autónoma Regional de la Orinoquia - Corporinoquia,CO,HumanObservation
-71.8085,4.94855,Corporación Autónoma Regional de la Orinoquia - Corporinoquia,CO,HumanObservation
-71.8085,4.94855,Corporación Autónoma Regional de la Orinoquia - Corporinoquia,CO,HumanObservation
-71.8085,4.94855,Corporación Autónoma Regional de la Orinoquia - Corporinoquia,CO,HumanObservation
-71.8085,4.94855,Corporación Autónoma Regional de la Orinoquia - Corporinoquia,CO,HumanObservation
-71.8085,4.94855,Corporación Autónoma Regional de la Orinoquia - Corporinoquia,CO,HumanObservation
-48.4555221,-1.2849922,NY,,PreservedSpecimen
120.75173579,23.45775545,iNaturalist,TW,HumanObservation
101.849252,3.407206,iNaturalist,MY,HumanObservation
123.01895672,0.72120012,iNaturalist,ID,HumanObservation
-55.14979876,5.83884107,iNaturalist,SR,HumanObservation
-78.4593416667,-1.3112466667,iNaturalist,EC,HumanObservation
-43.4356922,-22.6035222,iNaturalist,BR,HumanObservation
-66.0379111111,18.0799305556,iNaturalist,PR,HumanObservation
-75.672546,5.816892,ISA INTERCOLOMBIA E.S.P. S.A.,CO,HumanObservation
-75.672546,5.816892,ISA INTERCOLOMBIA E.S.P. S.A.,CO,HumanObservation
-75.672546,5.816892,ISA INTERCOLOMBIA E.S.P. S.A.,CO,HumanObservation
-75.672546,5.816892,ISA INTERCOLOMBIA E.S.P. S.A.,CO,HumanObservation
-75.672546,5.816892,ISA INTERCOLOMBIA E.S.P. S.A.,CO,HumanObservation
-75.672546,5.816892,ISA INTERCOLOMBIA E.S.P. S.A.,CO,HumanObservation
-61.1145716948,14.7657900866,Unknown,,HumanObservation
-43.58618163888889,-22.940439222222224,Unknown,,HumanObservation
-61.6317733333,16.1598366667,Unknown,,HumanObservation
-48.434779999999996,-1.297275,Unknown,,HumanObservation
-46.7220098712,-23.6326527363,Unknown,,HumanObservation
-76.368,-6.484136111111111,Unknown,,HumanObservation
-80.0259184837,8.6452685595,Unknown,,HumanObservation
-80.0258473472,8.6452948865,Unknown,,HumanObservation
-44.03166229,-19.90255197,Unknown,,HumanObservation
-69.505425,19.2500416667,Unknown,,HumanObservation
-45.6217575,-23.776485416666667,Unknown,,HumanObservation
-49.87312333333333,-23.768964999999998,Unknown,,HumanObservation
-75.58025358333333,5.8035997777777775,Unknown,,HumanObservation
-44.9619578,-20.1832880997,Unknown,,HumanObservation
-47.86319666666667,-23.973435,Unknown,,HumanObservation
-46.52170329972222,-21.357390899722223,Unknown,,HumanObservation
-43.20263166666667,-22.972536666666667,Unknown,,HumanObservation
-40.538575,-20.339458999999998,Unknown,,HumanObservation
-71.38742838888889,8.520325805555556,Unknown,,HumanObservation
-47.98086669972223,-15.912088999722222,Unknown,,HumanObservation
-43.34077412,-22.94439192,Unknown,,HumanObservation
-48.488621,-27.45198,Unknown,,HumanObservation
-81.52022222222222,8.152591666666668,Unknown,,HumanObservation
-48.43823305555555,-1.3845291666666666,Unknown,,HumanObservation
-43.45447,-22.714240999999998,Unknown,,HumanObservation
-44.03167646,-19.90267781,Unknown,,HumanObservation
-77.2751138416,18.2911328976,Unknown,,HumanObservation
-47.4190083333,-22.6207716667,Unknown,,HumanObservation
-47.764609972222225,-15.909250972222223,Unknown,,HumanObservation
-84.086156,9.9256093,Unknown,,HumanObservation
-82.455077,8.443203,Unknown,,HumanObservation
-46.7994715646,-23.6238643946,Unknown,,HumanObservation
-47.3353157,-15.5554035,Unknown,,HumanObservation
-46.759917505555556,-23.749300966666667,Unknown,,HumanObservation
-63.1964533333,-17.7641,Unknown,,HumanObservation
-49.289376999999995,-22.960495972222223,Unknown,,HumanObservation
-83.7938607763,9.2519231793,Unknown,,HumanObservation
106.8544964399,-6.6609733086,Unknown,,HumanObservation
-43.2591674756,-22.9472901206,Unknown,,HumanObservation
-46.7027133333,-23.1536533333,Unknown,,HumanObservation
-49.326095,-16.722925999999998,Unknown,,HumanObservation
-46.624119,-22.475842999999998,Unknown,,HumanObservation
-46.7376848658,-23.6125102402,Unknown,,HumanObservation
-43.90616,-19.9302933333,Unknown,,HumanObservation
-46.624921,-22.462422999999998,Unknown,,HumanObservation
-80.0258283,8.645173699999999,Unknown,,HumanObservation
-47.978571,-15.904432972222223,Unknown,,HumanObservation
-77.03701944444444,-12.077763888888889,Unknown,,HumanObservation
-67.83518778,-9.95599159,Unknown,,HumanObservation
-52.45724866666667,4.936422833333333,Unknown,,HumanObservation
-77.0196086,-12.1240675,Unknown,,HumanObservation
-54.5211111,-0.7291667,UEPA,,PreservedSpecimen
-51.6833333,-18.9166667,UFJ,,PreservedSpecimen
-65.8196633333,18.3753616667,iNaturalist,PR,HumanObservation
124.7729416667,1.6188083333,iNaturalist,ID,HumanObservation
101.454325,3.3148,iNaturalist,MY,HumanObservation
101.7277722,3.13299288,iNaturalist,MY,HumanObservation
101.8392295997,3.3998566,iNaturalist,MY,HumanObservation
124.7672283333,1.6199966667,iNaturalist,ID,HumanObservation
122.782881,-0.9533828,iNaturalist,ID,HumanObservation
-66.7621666667,18.1578333333,UTEP,,PreservedSpecimen
-88.7666666667,17.2166666667,UTEP,,PreservedSpecimen
101.75,3.4166666667,UTEP,,PreservedSpecimen
101.7533333333,3.1244444444,UTEP,,PreservedSpecimen
-66.0794444444,18.1233333333,UTEP,,PreservedSpecimen
-65.75,18.3333333333,UTEP,,PreservedSpecimen
-91.6148692,16.9596763,INECOL,MX,PreservedSpecimen
-92.4540535,16.8285713,INECOL,MX,PreservedSpecimen
-96.7355555,19.5363888,INECOL,MX,PreservedSpecimen
-97.2405479,19.9314653,INECOL,MX,PreservedSpecimen
-95.0632774,18.5940345,INECOL,MX,PreservedSpecimen
-92.1166666,15.4341666,INECOL,MX,PreservedSpecimen
-96.9319285,18.891795,GH,MX,PreservedSpecimen
-94.4302079,18.1423913,INECOL,MX,PreservedSpecimen
-95.0752333,18.5748916,INECOL,MX,PreservedSpecimen
-96.9822071,18.6754169,INECOL,MX,PreservedSpecimen
-96.9319285,18.891795,INECOL,MX,PreservedSpecimen
-96.7974809,18.6631955,INECOL,MX,PreservedSpecimen
-96.7666666,19.8666666,INECOL,MX,PreservedSpecimen
-98.1727906,20.2783913,INECOL,MX,PreservedSpecimen
-97.2166666,19.9666666,INECOL,MX,PreservedSpecimen
-103.0,19.8666666,INECOL,MX,PreservedSpecimen
-96.329414,17.668802,INECOL,MX,PreservedSpecimen
-95.0968892,18.6007008,INECOL,MX,PreservedSpecimen
-96.8585953,19.9256329,INECOL,MX,PreservedSpecimen
-91.3068069,16.8132953,INECOL,MX,PreservedSpecimen
-96.7958333,19.8869444,INECOL,MX,PreservedSpecimen
-95.0741109,18.5854238,INECOL,MX,PreservedSpecimen
-103.7504049,19.3173168,INECOL,MX,PreservedSpecimen
-96.7769253,18.9162384,INECOL,MX,PreservedSpecimen
-96.9319285,18.891795,GH,MX,PreservedSpecimen
-95.1783333,18.5777777,INECOL,MX,PreservedSpecimen
-94.7375,18.3333333,INECOL,MX,PreservedSpecimen
-105.0608333,21.2077777,INECOL,MX,PreservedSpecimen
-96.8333333,19.9333333,INECOL,MX,PreservedSpecimen
-97.256937,19.8975781,INECOL,MX,PreservedSpecimen
-97.1905477,20.4631062,INECOL,MX,PreservedSpecimen
-96.7,19.85,INECOL,MX,PreservedSpecimen
-103.755,19.3283333,INECOL,MX,PreservedSpecimen
-97.4166666,20.9833333,INECOL,MX,PreservedSpecimen
-95.0741109,18.5854238,INECOL,MX,PreservedSpecimen
-96.9219284,18.9181826,INECOL,MX,PreservedSpecimen
-105.0022222,21.5130555,INECOL,MX,PreservedSpecimen
-96.5833333,19.2333333,INECOL,MX,PreservedSpecimen
-97.0419315,19.3239955,INECOL,MX,PreservedSpecimen
-93.4321291,16.1119411,INECOL,MX,PreservedSpecimen
-91.775151,17.7471359,INECOL,MX,PreservedSpecimen
-92.7943375,15.7164067,Unknown,MX,PreservedSpecimen
-94.4354857,18.1385026,INECOL,MX,PreservedSpecimen
-98.4166666,20.6333333,INECOL,MX,PreservedSpecimen
-96.0166666,17.25,INECOL,MX,PreservedSpecimen
-105.2541666,20.5597222,INECOL,MX,PreservedSpecimen
-96.2099674,17.8610146,INECOL,MX,PreservedSpecimen
-92.1066666,15.505,INECOL,MX,PreservedSpecimen
-96.8833333,19.2166666,MNHN,MX,PreservedSpecimen
-93.4107396,16.0013913,INECOL,MX,PreservedSpecimen
-97.1052655,18.8490191,K,MX,PreservedSpecimen
-96.9319285,18.891795,MNHN,MX,PreservedSpecimen
-97.9136183,20.2256166,INECOL,MX,PreservedSpecimen
-95.0535472,18.5922638,INECOL,MX,PreservedSpecimen
-90.905,16.8075,INECOL,MX,PreservedSpecimen
-96.9,17.7333333,INECOL,MX,PreservedSpecimen
-96.8,19.4166666,INECOL,MX,PreservedSpecimen
-91.35,16.9166666,INECOL,MX,PreservedSpecimen
-96.6944245,19.5348189,INECOL,MX,PreservedSpecimen
-97.0699871,18.9279041,IBUNAM,MX,PreservedSpecimen
-97.4555525,19.9842402,INECOL,MX,PreservedSpecimen
-96.8333333,19.2,Unknown,MX,PreservedSpecimen
-97.0438763,19.4909317,INECOL,MX,PreservedSpecimen
-96.9169282,18.8840176,INECOL,MX,PreservedSpecimen
-92.7943375,15.7164067,Unknown,MX,PreservedSpecimen
-97.1038766,18.8504079,MNHN,MX,PreservedSpecimen
-96.7769253,18.9162384,INECOL,MX,PreservedSpecimen
-96.9319285,18.891795,GH,MX,PreservedSpecimen
-92.0690449,16.3910943,INECOL,MX,PreservedSpecimen
-95.0229985,18.4368203,INECOL,MX,PreservedSpecimen
-104.9388888,21.3888888,INECOL,MX,PreservedSpecimen
-97.1038766,18.8504079,K,MX,PreservedSpecimen
-93.3710166,16.0647213,INECOL,MX,PreservedSpecimen
-97.4236075,20.0039615,INECOL,MX,PreservedSpecimen
-95.0486111,18.5408333,INECOL,MX,PreservedSpecimen
-105.0212659,19.9797808,INECOL,MX,PreservedSpecimen
-105.4262472,20.3836888,INECOL,MX,PreservedSpecimen
-98.2166666,20.2833333,INECOL,MX,PreservedSpecimen
-96.9319285,18.891795,GH,MX,PreservedSpecimen
-95.05,18.5316666,INECOL,MX,PreservedSpecimen
-95.0486111,18.5408333,INECOL,MX,PreservedSpecimen
-96.8802613,19.213168,Unknown,MX,PreservedSpecimen
-97.1661111,19.8077777,INECOL,MX,PreservedSpecimen
-94.6916024,18.2621071,INECOL,MX,PreservedSpecimen
-92.1383333,16.93,INECOL,MX,PreservedSpecimen
-98.8845611,18.4645166,INECOL,MX,PreservedSpecimen
-103.0,19.8666666,INECOL,MX,PreservedSpecimen
-94.5466666,17.279999999999998,INECOL,MX,PreservedSpecimen
-96.8269262,18.8423531,INECOL,MX,PreservedSpecimen
-97.0441531,18.916238,INECOL,MX,PreservedSpecimen
-90.8788888,16.7388888,INECOL,MX,PreservedSpecimen
-92.3168286,17.1674429,INECOL,MX,PreservedSpecimen
-97.1038766,18.8504079,K,MX,PreservedSpecimen
-97.4847199,20.0120165,INECOL,MX,PreservedSpecimen
-93.0051768,17.3457666,INECOL,MX,PreservedSpecimen
-85.7916666,13.275,INECOL,NI,PreservedSpecimen
-93.4533333,16.8733333,INECOL,MX,PreservedSpecimen
-96.9605406,19.1503932,INECOL,MX,PreservedSpecimen
-97.1038766,18.8504079,Unknown,MX,PreservedSpecimen
-95.0229985,18.4368203,INECOL,MX,PreservedSpecimen
-96.6833333,19.5333333,INECOL,MX,PreservedSpecimen
-96.9277629,19.5406517,INECOL,MX,PreservedSpecimen
-96.9871777,19.4029611,INECOL,MX,PreservedSpecimen
-104.4373641,19.6123005,INECOL,MX,PreservedSpecimen
-97.2516592,19.9267433,INECOL,MX,PreservedSpecimen
-97.3197222,20.9111111,INECOL,MX,PreservedSpecimen
-97.6702793,19.9706294,INECOL,MX,PreservedSpecimen
-92.2666666,17.1,INECOL,MX,PreservedSpecimen
-96.9455396,18.7137483,INECOL,MX,PreservedSpecimen
-104.95,22.0,INECOL,MX,PreservedSpecimen
-97.0699871,18.9279041,IBUNAM,MX,PreservedSpecimen
-86.1666666,13.25,INECOL,NI,PreservedSpecimen
-97.8533392,20.2495044,INECOL,MX,PreservedSpecimen
-96.7769253,18.9162384,INECOL,MX,PreservedSpecimen
-90.9267984,16.1208314,INECOL,MX,PreservedSpecimen
-93.1168452,16.7535746,INECOL,MX,PreservedSpecimen
-101.5386111,17.6288888,INECOL,MX,PreservedSpecimen
-96.675257,19.2006689,Unknown,MX,PreservedSpecimen
-97.0835984,18.8506857,Unknown,MX,PreservedSpecimen
-92.1207135,17.2643826,INECOL,MX,PreservedSpecimen
-97.1038766,18.8504079,Unknown,MX,PreservedSpecimen
-97.4016027,20.0966416,INECOL,MX,PreservedSpecimen
-103.6004416,18.7788277,INECOL,MX,PreservedSpecimen
-95.1896689,18.5348706,INECOL,MX,PreservedSpecimen
-92.0834902,16.9007902,INECOL,MX,PreservedSpecimen
-93.0051768,17.3457666,INECOL,MX,PreservedSpecimen
-96.9041498,18.6654175,INECOL,MX,PreservedSpecimen
-97.6269449,19.8972997,INECOL,MX,PreservedSpecimen
-96.3336111,17.7166666,INECOL,MX,PreservedSpecimen
-94.4159365,18.0875621,ERM,MX,HumanObservation
-94.4110438,18.0865859,ERM,MX,HumanObservation
124.8376216667,1.3709633333,iNaturalist,ID,HumanObservation
103.7233194444,1.4180916667,iNaturalist,SG,HumanObservation
-66.8349783333,18.1031833333,iNaturalist,PR,HumanObservation
103.725583,1.358182,iNaturalist,SG,HumanObservation
-76.392088,8.278988,ISA INTERCOLOMBIA E.S.P. S.A.,CO,HumanObservation
-76.392088,8.278988,ISA INTERCOLOMBIA E.S.P. S.A.,CO,HumanObservation
-76.392088,8.278988,ISA INTERCOLOMBIA E.S.P. S.A.,CO,HumanObservation
-76.392088,8.278988,ISA INTERCOLOMBIA E.S.P. S.A.,CO,HumanObservation
-72.470786,5.407637,Ecopetrol S.A.,CO,HumanObservation
-72.471943,5.405011,Ecopetrol S.A.,CO,HumanObservation
-72.471184,5.407503,Ecopetrol S.A.,CO,HumanObservation
-72.470855,5.397704,Ecopetrol S.A.,CO,HumanObservation
-72.472247,5.405483,Ecopetrol S.A.,CO,HumanObservation
-72.472113,5.405338,Ecopetrol S.A.,CO,HumanObservation
-72.472113,5.405338,Ecopetrol S.A.,CO,HumanObservation
-88.766667,17.283333,WIS,BZ,PreservedSpecimen
-96.333333,17.716667,WIS,MX,PreservedSpecimen
-66.808056,18.156667,WIS,PR,PreservedSpecimen
-93.066667,17.533333,WIS,MX,PreservedSpecimen
-99.0,21.166667,WIS,MX,PreservedSpecimen
-95.066667,18.483333,WIS,MX,PreservedSpecimen
-104.240278,19.66,WIS,MX,PreservedSpecimen
-61.75,3.75,WIS,BR,PreservedSpecimen
-59.95,2.366667,WIS,BR,PreservedSpecimen
-78.15,-3.183333,WIS,EC,PreservedSpecimen
-95.033333,18.533333,WIS,MX,PreservedSpecimen
-95.216667,18.183333,WIS,MX,PreservedSpecimen
-101.102528,18.027861,WIS,MX,PreservedSpecimen
-84.033333,10.4,WIS,CR,PreservedSpecimen
-73.616667,10.566667,WIS,CO,PreservedSpecimen
-104.086389,19.636111,WIS,MX,PreservedSpecimen
-84.0,10.416667,WIS,CR,PreservedSpecimen
-78.7745694552,0.0792097838,iNaturalist,EC,HumanObservation
-53.005327,5.355056,iNaturalist,GF,HumanObservation
-64.856888,17.734288,MARY,US,PreservedSpecimen
103.7885690108,1.4155101448,iNaturalist,SG,HumanObservation
120.8819694444,23.91915,iNaturalist,TW,HumanObservation
-43.2465583333,-22.9655033333,iNaturalist,BR,HumanObservation
-39.413611,-17.141111,UFBA,,PreservedSpecimen
-39.413611,-17.141111,UFBA,,PreservedSpecimen
-39.976389,-16.396944,UFBA,,PreservedSpecimen
-76.350146,17.956719,MWCF,JM,PreservedSpecimen
-76.349975,17.956811,MWCF,JM,PreservedSpecimen
-76.350146,17.956719,MWCF,JM,PreservedSpecimen
-76.350254,17.956872,MWCF,JM,PreservedSpecimen
101.65526,3.129086,NHA,MY,PreservedSpecimen
-47.85,-15.866667,JBB,,PreservedSpecimen
-44.836389,-17.1725,JBB,,PreservedSpecimen
-47.5625,-15.4375,JBB,,PreservedSpecimen
-48.116667,-15.55,JBB,,PreservedSpecimen
-47.961361,-15.914639,JBB,,PreservedSpecimen
-47.85,-15.866667,JBB,,PreservedSpecimen
-47.85,-15.866667,JBB,,PreservedSpecimen
-47.85,-15.866667,JBB,,PreservedSpecimen
-47.85,-15.866667,JBB,,PreservedSpecimen
-47.85,-15.866667,JBB,,PreservedSpecimen
-47.85,-15.866667,JBB,,PreservedSpecimen
-43.516111,-19.2575,JBB,,PreservedSpecimen
-39.1265,-14.481417,JBB,,PreservedSpecimen
-47.85,-15.866667,JBB,,PreservedSpecimen
-49.942222,-27.334444,JBB,,PreservedSpecimen
-47.85,-15.866667,JBB,,PreservedSpecimen
-47.85,-15.866667,JBB,,PreservedSpecimen
-47.840278,-15.887222,JBB,,PreservedSpecimen
-43.611944,-19.314167,JBB,,PreservedSpecimen
-47.926061,-15.739069,JBB,,PreservedSpecimen
-47.85,-15.866667,JBB,,PreservedSpecimen
-44.433333,-13.533333,JBB,,PreservedSpecimen
-70.5950521,19.1526408,iNaturalist,DO,HumanObservation
97.6528552815,3.6694421328,iNaturalist,ID,HumanObservation
-71.3669712469,19.3492773533,iNaturalist,DO,HumanObservation
-79.9074263234,-1.3645840419,iNaturalist,EC,HumanObservation
103.7957066,1.4040174,iNaturalist,SG,HumanObservation
103.795281,1.4018713,iNaturalist,SG,HumanObservation
120.8888282,23.9202365,iNaturalist,TW,HumanObservation
122.7864081,-0.9629259,iNaturalist,ID,HumanObservation
-47.8846109193,-15.7418256514,iNaturalist,BR,HumanObservation
122.8533133333,-1.4914816667,iNaturalist,ID,HumanObservation
-47.9263294,-15.7385535,iNaturalist,BR,HumanObservation
-47.9268538997,-15.7378683,iNaturalist,BR,HumanObservation
-72.873703,4.498016,Geopark Colombia S.A.S. (Geopark),CO,HumanObservation
-72.967155,4.490968,Geopark Colombia S.A.S. (Geopark),CO,HumanObservation
-72.970941,4.446611,Geopark Colombia S.A.S. (Geopark),CO,HumanObservation
-72.957854,4.425544,Geopark Colombia S.A.S. (Geopark),CO,HumanObservation
-72.937602,4.255335,Geopark Colombia S.A.S. (Geopark),CO,HumanObservation
-67.019583,18.189444,K,PR,PreservedSpecimen
-75.2701488,2.8981773,Universidad Surcolombiana (USCO),CO,HumanObservation
-101.4607694,19.2113528,MO,MX,PreservedSpecimen
-78.466667,0.8333,HUTN,Ec,PreservedSpecimen
-78.583333,0.1333,HUTN,Ec,PreservedSpecimen
-78.583333,0.1333,HUTN,Ec,PreservedSpecimen
-71.838417,-8.584778,UFAC,,PreservedSpecimen
-47.946389,-18.165833,UFG,,PreservedSpecimen
-74.9444372,5.5877761,ISAGEN S.A E.S.P (ISAGEN),CO,HumanObservation
-74.9444372,5.5877761,ISAGEN S.A E.S.P (ISAGEN),CO,HumanObservation
-74.9432685,5.5834474,ISAGEN S.A E.S.P (ISAGEN),CO,HumanObservation
-74.9432685,5.5834474,ISAGEN S.A E.S.P (ISAGEN),CO,HumanObservation
-74.9432685,5.5834474,ISAGEN S.A E.S.P (ISAGEN),CO,HumanObservation
-74.9431597,5.5795706,ISAGEN S.A E.S.P (ISAGEN),CO,HumanObservation
-74.9431597,5.5795706,ISAGEN S.A E.S.P (ISAGEN),CO,HumanObservation
-74.9431597,5.5795706,ISAGEN S.A E.S.P (ISAGEN),CO,HumanObservation
-74.9499762,5.6017476,ISAGEN S.A E.S.P (ISAGEN),CO,HumanObservation
-74.9499762,5.6017476,ISAGEN S.A E.S.P (ISAGEN),CO,HumanObservation
-74.9499762,5.6017476,ISAGEN S.A E.S.P (ISAGEN),CO,HumanObservation
-74.9499762,5.6017476,ISAGEN S.A E.S.P (ISAGEN),CO,HumanObservation
-74.9499762,5.6017476,ISAGEN S.A E.S.P (ISAGEN),CO,HumanObservation
-74.9499762,5.6017476,ISAGEN S.A E.S.P (ISAGEN),CO,HumanObservation
-74.9499762,5.6017476,ISAGEN S.A E.S.P (ISAGEN),CO,HumanObservation
-74.9499762,5.6017476,ISAGEN S.A E.S.P (ISAGEN),CO,HumanObservation
-74.9499762,5.6017476,ISAGEN S.A E.S.P (ISAGEN),CO,HumanObservation
-74.9460047,5.5998462,ISAGEN S.A E.S.P (ISAGEN),CO,HumanObservation
-74.9460047,5.5998462,ISAGEN S.A E.S.P (ISAGEN),CO,HumanObservation
-74.9419908,5.3141105,ISAGEN S.A E.S.P (ISAGEN),CO,HumanObservation
103.7775,1.3402777778,iNaturalist,SG,HumanObservation
-69.078086853,-12.607465744,NABU|naturgucker,PE,HumanObservation
-69.078086853,-12.607465744,NABU|naturgucker,PE,HumanObservation
-79.1030297365,-0.273057948,iNaturalist,EC,HumanObservation
124.8206490745,1.167514706,iNaturalist,ID,HumanObservation
-78.8914726,-3.9161662997,iNaturalist,EC,HumanObservation
-79.8006481524,-0.3338711679,iNaturalist,EC,HumanObservation
-78.9408314409,0.000333574,iNaturalist,EC,HumanObservation
-66.7162866667,18.3295383333,iNaturalist,PR,HumanObservation
-79.7013666591,-0.3362336956,iNaturalist,EC,HumanObservation
-70.8238621429,19.7328613025,iNaturalist,DO,HumanObservation
-79.70325381,-0.3442638394,iNaturalist,EC,HumanObservation
-79.6663083333,0.3744722222,iNaturalist,EC,HumanObservation
-78.3965183333,-1.3939433333,iNaturalist,EC,HumanObservation
-79.03900648,-2.89138758,iNaturalist,EC,HumanObservation
124.8710058546,1.3449341175,iNaturalist,ID,HumanObservation
-66.1347434742,18.4076868363,iNaturalist,PR,HumanObservation
99.0292412415,1.8717643808,iNaturalist,ID,HumanObservation
-79.1043413009,-0.2728108843,iNaturalist,EC,HumanObservation
-78.364738536,-0.0680325253,iNaturalist,EC,HumanObservation
-78.3493612564,-1.3993216059,iNaturalist,EC,HumanObservation
-39.583333,-14.85,UFBA,,PreservedSpecimen
-43.6775,-19.8225,UFBA,,PreservedSpecimen
-35.5833333,-8.5,UnB,,PreservedSpecimen
-39.674361,-7.22325,URCA,,PreservedSpecimen
-39.674361,-7.22325,URCA,,PreservedSpecimen
-48.129167,-18.716667,MN,,PreservedSpecimen
-52.7333333,-21.1522222,UFMS,,PreservedSpecimen
-55.2625,-20.4619444,UFMS,,PreservedSpecimen
-39.413611,-17.141111,UEFS,,PreservedSpecimen
-47.665277,-15.596111,Cenargen,,PreservedSpecimen
-39.0591666666667,-14.7663888888889,ALCB,BR,PreservedSpecimen
-39.4755555555556,-12.8536111111111,ALCB,BR,PreservedSpecimen
-42525.0,-14.4513888888889,ALCB,BR,PreservedSpecimen
-37.8366666666667,-12.0538888888889,ALCB,BR,PreservedSpecimen
-39.5666666666667,-16.3666666666667,ALCB,BR,PreservedSpecimen
-38.4527777777778,-12.8005555555556,ALCB,BR,PreservedSpecimen
-39.5666666666667,-16.3666666666667,ALCB,BR,PreservedSpecimen
-71.5666666666667,-7.75,ALCB,BR,PreservedSpecimen
-39.5166666666667,-12.9333333333333,ALCB,BR,PreservedSpecimen
-43.0136111111111,-22.4619444444444,VIES,BR,PreservedSpecimen
-49.8758333333333,-25.3775,HCF,BR,PreservedSpecimen
-49.3513888888889,-25.615,HCF,BR,PreservedSpecimen
-48.5713888888889,-24.2983333333333,HCF,BR,PreservedSpecimen
-49.9975,-23.1444444444444,HCF,BR,PreservedSpecimen
-49.2658333333333,-24.8108333333333,HCF,BR,PreservedSpecimen
-53.9555555555556,-25.3069444444444,HCF,BR,PreservedSpecimen
-51.7977777777778,-25.1502777777778,HCF,BR,PreservedSpecimen
-52.3108333333333,-24.2083333333333,HCF,BR,PreservedSpecimen
-51.5683333333333,-25.0458333333333,HCF,BR,PreservedSpecimen
-52.4233333333333,-24.2519444444444,HCF,BR,PreservedSpecimen
-52.2680555555556,-24.5777777777778,HCF,BR,PreservedSpecimen
-43.5422222222222,-20.2436111111111,SAMES,BR,PreservedSpecimen
-52.2383333333333,-24.7425,HCF,BR,PreservedSpecimen
-54.0044444444444,-25.4461111111111,HCF,BR,PreservedSpecimen
-49.0038888888889,-25.3305555555556,HCF,BR,PreservedSpecimen
-53.0316666666667,-24.0675,HCF,BR,PreservedSpecimen
-51.9541666666667,-24.3702777777778,HCF,BR,PreservedSpecimen
-50.0725,-27.285,HCF,BR,PreservedSpecimen
-52.0133333333333,-23.8680555555556,HCF,BR,PreservedSpecimen
-52.5755555555556,-24.6988888888889,HCF,BR,PreservedSpecimen
-51.8619444444444,-25.9169444444444,HCF,BR,PreservedSpecimen
-54.0225,-25.4652777777778,HCF,BR,PreservedSpecimen
-54.0238888888889,-25.4722222222222,HCF,BR,PreservedSpecimen
-52.4508333333333,-24.2811111111111,HCF,BR,PreservedSpecimen
-52.4502777777778,-24.2825,HCF,BR,PreservedSpecimen
-52.575,-24.5058333333333,HCF,BR,PreservedSpecimen
-53.2669444444444,-25.6480555555556,HCF,BR,PreservedSpecimen
-49.685,-28.9155555555556,JOI,BR,PreservedSpecimen
-47.8241666666667,-13.6441666666667,FLOR,BR,PreservedSpecimen
-42.7558333333333,-22.4661111111111,R,BR,PreservedSpecimen
-34.9833333333333,-8.06416666666667,R,BR,PreservedSpecimen
-43.7083333333333,-22.5961111111111,R,BR,PreservedSpecimen
-50.0227777777778,-25.2327777777778,R,BR,PreservedSpecimen
-50.0227777777778,-25.2327777777778,R,BR,PreservedSpecimen
-47.8466666666667,-15.8744444444444,R,BR,PreservedSpecimen
-47.4661111111111,-14.1822222222222,R,BR,PreservedSpecimen
-47.8286111111111,-14.1622222222222,R,BR,PreservedSpecimen
-55.8302777777778,-15.4080555555556,R,BR,PreservedSpecimen
-48.1291666666667,-18.0119444444444,R,BR,PreservedSpecimen
-55.7438888888889,-15.4591666666667,R,BR,PreservedSpecimen
-47.8438888888889,-15.8811111111111,R,BR,PreservedSpecimen
-48.9963888888889,-15.8297222222222,R,BR,PreservedSpecimen
-47.88,-15.9402777777778,R,BR,PreservedSpecimen
-47.88,-15.9402777777778,R,BR,PreservedSpecimen
-47.6652777777778,-15.5961111111111,CEN,,PreservedSpecimen
-51.8619444444444,-25.9169444444444,MBM,BR,PreservedSpecimen
-50.4211111111111,-16.935,CEN,BR,PreservedSpecimen
-49.9975,-23.1447222222222,MBM,BR,PreservedSpecimen
-52.7369444444444,-21.7355555555556,HUEFS,BR,PreservedSpecimen
-54.3416770865,5.1545550158,iNaturalist,GF,HumanObservation
-66.3031916667,18.1460111667,iNaturalist,PR,HumanObservation
-78.4369972222,-1.3956527778,iNaturalist,EC,HumanObservation
-89.5434916667,-0.8913305556,iNaturalist,EC,HumanObservation
-75.0027052,6.3485862,Isagen S.A E.S.P (Isagen),CO,HumanObservation
-72.042268,5.906912,Parex Resources (Colombia) AG Sucursal,CO,HumanObservation
-72.066405,5.878432,Parex Resources (Colombia) AG Sucursal,CO,HumanObservation
-72.064096,5.883215,Parex Resources (Colombia) AG Sucursal,CO,HumanObservation
-72.052232,5.907823,Parex Resources (Colombia) AG Sucursal,CO,HumanObservation
-72.120397,5.659919,Parex Resources (Colombia) AG Sucursal,CO,HumanObservation
-72.140337,5.82419,Parex Resources (Colombia) AG Sucursal,CO,HumanObservation
-72.120369,5.830428,Parex Resources (Colombia) AG Sucursal,CO,HumanObservation
-72.150674,5.834472,Parex Resources (Colombia) AG Sucursal,CO,HumanObservation
-72.134593,5.835465,Parex Resources (Colombia) AG Sucursal,CO,HumanObservation
-72.088271,5.861208,Parex Resources (Colombia) AG Sucursal,CO,HumanObservation
-72.144314,5.832528,Parex Resources (Colombia) AG Sucursal,CO,HumanObservation
-72.31418,5.590689,Parex Resources (Colombia) AG Sucursal,CO,HumanObservation
-72.150674,5.834472,Parex Resources (Colombia) AG Sucursal,CO,HumanObservation
-72.145939,5.834548,Parex Resources (Colombia) AG Sucursal,CO,HumanObservation
-72.314945,5.571437,Parex Resources (Colombia) AG Sucursal,CO,HumanObservation
-72.294452,5.596743,Parex Resources (Colombia) AG Sucursal,CO,HumanObservation
-72.069502,5.885827,Parex Resources (Colombia) AG Sucursal,CO,HumanObservation
-72.069502,5.885827,Parex Resources (Colombia) AG Sucursal,CO,HumanObservation
-72.058068,5.897536,Parex Resources (Colombia) AG Sucursal,CO,HumanObservation
-72.056459,5.895406,Parex Resources (Colombia) AG Sucursal,CO,HumanObservation
-72.14357,5.870902,Parex Resources (Colombia) AG Sucursal,CO,HumanObservation
-72.14357,5.870902,Parex Resources (Colombia) AG Sucursal,CO,HumanObservation
-72.14357,5.870902,Parex Resources (Colombia) AG Sucursal,CO,HumanObservation
-72.072362,5.822431,Parex Resources (Colombia) AG Sucursal,CO,HumanObservation
-72.15386,5.816783,Parex Resources (Colombia) AG Sucursal,CO,HumanObservation
-72.15386,5.816783,Parex Resources (Colombia) AG Sucursal,CO,HumanObservation
-72.15386,5.816783,Parex Resources (Colombia) AG Sucursal,CO,HumanObservation
-72.15386,5.816783,Parex Resources (Colombia) AG Sucursal,CO,HumanObservation
-72.15386,5.816783,Parex Resources (Colombia) AG Sucursal,CO,HumanObservation
-72.14993,5.784306,Parex Resources (Colombia) AG Sucursal,CO,HumanObservation
-72.14993,5.784306,Parex Resources (Colombia) AG Sucursal,CO,HumanObservation
-72.137876,5.845266,Parex Resources (Colombia) AG Sucursal,CO,HumanObservation
-72.129314,5.857768,Parex Resources (Colombia) AG Sucursal,CO,HumanObservation
-72.072362,5.822431,Parex Resources (Colombia) AG Sucursal,CO,HumanObservation
-72.141121,5.789239,Parex Resources (Colombia) AG Sucursal,CO,HumanObservation
-72.141121,5.789239,Parex Resources (Colombia) AG Sucursal,CO,HumanObservation
-66.0630195,18.39498,iNaturalist,PR,HumanObservation
-73.67575,2.97208,Universidad de los Llanos (UniLlanos),CO,PreservedSpecimen
-66.5897861111,18.1697472222,iNaturalist,PR,HumanObservation
-47.8847976416,-15.7428639456,iNaturalist,BR,HumanObservation
-79.4400472222,-4.4062472222,iNaturalist,EC,HumanObservation
-66.0866166667,18.2035083333,iNaturalist,PR,HumanObservation
-82.8333333333,8.95,CAS,,PreservedSpecimen
103.7782516667,1.403715,iNaturalist,SG,HumanObservation
-84.1637486639,10.2069598211,iNaturalist,CR,HumanObservation
-77.8109820468,-0.7045544882,iNaturalist,EC,HumanObservation
-79.3822219413,-6.6249687932,iNaturalist,PE,HumanObservation
-79.3825116086,-6.6244829872,iNaturalist,PE,HumanObservation
-73.352556,6.992611,Isagen S.A E.S.P (Isagen),CO,HumanObservation
-73.352556,6.992611,Isagen S.A E.S.P (Isagen),CO,HumanObservation
-73.316326,7.108623,Isagen S.A E.S.P (Isagen),CO,HumanObservation
-73.316326,7.108623,Isagen S.A E.S.P (Isagen),CO,HumanObservation
-73.316326,7.108623,Isagen S.A E.S.P (Isagen),CO,HumanObservation
-73.316326,7.108623,Isagen S.A E.S.P (Isagen),CO,HumanObservation
-73.316326,7.108623,Isagen S.A E.S.P (Isagen),CO,HumanObservation
-73.316326,7.108623,Isagen S.A E.S.P (Isagen),CO,HumanObservation
-73.316326,7.108623,Isagen S.A E.S.P (Isagen),CO,HumanObservation
-73.316326,7.108623,Isagen S.A E.S.P (Isagen),CO,HumanObservation
-73.39911,6.951143,Isagen S.A E.S.P (Isagen),CO,HumanObservation
-73.39911,6.951143,Isagen S.A E.S.P (Isagen),CO,HumanObservation
-73.39911,6.951143,Isagen S.A E.S.P (Isagen),CO,HumanObservation
-73.39911,6.951143,Isagen S.A E.S.P (Isagen),CO,HumanObservation
-73.39911,6.951143,Isagen S.A E.S.P (Isagen),CO,HumanObservation
-73.39911,6.951143,Isagen S.A E.S.P (Isagen),CO,HumanObservation
-73.39911,6.951143,Isagen S.A E.S.P (Isagen),CO,HumanObservation
-73.39911,6.951143,Isagen S.A E.S.P (Isagen),CO,HumanObservation
-73.39911,6.951143,Isagen S.A E.S.P (Isagen),CO,HumanObservation
-73.352556,6.992611,Isagen S.A E.S.P (Isagen),CO,HumanObservation
-73.371917,6.993278,Isagen S.A E.S.P (Isagen),CO,HumanObservation
-73.325432,7.118687,Isagen S.A E.S.P (Isagen),CO,HumanObservation
-73.325432,7.118687,Isagen S.A E.S.P (Isagen),CO,HumanObservation
-73.39911,6.951143,Isagen S.A E.S.P (Isagen),CO,HumanObservation
-73.39911,6.951143,Isagen S.A E.S.P (Isagen),CO,HumanObservation
-73.39911,6.951143,Isagen S.A E.S.P (Isagen),CO,HumanObservation
-73.39911,6.951143,Isagen S.A E.S.P (Isagen),CO,HumanObservation
-73.39911,6.951143,Isagen S.A E.S.P (Isagen),CO,HumanObservation
-73.325432,7.118687,Isagen S.A E.S.P (Isagen),CO,HumanObservation
-73.388048,6.974048,Isagen S.A E.S.P (Isagen),CO,HumanObservation
-73.400275,7.012372,Isagen S.A E.S.P (Isagen),CO,HumanObservation
-73.388048,6.974048,Isagen S.A E.S.P (Isagen),CO,HumanObservation
-73.388048,6.974048,Isagen S.A E.S.P (Isagen),CO,HumanObservation
-73.325432,7.118687,Isagen S.A E.S.P (Isagen),CO,HumanObservation
-73.388048,6.974048,Isagen S.A E.S.P (Isagen),CO,HumanObservation
-73.316326,7.108623,Isagen S.A E.S.P (Isagen),CO,HumanObservation
-73.385083,7.101417,Isagen S.A E.S.P (Isagen),CO,HumanObservation
-44.7,-22.07,JBRJ,BR,PreservedSpecimen
-44.7,-22.07,JBRJ,BR,PreservedSpecimen
-44.7,-22.07,JBRJ,BR,PreservedSpecimen
-51.8619444,-25.9169445,MBM,,PreservedSpecimen
-51.2175,-21.5772223,MBM,,PreservedSpecimen
-49.9975,-23.1447222,MBM,,PreservedSpecimen
-43.2780556,-22.9608333,MBM,,PreservedSpecimen
-51.5608333,-21.4941666,MBM,,PreservedSpecimen
-43.013611,-22.461944,MN,,PreservedSpecimen
-43.278056,-22.960833,MN,,PreservedSpecimen
-43.708333,-22.596111,MN,,PreservedSpecimen
-50.022778,-25.232778,MN,,PreservedSpecimen
-50.022778,-25.232778,MN,,PreservedSpecimen
-47.846667,-15.874444,MN,,PreservedSpecimen
-47.843889,-15.881111,MN,,PreservedSpecimen
-47.88,-15.940278,MN,,PreservedSpecimen
-47.88,-15.940278,MN,,PreservedSpecimen
-48.996389,-15.829722,MN,,PreservedSpecimen
-47.466111,-14.182222,MN,,PreservedSpecimen
-47.828611,-14.162222,MN,,PreservedSpecimen
-55.830278,-15.408056,MN,,PreservedSpecimen
-55.743889,-15.459167,MN,,PreservedSpecimen
-34.983333,-8.064167,MN,,PreservedSpecimen
120.6081722222,23.3130805556,iNaturalist,TW,HumanObservation
101.6945277778,3.0158333333,iNaturalist,MY,HumanObservation
-83.58333,12.41666,Unknown,NI,PreservedSpecimen
-70.9,19.46666,Unknown,DO,PreservedSpecimen
-71.07972,8.63777,Unknown,VE,PreservedSpecimen
-65.0,-18.16666,Unknown,BO,PreservedSpecimen
-65.79166,18.31138,Unknown,PR,PreservedSpecimen
-46.066667,-16.166667,UFJF,,PreservedSpecimen
-46.066667,-16.166667,UFJF,,PreservedSpecimen
-47.868196667,-15.947066667,ESALQ,,PreservedSpecimen
-56.25,-14.6,ESALQ,,PreservedSpecimen
-23.0657,-47.0488,ESALQ,,PreservedSpecimen
-22.9643,-47.1821,ESALQ,,PreservedSpecimen
-22.5971,-43.9871,ESALQ,,PreservedSpecimen
-96.6414166,17.7725,MO,MX,PreservedSpecimen
-49.3425149,-16.7817211,iNaturalist,BR,HumanObservation
-75.4787240139,2.3752974786,iNaturalist,CO,HumanObservation
-57.551222,-16.551722,UNEMAT,,PreservedSpecimen
-47.8241667,-13.6441666,UFSC,,PreservedSpecimen
-54.022639,-25.465333,URCA,,PreservedSpecimen
-52.57575,-24.698917,URCA,,PreservedSpecimen
-51.565417,-25.045056,URCA,,PreservedSpecimen
-52.736944,-21.152222,UFPE,,PreservedSpecimen
-41.8325,-20.4775,UFMT,,PreservedSpecimen
-69.380314,-11.221611,UFAC,,PreservedSpecimen
-43.0136111,-22.4619444,UFES,,PreservedSpecimen
-49.2372222,-25.4466666,UFPR,,PreservedSpecimen
-54.8997222,-18.36,UnB,,PreservedSpecimen
-47.8102778,-15.8733334,UnB,,PreservedSpecimen
-39.0194445,-14.2183334,UnB,,PreservedSpecimen
-50.1330556,-18.4261111,UnB,,PreservedSpecimen
-47.9605556,-15.5113889,UnB,,PreservedSpecimen
-47.6652778,-15.5961111,UnB,,PreservedSpecimen
-51.66,-20.16,UnB,,PreservedSpecimen
-51.48,-16.74,UnB,,PreservedSpecimen
-49.86,-16.56,UnB,,PreservedSpecimen
-47.8102778,-15.8733334,UnB,,PreservedSpecimen
-48.6811111,-24.545,IF,,PreservedSpecimen
-48.6811111,-24.545,IF,,PreservedSpecimen
-51.565417,-25.045056,UNESP-IBILCE,,PreservedSpecimen
-52.57575,-24.698917,UNESP-IBILCE,,PreservedSpecimen
-54.022639,-25.465333,UNESP-IBILCE,,PreservedSpecimen
-39.019444,-14.218333,UFSCar,,PreservedSpecimen
-48.611111,-25.738667,UFSM,,PreservedSpecimen
-51.850361,-24.646667,UEMA,,PreservedSpecimen
-96.6414166,17.7725,MO,MX,PreservedSpecimen
-73.75,-4.9166667,MO,PE,PreservedSpecimen
-73.75,-4.9166667,NY,PE,PreservedSpecimen
-75.3568859026,-11.1197154699,iNaturalist,PE,HumanObservation
-43.5025,-20.3816667,UFOP,,PreservedSpecimen
-43.9061111,-20.4097222,UFOP,,PreservedSpecimen
-34.982778,-8.0675,UFRPE,,PreservedSpecimen
-73.316568,6.860946,Universidad Industrial de Santander (UIS),CO,HumanObservation
-73.345303,6.902951,Universidad Industrial de Santander (UIS),CO,HumanObservation
-73.345303,6.902951,Universidad Industrial de Santander (UIS),CO,HumanObservation
-73.345303,6.902951,Universidad Industrial de Santander (UIS),CO,HumanObservation
-73.345303,6.902951,Universidad Industrial de Santander (UIS),CO,HumanObservation
-73.345303,6.902951,Universidad Industrial de Santander (UIS),CO,HumanObservation
-73.345303,6.902951,Universidad Industrial de Santander (UIS),CO,HumanObservation
-73.345303,6.902951,Universidad Industrial de Santander (UIS),CO,HumanObservation
-73.345303,6.902951,Universidad Industrial de Santander (UIS),CO,HumanObservation
-73.345303,6.902951,Universidad Industrial de Santander (UIS),CO,HumanObservation
-73.345303,6.902951,Universidad Industrial de Santander (UIS),CO,HumanObservation
-73.345303,6.902951,Universidad Industrial de Santander (UIS),CO,HumanObservation
-73.345303,6.902951,Universidad Industrial de Santander (UIS),CO,HumanObservation
-73.345303,6.902951,Universidad Industrial de Santander (UIS),CO,HumanObservation
-73.345303,6.902951,Universidad Industrial de Santander (UIS),CO,HumanObservation
-73.345303,6.902951,Universidad Industrial de Santander (UIS),CO,HumanObservation
-73.345303,6.902951,Universidad Industrial de Santander (UIS),CO,HumanObservation
-73.345303,6.902951,Universidad Industrial de Santander (UIS),CO,HumanObservation
-73.345303,6.902951,Universidad Industrial de Santander (UIS),CO,HumanObservation
-73.345303,6.902951,Universidad Industrial de Santander (UIS),CO,HumanObservation
-73.345303,6.902951,Universidad Industrial de Santander (UIS),CO,HumanObservation
-73.345303,6.902951,Universidad Industrial de Santander (UIS),CO,HumanObservation
-73.345303,6.902951,Universidad Industrial de Santander (UIS),CO,HumanObservation
-73.345303,6.902951,Universidad Industrial de Santander (UIS),CO,HumanObservation
-73.345303,6.902951,Universidad Industrial de Santander (UIS),CO,HumanObservation
-73.345303,6.902951,Universidad Industrial de Santander (UIS),CO,HumanObservation
-73.345303,6.902951,Universidad Industrial de Santander (UIS),CO,HumanObservation
-73.395655,6.837855,Universidad Industrial de Santander (UIS),CO,HumanObservation
-73.395655,6.837855,Universidad Industrial de Santander (UIS),CO,HumanObservation
-73.345303,6.902951,Universidad Industrial de Santander (UIS),CO,HumanObservation
-73.345303,6.902951,Universidad Industrial de Santander (UIS),CO,HumanObservation
-73.345303,6.902951,Universidad Industrial de Santander (UIS),CO,HumanObservation
-73.345303,6.902951,Universidad Industrial de Santander (UIS),CO,HumanObservation
-73.345303,6.902951,Universidad Industrial de Santander (UIS),CO,HumanObservation
-73.345303,6.902951,Universidad Industrial de Santander (UIS),CO,HumanObservation
-73.345303,6.902951,Universidad Industrial de Santander (UIS),CO,HumanObservation
-73.345303,6.902951,Universidad Industrial de Santander (UIS),CO,HumanObservation
-73.345303,6.902951,Universidad Industrial de Santander (UIS),CO,HumanObservation
-73.345303,6.902951,Universidad Industrial de Santander (UIS),CO,HumanObservation
-73.345303,6.902951,Universidad Industrial de Santander (UIS),CO,HumanObservation
-73.345303,6.902951,Universidad Industrial de Santander (UIS),CO,HumanObservation
-73.345303,6.902951,Universidad Industrial de Santander (UIS),CO,HumanObservation
-73.345303,6.902951,Universidad Industrial de Santander (UIS),CO,HumanObservation
-73.347888,6.901406,Universidad Industrial de Santander (UIS),CO,HumanObservation
-73.344975,6.902672,Universidad Industrial de Santander (UIS),CO,HumanObservation
-73.344975,6.902672,Universidad Industrial de Santander (UIS),CO,HumanObservation
-73.344975,6.902672,Universidad Industrial de Santander (UIS),CO,HumanObservation
-73.344975,6.902672,Universidad Industrial de Santander (UIS),CO,HumanObservation
-73.344975,6.902672,Universidad Industrial de Santander (UIS),CO,HumanObservation
-73.344975,6.902672,Universidad Industrial de Santander (UIS),CO,HumanObservation
-73.344975,6.902672,Universidad Industrial de Santander (UIS),CO,HumanObservation
-73.344975,6.902672,Universidad Industrial de Santander (UIS),CO,HumanObservation
-73.344975,6.902672,Universidad Industrial de Santander (UIS),CO,HumanObservation
-73.344975,6.902672,Universidad Industrial de Santander (UIS),CO,HumanObservation
-73.344975,6.902672,Universidad Industrial de Santander (UIS),CO,HumanObservation
-73.344975,6.902672,Universidad Industrial de Santander (UIS),CO,HumanObservation
-73.344975,6.902672,Universidad Industrial de Santander (UIS),CO,HumanObservation
-73.344975,6.902672,Universidad Industrial de Santander (UIS),CO,HumanObservation
-73.344975,6.902672,Universidad Industrial de Santander (UIS),CO,HumanObservation
-73.344975,6.902672,Universidad Industrial de Santander (UIS),CO,HumanObservation
-73.344975,6.902672,Universidad Industrial de Santander (UIS),CO,HumanObservation
-73.344975,6.902672,Universidad Industrial de Santander (UIS),CO,HumanObservation
-73.344975,6.902672,Universidad Industrial de Santander (UIS),CO,HumanObservation
-73.344975,6.902672,Universidad Industrial de Santander (UIS),CO,HumanObservation
-73.344975,6.902672,Universidad Industrial de Santander (UIS),CO,HumanObservation
-73.344975,6.902672,Universidad Industrial de Santander (UIS),CO,HumanObservation
-73.344975,6.902672,Universidad Industrial de Santander (UIS),CO,HumanObservation
-73.344975,6.902672,Universidad Industrial de Santander (UIS),CO,HumanObservation
-73.344975,6.902672,Universidad Industrial de Santander (UIS),CO,HumanObservation
-73.344975,6.902672,Universidad Industrial de Santander (UIS),CO,HumanObservation
-73.344975,6.902672,Universidad Industrial de Santander (UIS),CO,HumanObservation
-73.344975,6.902672,Universidad Industrial de Santander (UIS),CO,HumanObservation
-73.344975,6.902672,Universidad Industrial de Santander (UIS),CO,HumanObservation
-73.344975,6.902672,Universidad Industrial de Santander (UIS),CO,HumanObservation
-73.344975,6.902672,Universidad Industrial de Santander (UIS),CO,HumanObservation
-73.395892,6.838563,Universidad Industrial de Santander (UIS),CO,HumanObservation
-73.395892,6.838563,Universidad Industrial de Santander (UIS),CO,HumanObservation
-73.345303,6.902951,Universidad Industrial de Santander (UIS),CO,HumanObservation
-73.345303,6.902951,Universidad Industrial de Santander (UIS),CO,HumanObservation
-73.345303,6.902951,Universidad Industrial de Santander (UIS),CO,HumanObservation
-73.345303,6.902951,Universidad Industrial de Santander (UIS),CO,HumanObservation
-73.345303,6.902951,Universidad Industrial de Santander (UIS),CO,HumanObservation
-73.345303,6.902951,Universidad Industrial de Santander (UIS),CO,HumanObservation
-73.345303,6.902951,Universidad Industrial de Santander (UIS),CO,HumanObservation
-73.345303,6.902951,Universidad Industrial de Santander (UIS),CO,HumanObservation
-73.345303,6.902951,Universidad Industrial de Santander (UIS),CO,HumanObservation
-73.345303,6.902951,Universidad Industrial de Santander (UIS),CO,HumanObservation
-73.345303,6.902951,Universidad Industrial de Santander (UIS),CO,HumanObservation
-73.345303,6.902951,Universidad Industrial de Santander (UIS),CO,HumanObservation
-73.345303,6.902951,Universidad Industrial de Santander (UIS),CO,HumanObservation
-73.345303,6.902951,Universidad Industrial de Santander (UIS),CO,HumanObservation
-73.345303,6.902951,Universidad Industrial de Santander (UIS),CO,HumanObservation
-73.345303,6.902951,Universidad Industrial de Santander (UIS),CO,HumanObservation
-73.345303,6.902951,Universidad Industrial de Santander (UIS),CO,HumanObservation
-73.345303,6.902951,Universidad Industrial de Santander (UIS),CO,HumanObservation
-73.344975,6.902672,Universidad Industrial de Santander (UIS),CO,HumanObservation
-52.4697223,-27.135,UNIVILLE,,PreservedSpecimen
-49.41,-28.17,UNIVILLE,,PreservedSpecimen
-49.685,-28.9155556,UNIVILLE,,PreservedSpecimen
-39.272778,-7.555278,IPA,,PreservedSpecimen
-52.2986111,-29.1372222,FUVATES,,PreservedSpecimen
-51.7933333,-28.595,FUVATES,,PreservedSpecimen
-48.125833,-10.395278,UNITINS,,PreservedSpecimen
-79.6733765291,-0.3989770398,iNaturalist,EC,HumanObservation
-83.3069653426,8.5415705662,iNaturalist,CR,HumanObservation
-51.339822,-29.226308,UCS,,PreservedSpecimen
-50.560833,-29.455,UCS,,PreservedSpecimen
38.6333333,-5.05,UF,,PreservedSpecimen
120.8850111111,23.9174333333,iNaturalist,TW,HumanObservation
-83.0085409564,22.7945360313,iNaturalist,CU,HumanObservation
126.1403361667,8.3037666667,iNaturalist,PH,HumanObservation
-76.1181111111111,1.7205555555555556,Universidad Surcolombiana (USCO),CO,HumanObservation
-81.6796047888,7.5383262031,iNaturalist,PA,HumanObservation
-156.0767444483,20.8035697554,iNaturalist,US,HumanObservation
-80.0859603881,8.6058740614,iNaturalist,PA,HumanObservation
-70.6491016667,19.5329533333,iNaturalist,DO,HumanObservation
-49.0470070671,-16.1526930565,iNaturalist,BR,HumanObservation
123.3084508,-1.3023664,iNaturalist,ID,HumanObservation
-38.433333,-12.783333,UEFS,,PreservedSpecimen
-38.433333,-12.783333,UEFS,,PreservedSpecimen
-50.421111,-16.935,Cenargen,,PreservedSpecimen
-44.71,-22.19,JBRJ,BR,PreservedSpecimen
-44.71,-22.19,JBRJ,BR,PreservedSpecimen
-44.71,-22.19,JBRJ,BR,PreservedSpecimen
-44.81,-22.21,JBRJ,BR,PreservedSpecimen
-73.8956389,3.8079167,Universidad de los Llanos (UniLlanos),CO,PreservedSpecimen
101.6544305556,3.1741805556,iNaturalist,MY,HumanObservation
-70.6948316667,19.5060033333,iNaturalist,DO,HumanObservation
-66.1268907839,18.3837769265,iNaturalist,PR,HumanObservation
-71.73903,18.1753183333,iNaturalist,DO,HumanObservation
-70.8126449444,18.7732276667,iNaturalist,DO,HumanObservation
-78.837875918,-0.3584669298,iNaturalist,EC,HumanObservation
-65.8330801874,18.3043948917,iNaturalist,PR,HumanObservation
-70.6779183333,19.5743583333,iNaturalist,DO,HumanObservation
122.2005866893,-1.2985369664,iNaturalist,ID,HumanObservation
-66.59085,18.17365,iNaturalist,PR,HumanObservation
-70.6865966667,19.5656133333,iNaturalist,DO,HumanObservation
-80.4521183333,25.5582533333,iNaturalist,US,HumanObservation
-80.4501853188,25.5588247385,iNaturalist,US,HumanObservation
-70.668555,19.5552066667,iNaturalist,DO,HumanObservation
-48.396111,-1.373333,UFS,,PreservedSpecimen
-49.0,-7.0,UFS,,PreservedSpecimen
-70.54297,19.0332695,iNaturalist,DO,HumanObservation
-79.6452050284,-1.0205134916,iNaturalist,EC,HumanObservation
103.7911980786,1.309114974,iNaturalist,SG,HumanObservation
-62.9963889,-15.4569444,MO,BO,PreservedSpecimen
-75.1833333,-10.1625,SEMO,PE,PreservedSpecimen
-67.3055556,10.4605556,IVIC,,PreservedSpecimen
-67.0111111,10.3652778,IVIC,,PreservedSpecimen
-67.15,10.4833333,IVIC,,PreservedSpecimen
-63.1833333,9.75,IVIC,,PreservedSpecimen
-70.6569444,8.8752778,IVIC,,PreservedSpecimen
-63.8083333,10.6666667,IVIC,,PreservedSpecimen
-66.5,10.0333333,IVIC,,PreservedSpecimen
-70.03,9.7041667,IVIC,,PreservedSpecimen
-68.75,9.6666667,IVIC,,PreservedSpecimen
-67.2295667,10.4259833,IVIC,,PreservedSpecimen
-68.2288889,10.3027778,IVIC,,PreservedSpecimen
-66.9666667,10.4038889,IVIC,,PreservedSpecimen
-63.7066667,10.1188889,IVIC,,PreservedSpecimen
-66.8666667,10.4,IVIC,,PreservedSpecimen
-67.1211111,10.4772222,IVIC,,PreservedSpecimen
-66.9138889,10.3469444,IVIC,,PreservedSpecimen
-66.9666667,10.4,IVIC,,PreservedSpecimen
106.85666666666667,-6.778333333333333,K,ID,PreservedSpecimen
117.13333333333334,-0.5666666666666667,K,TP,PreservedSpecimen
-66.7696766088,18.2871334168,iNaturalist,PR,HumanObservation
-75.147222,9.963111,PROMIGAS S.A. E.S.P. (Promigas),CO,HumanObservation
-75.152028,9.957583,PROMIGAS S.A. E.S.P. (Promigas),CO,HumanObservation
-75.155083,9.964972,PROMIGAS S.A. E.S.P. (Promigas),CO,HumanObservation
-75.147222,9.963111,PROMIGAS S.A. E.S.P. (Promigas),CO,HumanObservation
-75.152139,9.959056,PROMIGAS S.A. E.S.P. (Promigas),CO,HumanObservation
-75.134972,9.964833,PROMIGAS S.A. E.S.P. (Promigas),CO,HumanObservation
-75.116583,9.973306,PROMIGAS S.A. E.S.P. (Promigas),CO,HumanObservation
-75.136278,9.972639,PROMIGAS S.A. E.S.P. (Promigas),CO,HumanObservation
-75.152028,9.957583,PROMIGAS S.A. E.S.P. (Promigas),CO,HumanObservation
-75.134972,9.964833,PROMIGAS S.A. E.S.P. (Promigas),CO,HumanObservation
-75.116583,9.973306,PROMIGAS S.A. E.S.P. (Promigas),CO,HumanObservation
-75.131778,9.965806,PROMIGAS S.A. E.S.P. (Promigas),CO,HumanObservation
-75.155083,9.964972,PROMIGAS S.A. E.S.P. (Promigas),CO,HumanObservation
-75.152028,9.957583,PROMIGAS S.A. E.S.P. (Promigas),CO,HumanObservation
-75.152139,9.959056,PROMIGAS S.A. E.S.P. (Promigas),CO,HumanObservation
-75.134972,9.964833,PROMIGAS S.A. E.S.P. (Promigas),CO,HumanObservation
-75.147222,9.963111,PROMIGAS S.A. E.S.P. (Promigas),CO,HumanObservation
-75.152028,9.957583,PROMIGAS S.A. E.S.P. (Promigas),CO,HumanObservation
-75.131778,9.965806,PROMIGAS S.A. E.S.P. (Promigas),CO,HumanObservation
-75.155083,9.964972,PROMIGAS S.A. E.S.P. (Promigas),CO,HumanObservation
-75.118194,9.973361,PROMIGAS S.A. E.S.P. (Promigas),CO,HumanObservation
-51.13805,-23.345261,UEL,,PreservedSpecimen
-51.13805,-23.345261,UEL,,PreservedSpecimen
-48.629422,-24.587853,UNESP-RC,,PreservedSpecimen
-65.7856861716,18.3015549634,iNaturalist,PR,HumanObservation
-77.5070266667,-1.04699,iNaturalist,EC,HumanObservation
-77.81958,-0.9852166667,iNaturalist,EC,HumanObservation
103.7735955546,1.4059920667,iNaturalist,SG,HumanObservation
-77.5070316667,-1.046995,iNaturalist,EC,HumanObservation
-89.35868,14.47949,USCG,GT,PreservedSpecimen
-51.2175,-21.5772222222222,MBM,BR,PreservedSpecimen
-64.5055555555556,-22.5030555555556,HUEFS,BO,PreservedSpecimen
-71.5666666666667,-7.56666666666667,HUEFS,BR,PreservedSpecimen
-39.0194444444444,-14.0183333333333,HUEFS,BR,PreservedSpecimen
-47.6766666666667,-21.6788888888889,HUEFS,BR,PreservedSpecimen
-42525.0,-14.5180555555556,HUEFS,BR,PreservedSpecimen
0.0,0.0,ALCB,BR,PreservedSpecimen
-52.3988888888889,-24.0891666666667,ALCB,BR,PreservedSpecimen
-28.5244444444444,-52.9944444444444,RSPF,BR,PreservedSpecimen
-43.0136111111111,-22.4619444444444,R,BR,PreservedSpecimen
-42.6797222222222,-22.865,R,BR,PreservedSpecimen
-43.0002777777778,-22.4938888888889,R,BR,PreservedSpecimen
-53.9555555555556,-25.3069444444444,UNOP,BR,PreservedSpecimen
-51.9666666666667,-23.9,UNOP,BR,PreservedSpecimen
-46.9394444444444,-23.6588888888889,UNOP,BR,PreservedSpecimen
101.98433333333334,3.1733333333333333,K,MY,PreservedSpecimen
-80.152587,-0.135007,MAATE|FAO,,HumanObservation
-75.69066,5.804305,Empresas Públicas de Medellín E.S.P. (EPM),CO,HumanObservation
-75.69066,5.804305,Empresas Públicas de Medellín E.S.P. (EPM),CO,HumanObservation
-75.688334,5.810333,Empresas Públicas de Medellín E.S.P. (EPM),CO,HumanObservation
-75.695745,5.812256,Empresas Públicas de Medellín E.S.P. (EPM),CO,HumanObservation
-75.690722,5.815523,Empresas Públicas de Medellín E.S.P. (EPM),CO,HumanObservation
-75.68657,5.811651,Empresas Públicas de Medellín E.S.P. (EPM),CO,HumanObservation
-75.68657,5.811651,Empresas Públicas de Medellín E.S.P. (EPM),CO,HumanObservation
-73.382824,4.26843,Universidad de los Llanos (UniLlanos),CO,HumanObservation
160.064333,-9.422,BRI,SB,PRESERVED_SPECIMEN
157.264361,-8.327639,BRI,SB,PRESERVED_SPECIMEN
155.699639,-6.98725,BRI,SB,PRESERVED_SPECIMEN
-66.7124335192,18.3281260666,iNaturalist,PR,HumanObservation
-65.7905116667,18.2982366667,iNaturalist,PR,HumanObservation
121.54042,24.91172,iNaturalist,TW,HumanObservation
-72.57043,5.315034,ECOPETROL S.A.,CO,HumanObservation
-72.57043,5.315034,ECOPETROL S.A.,CO,HumanObservation
101.48116666666667,5.529,K,MY,PreservedSpecimen
-83.8922729444,9.8377876111,iNaturalist,CR,HumanObservation
125.00478,8.72982,BRIT,PH,PreservedSpecimen
-44.8502778,-22.2197223,JBRJ,BR,PreservedSpecimen
-44.81,-22.1997222,JBRJ,BR,PreservedSpecimen
-44.7222223,-22.1902777,JBRJ,BR,PreservedSpecimen
-44.7997222,-22.21,JBRJ,BR,PreservedSpecimen
-66.0492006484,18.4065155302,iNaturalist,PR,HumanObservation
-66.3835432865,18.218030745,iNaturalist,PR,HumanObservation
-66.41845,18.2567633333,iNaturalist,PR,HumanObservation
-44.979978,-23.205257,Unknown,,HumanObservation
-45.177927,-23.245202,Unknown,,HumanObservation
-45.229044,-23.314134,Unknown,,HumanObservation
-43.91483,-22.366324,Unknown,,HumanObservation
-43.755892,-22.263323,Unknown,,HumanObservation
-43.755892,-22.263323,Unknown,,HumanObservation
-43.91483,-22.366324,Unknown,,HumanObservation
-43.755892,-22.263323,Unknown,,HumanObservation
-43.91483,-22.366324,Unknown,,HumanObservation
-43.91483,-22.366324,Unknown,,HumanObservation
-43.755892,-22.263323,Unknown,,HumanObservation
-43.755892,-22.263323,Unknown,,HumanObservation
-43.91483,-22.366324,Unknown,,HumanObservation
-49.0319961682,-15.730405106,iNaturalist,BR,HumanObservation
-78.68045801,-3.39327387,iNaturalist,EC,HumanObservation
-66.0912946053,18.0630864948,iNaturalist,PR,HumanObservation
-66.1590345,18.1147475,iNaturalist,PR,HumanObservation
121.7582839839,24.6245426595,iNaturalist,TW,HumanObservation
-83.71187,22.61617,Uniwersytet Śląski w Katowicach,CU,PreservedSpecimen
-74.15558,20.24483,Uniwersytet Śląski w Katowicach,CU,PreservedSpecimen
-63.1,-15.716667,Unknown,BO,PreservedSpecimen
-96.65,19.516667,Unknown,MX,PreservedSpecimen
-89.15,14.35,Unknown,,PreservedSpecimen
-89.166667,18.25,Unknown,MX,PreservedSpecimen
-89.166667,18.25,Unknown,MX,PreservedSpecimen
-95.2,18.55,Unknown,MX,PreservedSpecimen
-66.03765,18.0798388889,iNaturalist,PR,HumanObservation
-52.2795971997,4.9203077997,iNaturalist,GF,HumanObservation
-47.8567849472,-15.6725352393,iNaturalist,BR,HumanObservation
-47.8842903301,-15.7422472711,iNaturalist,BR,HumanObservation
-73.3924452093,3.7787086507,iNaturalist,CO,HumanObservation
-65.8485050029,18.2982674699,iNaturalist,PR,HumanObservation
-52.31666501,4.94605242,iNaturalist,GF,HumanObservation
-47.8845672607,-15.7423019409,iNaturalist,BR,HumanObservation
-65.8244083333,18.3753166667,iNaturalist,PR,HumanObservation
-52.2980222222,4.8994611111,iNaturalist,GF,HumanObservation
-88.59444,15.72778,BQB-S.A,GT,LivingSpecimen
122.7561017779,-0.9601754693,iNaturalist,ID,HumanObservation
-48.915177,-26.292978,CAJ,BR,HumanObservation
-48.915188,-26.292942,CAJ,BR,HumanObservation
-97.55378,19.95675,IBUNAM,MX,PreservedSpecimen
-97.48019,20.11821,IBUNAM,MX,PreservedSpecimen
-97.46778,20.08083,IBUNAM,MX,PreservedSpecimen
-97.42944,20.06447,IBUNAM,MX,PreservedSpecimen
-97.54617,20.02942,IBUNAM,MX,PreservedSpecimen
-97.4515,20.03319,IBUNAM,MX,PreservedSpecimen
-97.47722,20.08222,IBUNAM,MX,PreservedSpecimen
-98.65694,16.84598,IBUNAM,MX,PreservedSpecimen
-77.933,-1.533,AU,EC,PreservedSpecimen
-78.133,-1.45,AU,EC,PreservedSpecimen
-78.916,-0.366,AU,EC,PreservedSpecimen
-77.866,-0.966,AU,EC,PreservedSpecimen
-78.566,-3.616,AU,EC,PreservedSpecimen
-78.566,-3.483,AU,EC,PreservedSpecimen
-78.233,0.733,AU,EC,PreservedSpecimen
-79.183,-0.916,AU,EC,PreservedSpecimen
-78.95,-0.316,AU,EC,PreservedSpecimen
-78.95,-0.316,AU,EC,PreservedSpecimen
-78.95,-0.316,AU,EC,PreservedSpecimen
-79.916,-0.4,AU,EC,PreservedSpecimen
-79.483,-0.9,AU,EC,PreservedSpecimen
-79.483,-0.9,AU,EC,PreservedSpecimen
-77.866,-0.433,AU,EC,PreservedSpecimen
-78.7,-0.65,AU,EC,PreservedSpecimen
-78.733,0.1,AU,EC,PreservedSpecimen
-79.366,-0.583,AU,EC,PreservedSpecimen
-77.033,-1.416,AU,EC,PreservedSpecimen
-76.366,-0.533,AU,EC,PreservedSpecimen
-78.966,-4.116,AU,EC,PreservedSpecimen
-76.35,-0.25,AU,EC,PreservedSpecimen
-77.516,-2.35,AU,EC,PreservedSpecimen
-78.733,-0.25,AU,EC,PreservedSpecimen
-77.0,-0.483,AU,EC,PreservedSpecimen
-78.833,-0.266,AU,EC,PreservedSpecimen
-79.033,-2.15,AU,EC,PreservedSpecimen
-76.383,-0.516,AU,EC,PreservedSpecimen
-76.966,-2.083,AU,EC,PreservedSpecimen
-76.716,-2.566,AU,EC,PreservedSpecimen
-76.716,-2.566,AU,EC,PreservedSpecimen
-79.683,0.75,AU,EC,PreservedSpecimen
-78.45,0.833,AU,EC,PreservedSpecimen
-78.833,1.233,AU,EC,PreservedSpecimen
-80.164196,22.070806,UdeM,,PreservedSpecimen
-82.3658,23.1127,UdeM,,PreservedSpecimen
-82.5164,23.0722,UdeM,,PreservedSpecimen
-79.1338384069,-4.5609632199,iNaturalist,EC,HumanObservation
-77.8706675288,-0.5913791694,iNaturalist,EC,HumanObservation
-47.8567437083,-15.6725378218,iNaturalist,BR,HumanObservation
-66.1980304309,18.1745767035,iNaturalist,PR,HumanObservation
-70.2,9.2166667,INBIO,,PreservedSpecimen
-70.22,9.2438889,INBIO,,PreservedSpecimen
-69.0,10.2416667,INBIO,,PreservedSpecimen
-74.725987,5.427014996,Central Hidroeléctrica de Caldas S.A. E.S.P. (chec),CO,HumanObservation
-43.278055555555554,-22.960833333333333,RB,BR,PreservedSpecimen
-66.5328674316,18.2872009277,iNaturalist,PR,HumanObservation
-66.41877,18.2565916667,iNaturalist,PR,HumanObservation
-71.77528,18.61575,UF,,PreservedSpecimen
-54.02783,3.64109,Unknown,GF,HumanObservation
-73.740012,10.24853,ISA INTERCOLOMBIA E.S.P. S.A.,CO,HumanObservation
-48.5713889,-24.2983333,JBRJ,BR,PreservedSpecimen
-54.3405555,-24.8511111,JBRJ,BR,PreservedSpecimen
-44.8163889,-22.2019444,JBRJ,BR,PreservedSpecimen
-67.9805556,-14.3469444,LPB,BO,PreservedSpecimen
-84.7353816481,10.4602612071,iNaturalist,CR,HumanObservation
-42.0365195,-22.4249883333,iNaturalist,BR,HumanObservation
-73.75,-7.6,Unknown,,PreservedSpecimen
-68.8,-10.850000000000001,Unknown,,PreservedSpecimen
-41.7330556,-20.4677778,Unknown,,PreservedSpecimen
-39.83361111111111,-18.435,Unknown,,PreservedSpecimen
-52.6358333,-16.2844444,UFJ,,PreservedSpecimen
-52.7756720326,5.2323071354,iNaturalist,GF,HumanObservation
-83.3628516667,8.7509616667,iNaturalist,CR,HumanObservation
149.5513888888889,-5.9847222222222225,K,PG,PreservedSpecimen
132.43108301299998,-0.810610974,K,ID,PreservedSpecimen
-65.08861098,-9.70472223,K,BR,PreservedSpecimen
-92.23857,16.82054,iNaturalist,MX,HumanObservation
101.680970185,3.2464698257,iNaturalist,MY,HumanObservation
-77.8759606895,-0.5793377273,iNaturalist,EC,HumanObservation
-47.8567671776,-15.6725433096,iNaturalist,BR,HumanObservation
-77.0603638889,3.8837194444,iNaturalist,CO,HumanObservation
120.7375229,-2.16883633,iNaturalist,ID,HumanObservation
103.7928186,1.422046,iNaturalist,SG,HumanObservation
103.7928186,1.422046,iNaturalist,SG,HumanObservation
-75.5711404702,5.0354785317,iNaturalist,CO,HumanObservation
120.00916757,-0.7266780099,iNaturalist,ID,HumanObservation
103.7928186,1.422046,iNaturalist,SG,HumanObservation
-52.7715373132,5.2301633579,iNaturalist,GF,HumanObservation
103.7928186,1.422046,iNaturalist,SG,HumanObservation
-54.4519783333,-25.6804333333,iNaturalist,AR,HumanObservation
120.00918801,-0.7266604,iNaturalist,ID,HumanObservation
-75.688112,7.151383,Empresas Públicas de Medellín E.S.P. (EPM),CO,HumanObservation
-75.688112,7.151383,Empresas Públicas de Medellín E.S.P. (EPM),CO,HumanObservation
-75.58163,7.191573,Empresas Públicas de Medellín E.S.P. (EPM),CO,HumanObservation
-75.58163,7.191573,Empresas Públicas de Medellín E.S.P. (EPM),CO,HumanObservation
-75.685419,7.139343,Empresas Públicas de Medellín E.S.P. (EPM),CO,HumanObservation
-75.685419,7.139343,Empresas Públicas de Medellín E.S.P. (EPM),CO,HumanObservation
-75.685419,7.139343,Empresas Públicas de Medellín E.S.P. (EPM),CO,HumanObservation
-55.1455555,-19.9063889,UFMS,,PreservedSpecimen
-83.54509918,8.44195634,iNaturalist,CR,HumanObservation
-55.23715149,5.08724699,iNaturalist,SR,HumanObservation
-66.53627,18.3546416667,iNaturalist,PR,HumanObservation
-66.8227383333,18.34662,iNaturalist,PR,HumanObservation
-47.8568110988,-15.6724903686,iNaturalist,BR,HumanObservation
-76.160294,4.027453,Instituto para la Investigación y la Preservación del Patrimonio Cultural y Natural del Valle del Cauca - INCIVA (INCIVA),CO,HumanObservation
-76.160294,4.027453,Instituto para la Investigación y la Preservación del Patrimonio Cultural y Natural del Valle del Cauca - INCIVA (INCIVA),CO,HumanObservation
-76.160294,4.027453,Instituto para la Investigación y la Preservación del Patrimonio Cultural y Natural del Valle del Cauca - INCIVA (INCIVA),CO,HumanObservation
-76.160294,4.027453,Instituto para la Investigación y la Preservación del Patrimonio Cultural y Natural del Valle del Cauca - INCIVA (INCIVA),CO,HumanObservation
-76.160294,4.027453,Instituto para la Investigación y la Preservación del Patrimonio Cultural y Natural del Valle del Cauca - INCIVA (INCIVA),CO,HumanObservation
-76.160294,4.027453,Instituto para la Investigación y la Preservación del Patrimonio Cultural y Natural del Valle del Cauca - INCIVA (INCIVA),CO,HumanObservation
-76.160294,4.027453,Instituto para la Investigación y la Preservación del Patrimonio Cultural y Natural del Valle del Cauca - INCIVA (INCIVA),CO,HumanObservation
-76.160294,4.027453,Instituto para la Investigación y la Preservación del Patrimonio Cultural y Natural del Valle del Cauca - INCIVA (INCIVA),CO,HumanObservation
-76.160294,4.027453,Instituto para la Investigación y la Preservación del Patrimonio Cultural y Natural del Valle del Cauca - INCIVA (INCIVA),CO,HumanObservation
-76.160294,4.027453,Instituto para la Investigación y la Preservación del Patrimonio Cultural y Natural del Valle del Cauca - INCIVA (INCIVA),CO,HumanObservation
-76.160294,4.027453,Instituto para la Investigación y la Preservación del Patrimonio Cultural y Natural del Valle del Cauca - INCIVA (INCIVA),CO,HumanObservation
-76.160294,4.027453,Instituto para la Investigación y la Preservación del Patrimonio Cultural y Natural del Valle del Cauca - INCIVA (INCIVA),CO,HumanObservation
-76.160294,4.027453,Instituto para la Investigación y la Preservación del Patrimonio Cultural y Natural del Valle del Cauca - INCIVA (INCIVA),CO,HumanObservation
-76.160294,4.027453,Instituto para la Investigación y la Preservación del Patrimonio Cultural y Natural del Valle del Cauca - INCIVA (INCIVA),CO,HumanObservation
-76.160294,4.027453,Instituto para la Investigación y la Preservación del Patrimonio Cultural y Natural del Valle del Cauca - INCIVA (INCIVA),CO,HumanObservation
-76.160294,4.027453,Instituto para la Investigación y la Preservación del Patrimonio Cultural y Natural del Valle del Cauca - INCIVA (INCIVA),CO,HumanObservation
-76.160294,4.027453,Instituto para la Investigación y la Preservación del Patrimonio Cultural y Natural del Valle del Cauca - INCIVA (INCIVA),CO,HumanObservation
-76.160294,4.027453,Instituto para la Investigación y la Preservación del Patrimonio Cultural y Natural del Valle del Cauca - INCIVA (INCIVA),CO,HumanObservation
-76.160294,4.027453,Instituto para la Investigación y la Preservación del Patrimonio Cultural y Natural del Valle del Cauca - INCIVA (INCIVA),CO,HumanObservation
-76.160294,4.027453,Instituto para la Investigación y la Preservación del Patrimonio Cultural y Natural del Valle del Cauca - INCIVA (INCIVA),CO,HumanObservation
-76.160294,4.027453,Instituto para la Investigación y la Preservación del Patrimonio Cultural y Natural del Valle del Cauca - INCIVA (INCIVA),CO,HumanObservation
-76.160294,4.027453,Instituto para la Investigación y la Preservación del Patrimonio Cultural y Natural del Valle del Cauca - INCIVA (INCIVA),CO,HumanObservation
-76.160294,4.027453,Instituto para la Investigación y la Preservación del Patrimonio Cultural y Natural del Valle del Cauca - INCIVA (INCIVA),CO,HumanObservation
-76.160294,4.027453,Instituto para la Investigación y la Preservación del Patrimonio Cultural y Natural del Valle del Cauca - INCIVA (INCIVA),CO,HumanObservation
-76.160294,4.027453,Instituto para la Investigación y la Preservación del Patrimonio Cultural y Natural del Valle del Cauca - INCIVA (INCIVA),CO,HumanObservation
-76.160294,4.027453,Instituto para la Investigación y la Preservación del Patrimonio Cultural y Natural del Valle del Cauca - INCIVA (INCIVA),CO,HumanObservation
-76.160294,4.027453,Instituto para la Investigación y la Preservación del Patrimonio Cultural y Natural del Valle del Cauca - INCIVA (INCIVA),CO,HumanObservation
-76.160294,4.027453,Instituto para la Investigación y la Preservación del Patrimonio Cultural y Natural del Valle del Cauca - INCIVA (INCIVA),CO,HumanObservation
-76.160294,4.027453,Instituto para la Investigación y la Preservación del Patrimonio Cultural y Natural del Valle del Cauca - INCIVA (INCIVA),CO,HumanObservation
-76.160294,4.027453,Instituto para la Investigación y la Preservación del Patrimonio Cultural y Natural del Valle del Cauca - INCIVA (INCIVA),CO,HumanObservation
-76.160294,4.027453,Instituto para la Investigación y la Preservación del Patrimonio Cultural y Natural del Valle del Cauca - INCIVA (INCIVA),CO,HumanObservation
-76.160294,4.027453,Instituto para la Investigación y la Preservación del Patrimonio Cultural y Natural del Valle del Cauca - INCIVA (INCIVA),CO,HumanObservation
-76.160294,4.027453,Instituto para la Investigación y la Preservación del Patrimonio Cultural y Natural del Valle del Cauca - INCIVA (INCIVA),CO,HumanObservation
-76.160294,4.027453,Instituto para la Investigación y la Preservación del Patrimonio Cultural y Natural del Valle del Cauca - INCIVA (INCIVA),CO,HumanObservation
-76.160294,4.027453,Instituto para la Investigación y la Preservación del Patrimonio Cultural y Natural del Valle del Cauca - INCIVA (INCIVA),CO,HumanObservation
-76.160294,4.027453,Instituto para la Investigación y la Preservación del Patrimonio Cultural y Natural del Valle del Cauca - INCIVA (INCIVA),CO,HumanObservation
-76.160294,4.027453,Instituto para la Investigación y la Preservación del Patrimonio Cultural y Natural del Valle del Cauca - INCIVA (INCIVA),CO,HumanObservation
-76.160294,4.027453,Instituto para la Investigación y la Preservación del Patrimonio Cultural y Natural del Valle del Cauca - INCIVA (INCIVA),CO,HumanObservation
-76.160294,4.027453,Instituto para la Investigación y la Preservación del Patrimonio Cultural y Natural del Valle del Cauca - INCIVA (INCIVA),CO,HumanObservation
-76.160294,4.027453,Instituto para la Investigación y la Preservación del Patrimonio Cultural y Natural del Valle del Cauca - INCIVA (INCIVA),CO,HumanObservation
-76.160294,4.027453,Instituto para la Investigación y la Preservación del Patrimonio Cultural y Natural del Valle del Cauca - INCIVA (INCIVA),CO,HumanObservation
-76.160294,4.027453,Instituto para la Investigación y la Preservación del Patrimonio Cultural y Natural del Valle del Cauca - INCIVA (INCIVA),CO,HumanObservation
-76.160294,4.027453,Instituto para la Investigación y la Preservación del Patrimonio Cultural y Natural del Valle del Cauca - INCIVA (INCIVA),CO,HumanObservation
-79.838806,-4.444056,LOJA,EC,PreservedSpecimen
-79.2067,-4.0336,LOJA,EC,PreservedSpecimen
-79.6342,-3.69,LOJA,EC,PreservedSpecimen
-79.4875,-4.0258,LOJA,EC,PreservedSpecimen
-79.4875,-4.025833,LOJA,EC,PreservedSpecimen
-79.7678,-4.0074,LOJA,EC,PreservedSpecimen
-79.6051,-3.8381,LOJA,EC,PreservedSpecimen
-78.95,-4.1167,LOJA,EC,PreservedSpecimen
-77.6833,-2.8667,LOJA,EC,PreservedSpecimen
-78.9333,-4.2167,LOJA,EC,PreservedSpecimen
-78.1333,-2.6,LOJA,EC,PreservedSpecimen
-79.2965,-3.8451,LOJA,EC,PreservedSpecimen
-80.1183,-3.9836,LOJA,EC,PreservedSpecimen
-78.5,-1.666667,LOJA,EC,PreservedSpecimen
-79.57,-3.8333,LOJA,EC,PreservedSpecimen
-79.1667,-4.2333,LOJA,EC,PreservedSpecimen
-78.5747,-3.6035,LOJA,EC,PreservedSpecimen
-79.0427,-4.6828,LOJA,EC,PreservedSpecimen
-79.4087,-3.821,LOJA,EC,PreservedSpecimen
-79.0749,-4.7198,LOJA,EC,PreservedSpecimen
-79.9968,-3.9869,LOJA,EC,PreservedSpecimen
-79.1833,-3.9833,LOJA,EC,PreservedSpecimen
-79.0408,-4.6744,LOJA,EC,PreservedSpecimen
-79.620611,0.892361,LOJA,EC,PreservedSpecimen
-79.8276,-4.4684,LOJA,EC,PreservedSpecimen
-79.5787,-3.895,LOJA,EC,PreservedSpecimen
-79.226539,-4.314836,LOJA,EC,PreservedSpecimen
-78.6669,-4.3175,LOJA,EC,PreservedSpecimen
-79.1067,-4.4825,LOJA,EC,PreservedSpecimen
-78.9667,-4.1167,LOJA,EC,PreservedSpecimen
-35.4655555555556,-5.3275,UFRN,BR,PreservedSpecimen
-50.1166666666667,-15.9,UFG,BR,PreservedSpecimen
-48.4494444444444,-7.19638888888889,UFG,BR,PreservedSpecimen
-49.0608333333333,-17.8227777777778,UFG,BR,PreservedSpecimen
-48.86,-16.9566666666667,UFG,BR,PreservedSpecimen
-53.2175,-17.3019444444444,UFG,BR,PreservedSpecimen
-48.1291666666667,-18.0119444444444,UFG,BR,PreservedSpecimen
-47.8802777777778,-18.1513888888889,UFG,BR,PreservedSpecimen
-48.8841666666667,-15.8175,UFG,BR,PreservedSpecimen
-47.9166666666667,-18.1630555555556,UFG,BR,PreservedSpecimen
-48.1291666666667,-18.0119444444444,UFG,BR,PreservedSpecimen
-47.9166666666667,-18.1630555555556,UFG,BR,PreservedSpecimen
-48.7547222222222,-17.7811111111111,UFG,BR,PreservedSpecimen
-52.1919444444444,-28.2788888888889,RSPF,BR,PreservedSpecimen
-52.4069444444444,-28.2633333333333,RSPF,BR,PreservedSpecimen
-52.1919444444444,-28.2788888888889,RSPF,BR,PreservedSpecimen
-52.4069444444444,-28.2633333333333,RSPF,BR,PreservedSpecimen
-52.1919444444444,-28.2788888888889,RSPF,BR,PreservedSpecimen
-53.7125,-27.17,RSPF,BR,PreservedSpecimen
-52.4069444444444,-28.2633333333333,RSPF,BR,PreservedSpecimen
-49.8475,-28.8308333333333,RSPF,BR,PreservedSpecimen
-52.9944444444444,-28.5244444444444,RSPF,BR,PreservedSpecimen
-51.505,-27.1786111111111,RSPF,BR,PreservedSpecimen
-49.9983333333333,-27.1169444444444,RSPF,BR,PreservedSpecimen
-45.0475,-23.1,R,BR,PreservedSpecimen
-51.1486111111111,-21.6625,R,BR,PreservedSpecimen
-45.1191666666667,-23.4091666666667,R,BR,PreservedSpecimen
-46.6808333333333,-22.6819444444444,R,BR,PreservedSpecimen
-43.2780555555556,-22.9608333333333,R,BR,PreservedSpecimen
12.0,-12.0,HURB,BR,PreservedSpecimen
13.0,-13.5769444444444,HURB,BR,PreservedSpecimen
131.343,-0.9162,iNaturalist,ID,HumanObservation
120.8849866667,23.9174533333,iNaturalist,TW,HumanObservation
178.4450783333,-18.04982,iNaturalist,FJ,HumanObservation
103.747033,1.385506,iNaturalist,SG,HumanObservation
-42.8819444444444,-20.7538888888889,IBGE,BR,PreservedSpecimen
-52.0036111111111,-18.4402777777778,IBGE,BR,PreservedSpecimen
-49.59,-28.62,IBGE,BR,PreservedSpecimen
-49.3872222222222,-26.8916666666667,IBGE,BR,PreservedSpecimen
-38.5108333333333,-12.9711111111111,IBGE,BR,PreservedSpecimen
-50.3583333333333,-16.1141666666667,IBGE,BR,PreservedSpecimen
-47.9605555555556,-15.9322222222222,IBGE,BR,PreservedSpecimen
-38.5105555555556,-12.9708333333333,IBGE,BR,PreservedSpecimen
49.0,-16.5413888888889,IBGE,BR,PreservedSpecimen
49.0,-16.5236111111111,IBGE,BR,PreservedSpecimen
-49.4261111111111,-14.1847222222222,IBGE,BR,PreservedSpecimen
-47.8833333333333,-15.9386111111111,IBGE,BR,PreservedSpecimen
-48.255,-15.9405555555556,IBGE,BR,PreservedSpecimen
-47.8852777777778,-15.9447222222222,IBGE,BR,PreservedSpecimen
-46.5258333333333,-23.5475,IBGE,BR,PreservedSpecimen
-57.6016666666667,-19.0047222222222,IBGE,BR,PreservedSpecimen
-38.5108333333333,-12.9711111111111,IBGE,BR,PreservedSpecimen
-48.7952777777778,-15.9,IBGE,BR,PreservedSpecimen
-47.8061111111111,-16.4547222222222,IBGE,BR,PreservedSpecimen
-47.4513888888889,-15.3602777777778,IBGE,BR,PreservedSpecimen
-47.4733333333333,-13.5825,IBGE,BR,PreservedSpecimen
-49.0552777777778,-15.8538888888889,IBGE,BR,PreservedSpecimen
-41.0233333333333,-20.3888888888889,IBGE,BR,PreservedSpecimen
-47.8772222222222,-15.9302777777778,IBGE,BR,PreservedSpecimen
-60.0261111111111,-3.13527777777778,IBGE,BR,PreservedSpecimen
-48.8063888888889,-15.3627777777778,IBGE,BR,PreservedSpecimen
-47.8783333333333,-15.9741666666667,IBGE,BR,PreservedSpecimen
-48.7952777777778,-15.9019444444444,IBGE,BR,PreservedSpecimen
-45.4097222222222,-23.76,IBGE,BR,PreservedSpecimen
-48.4127777777778,-23.4897222222222,IBGE,BR,PreservedSpecimen
-46.9352777777778,-23.2316666666667,IBGE,BR,PreservedSpecimen
-49.0708333333333,-27.0030555555556,IBGE,BR,PreservedSpecimen
-39.3736111111111,14.0,IBGE,BR,PreservedSpecimen
-47.9611111111111,-15.9144444444444,IBGE,BR,PreservedSpecimen
-47.8752777777778,-15.9416666666667,IBGE,BR,PreservedSpecimen
-49.4005555555556,-26.8780555555556,IBGE,BR,PreservedSpecimen
-47.8688888888889,-15.9469444444444,IBGE,BR,PreservedSpecimen
47.85,15.0,IBGE,BR,PreservedSpecimen
-50.4211111111111,-16.1155555555556,IBGE,BR,PreservedSpecimen
-48.4250333,-1.4275333,MPEG,,PreservedSpecimen
-48.4383333,-14.2358333,MPEG,,PreservedSpecimen
-66.5903027778,18.1699444444,iNaturalist,PR,HumanObservation
127.6720292,-1.3643144,iNaturalist,ID,HumanObservation
127.672,-1.3643,iNaturalist,ID,HumanObservation
-74.61388,20.43056,B,CU,PreservedSpecimen
-39.059167,-14.766389,UFBA,,PreservedSpecimen
-51.7255556,-17.8591667,UFJ,,PreservedSpecimen
-63.85,-17.55,UT,BO,PreservedSpecimen
129.2076,-2.9858,iNaturalist,ID,HumanObservation
-39.019444,-14.218333,UNESP-FCA,,PreservedSpecimen
-85.2808333,10.9055833,CR,CR,PreservedSpecimen
-85.3176389,10.9432222,CR,CR,PreservedSpecimen
-85.3164722,10.9383333,CR,CR,PreservedSpecimen
101.7059266,2.9177898,iNaturalist,MY,HumanObservation
-76.042181,3.957957,Instituto para la Investigación y la Preservación del Patrimonio Cultural y Natural del Valle del Cauca - INCIVA,CO,PreservedSpecimen
-76.2101667,4.103,Instituto para la Investigación y la Preservación del Patrimonio Cultural y Natural del Valle del Cauca - INCIVA,CO,PreservedSpecimen
-76.168994,4.015099,Instituto para la Investigación y la Preservación del Patrimonio Cultural y Natural del Valle del Cauca - INCIVA,CO,PreservedSpecimen
-76.6166667,3.9,Instituto para la Investigación y la Preservación del Patrimonio Cultural y Natural del Valle del Cauca - INCIVA,CO,PreservedSpecimen
-76.1601333,4.0274472,Instituto para la Investigación y la Preservación del Patrimonio Cultural y Natural del Valle del Cauca - INCIVA,CO,PreservedSpecimen
-76.5166667,3.45,Instituto para la Investigación y la Preservación del Patrimonio Cultural y Natural del Valle del Cauca - INCIVA,CO,PreservedSpecimen
-76.37397,4.131875,Instituto para la Investigación y la Preservación del Patrimonio Cultural y Natural del Valle del Cauca - INCIVA,CO,PreservedSpecimen
-75.428805,10.352969,Instituto para la Investigación y la Preservación del Patrimonio Cultural y Natural del Valle del Cauca - INCIVA,CO,PreservedSpecimen
-76.059473,4.103775,Instituto para la Investigación y la Preservación del Patrimonio Cultural y Natural del Valle del Cauca - INCIVA,CO,PreservedSpecimen
-76.38,4.1166667,Instituto para la Investigación y la Preservación del Patrimonio Cultural y Natural del Valle del Cauca - INCIVA,CO,PreservedSpecimen
-76.181341,4.442747,Instituto para la Investigación y la Preservación del Patrimonio Cultural y Natural del Valle del Cauca - INCIVA,CO,PreservedSpecimen
-76.185149,4.65536,Instituto para la Investigación y la Preservación del Patrimonio Cultural y Natural del Valle del Cauca - INCIVA,CO,PreservedSpecimen
-76.1663889,4.0222222,Instituto para la Investigación y la Preservación del Patrimonio Cultural y Natural del Valle del Cauca - INCIVA,CO,PreservedSpecimen
-76.05611,4.198944,Instituto para la Investigación y la Preservación del Patrimonio Cultural y Natural del Valle del Cauca - INCIVA,CO,PreservedSpecimen
-76.2101667,4.103,Instituto para la Investigación y la Preservación del Patrimonio Cultural y Natural del Valle del Cauca - INCIVA,CO,PreservedSpecimen
-75.9973889,4.0511389,Instituto para la Investigación y la Preservación del Patrimonio Cultural y Natural del Valle del Cauca - INCIVA,CO,PreservedSpecimen
-76.333967,4.166017,Instituto para la Investigación y la Preservación del Patrimonio Cultural y Natural del Valle del Cauca - INCIVA,CO,PreservedSpecimen
-51.5608333333333,-21.4941666666667,MBM,BR,PreservedSpecimen
-49.2372222222222,-25.4466666666667,UPCB,BR,PreservedSpecimen
-49.4111111111111,-28.7138888888889,CRI,BR,PreservedSpecimen
-51.2041666666667,-18.7361111111111,HJ,BR,PreservedSpecimen
-51.8783333333333,-17.9647222222222,HJ,BR,PreservedSpecimen
-51.0869444444444,-18.1358333333333,HJ,BR,PreservedSpecimen
-51.7255555555556,-17.8591666666667,HJ,BR,PreservedSpecimen
-51.2791666666667,-18.7113888888889,HJ,BR,PreservedSpecimen
-50.6811111111111,-16.9661111111111,HJ,BR,PreservedSpecimen
-50.455,-16.9538888888889,HJ,BR,PreservedSpecimen
-50.7802777777778,-18.5011111111111,HJ,BR,PreservedSpecimen
-51.7144444444444,-17.8813888888889,HJ,BR,PreservedSpecimen
-53.8694444444444,-24.1819444444444,EVB,BR,PreservedSpecimen
-54.565,-25.4816666666667,EVB,BR,PreservedSpecimen
-43.2780555555556,-22.9608333333333,RBR,BR,PreservedSpecimen
-43.4205555555556,-22.9211111111111,RBR,BR,PreservedSpecimen
-51.5719444444444,-27.3013888888889,FLOR,BR,PreservedSpecimen
-56.6758333333333,-20.9208333333333,COR,BR,PreservedSpecimen
128.3105,-3.5856,iNaturalist,ID,HumanObservation
103.7719000876,1.3632452398,iNaturalist,SG,HumanObservation
-72.369929,5.515059,Ecopetrol S.A.,CO,HumanObservation
-72.376495,5.515325,Ecopetrol S.A.,CO,HumanObservation
-80.0646042692,21.9605692129,iNaturalist,CU,HumanObservation
-39.9763889,-16.3969444,JBRJ,BR,PreservedSpecimen
-39.4136111,-17.1411111,JBRJ,BR,PreservedSpecimen
-39.4136111,-17.1411111,JBRJ,BR,PreservedSpecimen
-39.4136111,-17.1411111,JBRJ,BR,PreservedSpecimen
-66.7175916667,18.33117,iNaturalist,PR,HumanObservation
-66.554205,18.1535555,iNaturalist,PR,HumanObservation
179.7510533333,-16.6284416667,iNaturalist,FJ,HumanObservation
-52.5897222,-20.3380555,JBRJ,BR,PreservedSpecimen
-43.2780555555556,-22.9608333333333,MBM,BR,PreservedSpecimen
-42.8586111111111,-20.8019444444444,MBM,BR,PreservedSpecimen
-42.8586111111111,-20.8019444444444,MBM,BR,PreservedSpecimen
-48.8847222222222,-25.4344444444444,MBM,BR,PreservedSpecimen
-52.7369444444444,-21.1722222222222,MBM,BR,PreservedSpecimen
-54.9772222222222,-22.2255555555556,MBM,BR,PreservedSpecimen
-47.9808333333333,-15.7672222222222,CEN,BR,PreservedSpecimen
-55.0797222222222,-21.42,CEN,BR,PreservedSpecimen
-50.22,-17.9833333333333,CEN,BR,PreservedSpecimen
-48.96,-11.16,CEN,BR,PreservedSpecimen
-48.78,-17.8197222222222,CEN,BR,PreservedSpecimen
-51.12,-19.98,CEN,BR,PreservedSpecimen
-49.68,-15.84,CEN,BR,PreservedSpecimen
-47.52,-13.86,CEN,BR,PreservedSpecimen
-49.86,-16.92,CEN,BR,PreservedSpecimen
-47.9269444444444,-15.7383333333333,CEN,BR,PreservedSpecimen
-76.49809,7.30982,Tecnológico de Antioquia (TdA),CO,HumanObservation
120.8846083333,23.916835,iNaturalist,TW,HumanObservation
103.7928186,1.422046,iNaturalist,SG,HumanObservation
120.8848805556,23.9174055556,iNaturalist,TW,HumanObservation
120.8845216667,23.918445,iNaturalist,TW,HumanObservation
120.893134,23.9212839722,iNaturalist,TW,HumanObservation
120.884528,23.9183689722,iNaturalist,TW,HumanObservation
101.69135,2.9708555556,iNaturalist,MY,HumanObservation
-65.2322223,-4.885,UEPA,,PreservedSpecimen
-48.4902777,-1.4558333,UEPA,,PreservedSpecimen
-48.2958333,-1.2269445,UEPA,,PreservedSpecimen
-49.2663889,-8.2630556,UEPA,,PreservedSpecimen
-49.2663889,-8.2630556,UEPA,,PreservedSpecimen
-49.2663889,-8.2630556,UEPA,,PreservedSpecimen
-48.4902777,-1.4558333,UEPA,,PreservedSpecimen
-48.4994444,-1.4025,UEPA,,PreservedSpecimen
-47.1166667,-0.9588889,UEPA,,PreservedSpecimen
-51.8319445,3.8441666,UEPA,,PreservedSpecimen
-51.8319445,3.8441666,UEPA,,PreservedSpecimen
-48.3961111,-1.3733334,UEPA,,PreservedSpecimen
-48.3927777,-1.3788889,UEPA,,PreservedSpecimen
-48.4538889,-1.3983333,UEPA,,PreservedSpecimen
-48.4611111,-1.1422222,UEPA,,PreservedSpecimen
-74.14,-9.1839,F,,PreservedSpecimen
-74.14,-9.1839,F,,PreservedSpecimen
-74.14,-9.1839,F,,PreservedSpecimen
-52.3165203631,4.9460225759,iNaturalist,GF,HumanObservation
-47.8567440435,-15.6725245865,iNaturalist,BR,HumanObservation
-39.4666667,-14.9833333,JBRJ,BR,PreservedSpecimen
-38.0833333,-12.6425,JBRJ,BR,PreservedSpecimen
-38.5,-12.9666666666667,ALCB,BR,PreservedSpecimen
-39.0166666666667,-16.2666666666667,ALCB,BR,PreservedSpecimen
-38.3036111111111,-12.8136111111111,ALCB,BR,PreservedSpecimen
-39.5166666666667,-12.9333333333333,ALCB,BR,PreservedSpecimen
-38.5,-12.9666666666667,ALCB,BR,PreservedSpecimen
0.0,0.0,ALCB,BR,PreservedSpecimen
-38.5,-12.9666666666667,ALCB,BR,PreservedSpecimen
-38.5,-12.9666666666667,ALCB,BR,PreservedSpecimen
-38.3166666666667,-12.8833333333333,ALCB,BR,PreservedSpecimen
-38.5,-12.9666666666667,ALCB,BR,PreservedSpecimen
-38.4269444444444,-12.9269444444444,ALCB,BR,PreservedSpecimen
-39.7508333333333,-13.6022222222222,ALCB,BR,PreservedSpecimen
-38.5044444444444,-13.0575,ALCB,BR,PreservedSpecimen
-39.1516666666667,-13.8763888888889,ALCB,BR,PreservedSpecimen
-38.5,-12.8333333333333,ALCB,BR,PreservedSpecimen
-38.5,-12.9666666666667,ALCB,BR,PreservedSpecimen
0.0,0.0,ALCB,,PreservedSpecimen
-39.4666666666667,-14.9833333333333,ALCB,BR,PreservedSpecimen
-38.5,-12.9666666666667,ALCB,BR,PreservedSpecimen
-38.0833333333333,-12.6425,ALCB,BR,PreservedSpecimen
-76.562763,3.39531,Universidad Icesi (ICESI),CO,HumanObservation
-76.579646,3.381451,Universidad Icesi (ICESI),CO,HumanObservation
-76.561672,3.370947,Universidad Icesi (ICESI),CO,HumanObservation
-47.8574504703,-15.6763756858,iNaturalist,BR,HumanObservation
-79.6041201792,-0.3768644786,iNaturalist,EC,HumanObservation
144.9733962,-4.27430306,University of Papua New Guinea,PG,PreservedSpecimen
147.3744996,-9.43969513,University of Papua New Guinea,PG,PreservedSpecimen
145.2064061,-4.40578267,University of Papua New Guinea,PG,PreservedSpecimen
-47.8567812592,-15.6724881089,iNaturalist,BR,HumanObservation
-96.9,17.7333333,IBUNAM,MX,PreservedSpecimen
-96.95,17.5333333,IBUNAM,MX,PreservedSpecimen
-99.16552,23.00367,MNHN,mx,PreservedSpecimen
-63.18333,3.55,MNHN,br,PreservedSpecimen
-64.36667,4.05,MNHN,br,PreservedSpecimen
167.25135,-15.4978,MNHN,vu,PreservedSpecimen
167.18444,-15.45139,MNHN,vu,PreservedSpecimen
-89.942,13.08253,LAGU,SLV,PreservedSpecimen
145.2714,-5.7222,MIN,PG,PreservedSpecimen
145.2714,-5.7222,MIN,PG,PreservedSpecimen
145.2714,-5.7222,MIN,PG,PreservedSpecimen
145.2714,-5.7222,MIN,PG,PreservedSpecimen
145.2714,-5.7222,MIN,PG,PreservedSpecimen
-88.525,18.4416667,CCBA-FMVZ-UADY,MX,PreservedSpecimen
-96.125,17.8083333,CECOY-INIFAP,MX,PreservedSpecimen
-96.125,17.8083333,CECOY-INIFAP,MX,PreservedSpecimen
-96.125,17.8083333,CECOY-INIFAP,MX,PreservedSpecimen
-89.40136,14.40834,LAGU,SLV,PreservedSpecimen
-79.7013666591,-0.3362336956,iNaturalist,EC,HumanObservation
-80.237952,-4.3060124997,iNaturalist,EC,HumanObservation
146.9833333,-6.55,MO,PG,PreservedSpecimen
-92.0956111,15.0574166,SEMAHN,MX,PreservedSpecimen
-96.5083333,15.8083333,CECOY-INIFAP,MX,PreservedSpecimen
-96.4583333,18.0916667,CECOY-INIFAP,MX,PreservedSpecimen
-83.925,12.1138889,MO,NI,PreservedSpecimen
-52.398889,-24.089167,UFBA,,PreservedSpecimen
-83.925,12.1138889,MO,NI,PreservedSpecimen
-49.2363888888889,-25.4425,UNOP,BR,PreservedSpecimen
-53.9725,-25.26,UNOP,BR,PreservedSpecimen
103.7926742,1.3096579,iNaturalist,SG,HumanObservation
-65.7944520887,18.3005739891,iNaturalist,PR,HumanObservation
50.113194,20.774844,IFAM,,PreservedSpecimen
-47.123842,-23.168442,IFAM,,PreservedSpecimen
-47.8567400202,-15.6725849522,iNaturalist,BR,HumanObservation
-74.30697174,18.38294389,iNaturalist,HT,HumanObservation
178.158472222222,-18.0667777777778,AK,"FJ, Comprises over 800 islands; area was settled by Austronesian-speaking people in 2nd millennium BCE; development of pottery by 1300 BCE; sighted by Dutch Tasman 1643, visited by British in 18th century; was haven for escaped convicts from Australia by 1804; official language is English, though most speak Bauan or Hindustani.",PreservedSpecimen
-73.4025,11.0125,"Jardín Botánico de Cartagena ""Guillermo Piñeres"" (JBC)",CO,PreservedSpecimen
-78.8333333,0.25,"Jardín Botánico de Cartagena ""Guillermo Piñeres"" (JBC)",EC,PreservedSpecimen
-78.8333333,-0.3333333,"Jardín Botánico de Cartagena ""Guillermo Piñeres"" (JBC)",EC,PreservedSpecimen
-73.3980556,10.7391667,"Jardín Botánico de Cartagena ""Guillermo Piñeres"" (JBC)",CO,PreservedSpecimen
-73.3943889,10.7237222,"Jardín Botánico de Cartagena ""Guillermo Piñeres"" (JBC)",CO,PreservedSpecimen
-73.4342778,10.7276389,"Jardín Botánico de Cartagena ""Guillermo Piñeres"" (JBC)",CO,PreservedSpecimen
-73.4336944,10.7251667,"Jardín Botánico de Cartagena ""Guillermo Piñeres"" (JBC)",CO,PreservedSpecimen
-73.4025,11.0125,"Jardín Botánico de Cartagena ""Guillermo Piñeres"" (JBC)",CO,PreservedSpecimen
-66.43235,18.2821533333,iNaturalist,PR,HumanObservation
107.8643454706,-6.9112095119,iNaturalist,ID,HumanObservation
-69.9710796991,19.6650412669,iNaturalist,DO,HumanObservation
-77.8447222,-0.9891666,ECUAMZ,EC,PreservedSpecimen
-55.1161111,-22.4916666,UFMS,,PreservedSpecimen
-57.652722,-16.077361,UNEMAT,,PreservedSpecimen
-82.33678228,22.99284366,Unknown,CU,MaterialCitation
-82.33678228,22.99284366,Unknown,CU,MaterialCitation
-79.36666667,22.1833333,Unknown,CU,MaterialCitation
-83.3798,22.6801,Unknown,CU,MaterialCitation
-82.28848406,23.16502674,Unknown,CU,MaterialCitation
-83.42932124,22.67911664,Unknown,CU,MaterialCitation
-76.58831,20.04613,Unknown,CU,MaterialCitation
-80.01673,21.95207,Unknown,CU,MaterialCitation
-80.00121343,22.40550175,Unknown,CU,MaterialCitation
-82.1390817,23.090873,Unknown,CU,MaterialCitation
-82.1390817,23.090873,Unknown,CU,MaterialCitation
-77.78441667,21.61028889,Unknown,CU,MaterialCitation
-75.5725,19.98361111,Unknown,CU,MaterialCitation
-82.098474,23.0570663,Unknown,CU,MaterialCitation
-77.90888889,21.68277778,Unknown,CU,MaterialCitation
-82.99394,21.69528,Unknown,CU,MaterialCitation
-74.90835,20.4876037,Unknown,CU,MaterialCitation
-79.33333333,22.1666667,Unknown,CU,MaterialCitation
-74.67583333,20.51527778,Unknown,CU,MaterialCitation
-79.1625367,22.3563965,Unknown,CU,MaterialCitation
-79.01666667,22.0666667,Unknown,CU,MaterialCitation
-83.7311,22.6481,Unknown,CU,MaterialCitation
-82.0766862,23.0735126,Unknown,CU,MaterialCitation
-82.0766862,23.0735126,Unknown,CU,MaterialCitation
-82.05736944,23.03728056,Unknown,CU,MaterialCitation
-78.95,22.0833333,Unknown,CU,MaterialCitation
-84.3333,21.9442,Unknown,CU,MaterialCitation
-74.85,20.36666667,Unknown,CU,MaterialCitation
-74.84658,20.43167,Unknown,CU,MaterialCitation
-79.11833333,22.235,Unknown,CU,MaterialCitation
-83.90145892,22.43512353,Unknown,CU,MaterialCitation
-83.43827234,22.65162238,Unknown,CU,MaterialCitation
-83.43827234,22.68454,Unknown,CU,MaterialCitation
-83.43422646,22.67442271,Unknown,CU,MaterialCitation
-83.44555556,22.79027778,Unknown,CU,MaterialCitation
-81.7222,23.0191,Unknown,CU,MaterialCitation
-66.3062801957,18.1866238983,iNaturalist,PR,HumanObservation
-66.8989416667,18.22132,iNaturalist,PR,HumanObservation
-47.8567933291,-15.6725575133,iNaturalist,BR,HumanObservation
-66.5196383333,18.1594721667,iNaturalist,PR,HumanObservation
-66.294845,18.1733583333,iNaturalist,PR,HumanObservation
-65.8544585668,18.3177294675,iNaturalist,PR,HumanObservation
-51.8502778,-24.6466666,JBRJ,BR,PreservedSpecimen
-52.5758334,-24.6988889,JBRJ,BR,PreservedSpecimen
-52.4505556,-24.2827778,JBRJ,BR,PreservedSpecimen
-54.0241667,-25.4725,JBRJ,BR,PreservedSpecimen
-51.1363889,-24.7261111,JBRJ,BR,PreservedSpecimen
-54.4536111,-25.6247223,JBRJ,BR,PreservedSpecimen
-54.0227778,-25.4652778,JBRJ,BR,PreservedSpecimen
-52.2683334,-24.5777778,JBRJ,BR,PreservedSpecimen
-52.4508333,-24.2811111,JBRJ,BR,PreservedSpecimen
-54.0047222,-25.4461111,JBRJ,BR,PreservedSpecimen
-52.5680556,-24.6897222,JBRJ,BR,PreservedSpecimen
-51.735,-26.7708334,JBRJ,BR,PreservedSpecimen
-52.575,-24.5058333,JBRJ,BR,PreservedSpecimen
-51.825,-25.9608333,JBRJ,BR,PreservedSpecimen
103.791071,1.3096069722,iNaturalist,SG,HumanObservation
10.7510901033031,53.0672522775128,GOET,,PreservedSpecimen
-74.32193759,18.37515794,iNaturalist,HT,HumanObservation
101.5047361111,3.1737833333,iNaturalist,MY,HumanObservation
-65.7897498424,18.3072947674,iNaturalist,PR,HumanObservation
-46.7295190665,-23.6413447474,iNaturalist,BR,HumanObservation
103.7809616667,1.3685333333,iNaturalist,SG,HumanObservation
-74.30824586,18.38854918,iNaturalist,HT,HumanObservation
-76.6403056,3.8051389,Unknown,CO,HumanObservation
-76.6403056,3.8051389,Unknown,CO,HumanObservation
-76.6403056,3.8051389,Unknown,CO,HumanObservation
-76.6403056,3.8051389,Unknown,CO,HumanObservation
-76.6403056,3.8051389,Unknown,CO,HumanObservation
-76.6403056,3.8051389,Unknown,CO,HumanObservation
-76.6403056,3.8051389,Unknown,CO,HumanObservation
-76.6403056,3.8051389,Unknown,CO,HumanObservation
-76.6403056,3.8051389,Unknown,CO,HumanObservation
-76.6403056,3.8051389,Unknown,CO,HumanObservation
-76.6403056,3.8051389,Unknown,CO,HumanObservation
-76.6403056,3.8051389,Unknown,CO,HumanObservation
-76.6403056,3.8051389,Unknown,CO,HumanObservation
-76.6403056,3.8051389,Unknown,CO,HumanObservation
-76.6403056,3.8051389,Unknown,CO,HumanObservation
-76.6403056,3.8051389,Unknown,CO,HumanObservation
-76.6403056,3.8051389,Unknown,CO,HumanObservation
-76.6403056,3.8051389,Unknown,CO,HumanObservation
-76.6403056,3.8051389,Unknown,CO,HumanObservation
-76.6403056,3.8051389,Unknown,CO,HumanObservation
-76.6403056,3.8051389,Unknown,CO,HumanObservation
-76.6403056,3.8051389,Unknown,CO,HumanObservation
-76.6403056,3.8051389,Unknown,CO,HumanObservation
-76.6403056,3.8051389,Unknown,CO,HumanObservation
-76.6403056,3.8051389,Unknown,CO,HumanObservation
-76.6403056,3.8051389,Unknown,CO,HumanObservation
-76.6403056,3.8051389,Unknown,CO,HumanObservation
-76.6403056,3.8051389,Unknown,CO,HumanObservation
-76.6403056,3.8051389,Unknown,CO,HumanObservation
-76.6403056,3.8051389,Unknown,CO,HumanObservation
-76.6403056,3.8051389,Unknown,CO,HumanObservation
-76.6403056,3.8051389,Unknown,CO,HumanObservation
-76.6403056,3.8051389,Unknown,CO,HumanObservation
-76.6403056,3.8051389,Unknown,CO,HumanObservation
-76.6403056,3.8051389,Unknown,CO,HumanObservation
-76.6403056,3.8051389,Unknown,CO,HumanObservation
-76.6403056,3.8051389,Unknown,CO,HumanObservation
-76.6403056,3.8051389,Unknown,CO,HumanObservation
-76.6403056,3.8051389,Unknown,CO,HumanObservation
-76.6403056,3.8051389,Unknown,CO,HumanObservation
-76.6403056,3.8051389,Unknown,CO,HumanObservation
-76.6403056,3.8051389,Unknown,CO,HumanObservation
-76.6403056,3.8051389,Unknown,CO,HumanObservation
-76.6403056,3.8051389,Unknown,CO,HumanObservation
-76.6403056,3.8051389,Unknown,CO,HumanObservation
-76.6403056,3.8051389,Unknown,CO,HumanObservation
-76.6403056,3.8051389,Unknown,CO,HumanObservation
-76.6403056,3.8051389,Unknown,CO,HumanObservation
-76.6403056,3.8051389,Unknown,CO,HumanObservation
-76.6403056,3.8051389,Unknown,CO,HumanObservation
-76.6403056,3.8051389,Unknown,CO,HumanObservation
-76.6403056,3.8051389,Unknown,CO,HumanObservation
-76.6403056,3.8051389,Unknown,CO,HumanObservation
-76.6403056,3.8051389,Unknown,CO,HumanObservation
-76.6403056,3.8051389,Unknown,CO,HumanObservation
-76.6403056,3.8051389,Unknown,CO,HumanObservation
-76.6403056,3.8051389,Unknown,CO,HumanObservation
-76.6403056,3.8051389,Unknown,CO,HumanObservation
-76.6403056,3.8051389,Unknown,CO,HumanObservation
-76.6403056,3.8051389,Unknown,CO,HumanObservation
-76.6403056,3.8051389,Unknown,CO,HumanObservation
-76.6403056,3.8051389,Unknown,CO,HumanObservation
-76.6403056,3.8051389,Unknown,CO,HumanObservation
-76.6403056,3.8051389,Unknown,CO,HumanObservation
-76.6403056,3.8051389,Unknown,CO,HumanObservation
-76.6403056,3.8051389,Unknown,CO,HumanObservation
-76.6403056,3.8051389,Unknown,CO,HumanObservation
-76.6403056,3.8051389,Unknown,CO,HumanObservation
-76.6403056,3.8051389,Unknown,CO,HumanObservation
-76.6403056,3.8051389,Unknown,CO,HumanObservation
-76.6403056,3.8051389,Unknown,CO,HumanObservation
-76.6403056,3.8051389,Unknown,CO,HumanObservation
-76.6403056,3.8051389,Unknown,CO,HumanObservation
-76.6403056,3.8051389,Unknown,CO,HumanObservation
-76.6403056,3.8051389,Unknown,CO,HumanObservation
-76.6403056,3.8051389,Unknown,CO,HumanObservation
-76.6403056,3.8051389,Unknown,CO,HumanObservation
-76.6403056,3.8051389,Unknown,CO,HumanObservation
-76.6403056,3.8051389,Unknown,CO,HumanObservation
-76.6403056,3.8051389,Unknown,CO,HumanObservation
-76.6403056,3.8051389,Unknown,CO,HumanObservation
-76.6403056,3.8051389,Unknown,CO,HumanObservation
-76.6403056,3.8051389,Unknown,CO,HumanObservation
-76.6403056,3.8051389,Unknown,CO,HumanObservation
-76.6403056,3.8051389,Unknown,CO,HumanObservation
-76.6403056,3.8051389,Unknown,CO,HumanObservation
-76.6403056,3.8051389,Unknown,CO,HumanObservation
-76.6403056,3.8051389,Unknown,CO,HumanObservation
-76.6403056,3.8051389,Unknown,CO,HumanObservation
-76.6403056,3.8051389,Unknown,CO,HumanObservation
-76.6403056,3.8051389,Unknown,CO,HumanObservation
-76.6403056,3.8051389,Unknown,CO,HumanObservation
-76.6403056,3.8051389,Unknown,CO,HumanObservation
-76.6403056,3.8051389,Unknown,CO,HumanObservation
-76.6403056,3.8051389,Unknown,CO,HumanObservation
-76.6403056,3.8051389,Unknown,CO,HumanObservation
-76.6403056,3.8051389,Unknown,CO,HumanObservation
-76.6403056,3.8051389,Unknown,CO,HumanObservation
-76.6403056,3.8051389,Unknown,CO,HumanObservation
-76.6403056,3.8051389,Unknown,CO,HumanObservation
-76.6403056,3.8051389,Unknown,CO,HumanObservation
-76.6403056,3.8051389,Unknown,CO,HumanObservation
-76.6403056,3.8051389,Unknown,CO,HumanObservation
-76.6403056,3.8051389,Unknown,CO,HumanObservation
-76.6403056,3.8051389,Unknown,CO,HumanObservation
-76.6403056,3.8051389,Unknown,CO,HumanObservation
-76.6403056,3.8051389,Unknown,CO,HumanObservation
-76.6403056,3.8051389,Unknown,CO,HumanObservation
-76.6403056,3.8051389,Unknown,CO,HumanObservation
-76.6403056,3.8051389,Unknown,CO,HumanObservation
-76.6403056,3.8051389,Unknown,CO,HumanObservation
-76.6403056,3.8051389,Unknown,CO,HumanObservation
-76.6403056,3.8051389,Unknown,CO,HumanObservation
-76.6403056,3.8051389,Unknown,CO,HumanObservation
-76.6403056,3.8051389,Unknown,CO,HumanObservation
-76.6403056,3.8051389,Unknown,CO,HumanObservation
-76.6403056,3.8051389,Unknown,CO,HumanObservation
-76.6403056,3.8051389,Unknown,CO,HumanObservation
-76.6403056,3.8051389,Unknown,CO,HumanObservation
-76.6403056,3.8051389,Unknown,CO,HumanObservation
-76.6403056,3.8051389,Unknown,CO,HumanObservation
-76.6403056,3.8051389,Unknown,CO,HumanObservation
-76.6403056,3.8051389,Unknown,CO,HumanObservation
-76.6403056,3.8051389,Unknown,CO,HumanObservation
-76.6403056,3.8051389,Unknown,CO,HumanObservation
-76.6403056,3.8051389,Unknown,CO,HumanObservation
-76.6403056,3.8051389,Unknown,CO,HumanObservation
-76.6403056,3.8051389,Unknown,CO,HumanObservation
-76.6403056,3.8051389,Unknown,CO,HumanObservation
-76.6403056,3.8051389,Unknown,CO,HumanObservation
-76.6403056,3.8051389,Unknown,CO,HumanObservation
-76.6403056,3.8051389,Unknown,CO,HumanObservation
-76.6403056,3.8051389,Unknown,CO,HumanObservation
-76.6403056,3.8051389,Unknown,CO,HumanObservation
-76.6403056,3.8051389,Unknown,CO,HumanObservation
-76.6403056,3.8051389,Unknown,CO,HumanObservation
-76.6403056,3.8051389,Unknown,CO,HumanObservation
-76.6403056,3.8051389,Unknown,CO,HumanObservation
-76.6403056,3.8051389,Unknown,CO,HumanObservation
-76.6403056,3.8051389,Unknown,CO,HumanObservation
-76.6403056,3.8051389,Unknown,CO,HumanObservation
-76.6403056,3.8051389,Unknown,CO,HumanObservation
-76.6403056,3.8051389,Unknown,CO,HumanObservation
-76.6403056,3.8051389,Unknown,CO,HumanObservation
-76.6403056,3.8051389,Unknown,CO,HumanObservation
-76.6403056,3.8051389,Unknown,CO,HumanObservation
-76.6403056,3.8051389,Unknown,CO,HumanObservation
-76.6403056,3.8051389,Unknown,CO,HumanObservation
-76.6403056,3.8051389,Unknown,CO,HumanObservation
-76.6403056,3.8051389,Unknown,CO,HumanObservation
-76.6403056,3.8051389,Unknown,CO,HumanObservation
-76.6403056,3.8051389,Unknown,CO,HumanObservation
-76.6403056,3.8051389,Unknown,CO,HumanObservation
-76.6403056,3.8051389,Unknown,CO,HumanObservation
-76.6403056,3.8051389,Unknown,CO,HumanObservation
-76.6403056,3.8051389,Unknown,CO,HumanObservation
-76.6403056,3.8051389,Unknown,CO,HumanObservation
-76.6403056,3.8051389,Unknown,CO,HumanObservation
-76.6403056,3.8051389,Unknown,CO,HumanObservation
-76.6403056,3.8051389,Unknown,CO,HumanObservation
-76.6403056,3.8051389,Unknown,CO,HumanObservation
-76.6403056,3.8051389,Unknown,CO,HumanObservation
-76.6403056,3.8051389,Unknown,CO,HumanObservation
-76.6403056,3.8051389,Unknown,CO,HumanObservation
-76.6403056,3.8051389,Unknown,CO,HumanObservation
-76.6403056,3.8051389,Unknown,CO,HumanObservation
-76.6403056,3.8051389,Unknown,CO,HumanObservation
-76.6403056,3.8051389,Unknown,CO,HumanObservation
-76.6403056,3.8051389,Unknown,CO,HumanObservation
-76.6403056,3.8051389,Unknown,CO,HumanObservation
-76.6403056,3.8051389,Unknown,CO,HumanObservation
-76.6403056,3.8051389,Unknown,CO,HumanObservation
-76.6403056,3.8051389,Unknown,CO,HumanObservation
-76.6403056,3.8051389,Unknown,CO,HumanObservation
-76.6403056,3.8051389,Unknown,CO,HumanObservation
-76.6403056,3.8051389,Unknown,CO,HumanObservation
-76.6403056,3.8051389,Unknown,CO,HumanObservation
-76.6403056,3.8051389,Unknown,CO,HumanObservation
-76.6403056,3.8051389,Unknown,CO,HumanObservation
-76.6403056,3.8051389,Unknown,CO,HumanObservation
-76.6403056,3.8051389,Unknown,CO,HumanObservation
-76.6403056,3.8051389,Unknown,CO,HumanObservation
-76.6403056,3.8051389,Unknown,CO,HumanObservation
-76.6403056,3.8051389,Unknown,CO,HumanObservation
-76.6403056,3.8051389,Unknown,CO,HumanObservation
-76.6403056,3.8051389,Unknown,CO,HumanObservation
-76.6403056,3.8051389,Unknown,CO,HumanObservation
-76.6403056,3.8051389,Unknown,CO,HumanObservation
-76.6403056,3.8051389,Unknown,CO,HumanObservation
-76.6403056,3.8051389,Unknown,CO,HumanObservation
-76.6403056,3.8051389,Unknown,CO,HumanObservation
-76.6403056,3.8051389,Unknown,CO,HumanObservation
-76.6403056,3.8051389,Unknown,CO,HumanObservation
-76.6403056,3.8051389,Unknown,CO,HumanObservation
-76.6403056,3.8051389,Unknown,CO,HumanObservation
-76.6403056,3.8051389,Unknown,CO,HumanObservation
-76.6403056,3.8051389,Unknown,CO,HumanObservation
-76.6403056,3.8051389,Unknown,CO,HumanObservation
-76.6403056,3.8051389,Unknown,CO,HumanObservation
-76.6403056,3.8051389,Unknown,CO,HumanObservation
-76.6403056,3.8051389,Unknown,CO,HumanObservation
-76.6403056,3.8051389,Unknown,CO,HumanObservation
-76.6403056,3.8051389,Unknown,CO,HumanObservation
-76.6403056,3.8051389,Unknown,CO,HumanObservation
-76.6403056,3.8051389,Unknown,CO,HumanObservation
-76.6403056,3.8051389,Unknown,CO,HumanObservation
-76.6403056,3.8051389,Unknown,CO,HumanObservation
-76.6403056,3.8051389,Unknown,CO,HumanObservation
-76.6403056,3.8051389,Unknown,CO,HumanObservation
-76.6403056,3.8051389,Unknown,CO,HumanObservation
-76.6403056,3.8051389,Unknown,CO,HumanObservation
-76.6403056,3.8051389,Unknown,CO,HumanObservation
-76.6403056,3.8051389,Unknown,CO,HumanObservation
-76.6403056,3.8051389,Unknown,CO,HumanObservation
-76.6403056,3.8051389,Unknown,CO,HumanObservation
-76.6403056,3.8051389,Unknown,CO,HumanObservation
-76.6403056,3.8051389,Unknown,CO,HumanObservation
-76.6403056,3.8051389,Unknown,CO,HumanObservation
-76.6403056,3.8051389,Unknown,CO,HumanObservation
-76.6403056,3.8051389,Unknown,CO,HumanObservation
-76.6403056,3.8051389,Unknown,CO,HumanObservation
-76.6403056,3.8051389,Unknown,CO,HumanObservation
-76.6403056,3.8051389,Unknown,CO,HumanObservation
-76.6403056,3.8051389,Unknown,CO,HumanObservation
-76.6403056,3.8051389,Unknown,CO,HumanObservation
-76.6403056,3.8051389,Unknown,CO,HumanObservation
-76.6403056,3.8051389,Unknown,CO,HumanObservation
-76.6403056,3.8051389,Unknown,CO,HumanObservation
-76.6403056,3.8051389,Unknown,CO,HumanObservation
-76.6403056,3.8051389,Unknown,CO,HumanObservation
-76.6403056,3.8051389,Unknown,CO,HumanObservation
-76.6403056,3.8051389,Unknown,CO,HumanObservation
-76.6403056,3.8051389,Unknown,CO,HumanObservation
-76.6403056,3.8051389,Unknown,CO,HumanObservation
-76.6403056,3.8051389,Unknown,CO,HumanObservation
-76.6403056,3.8051389,Unknown,CO,HumanObservation
-76.6403056,3.8051389,Unknown,CO,HumanObservation
-76.6403056,3.8051389,Unknown,CO,HumanObservation
-76.6403056,3.8051389,Unknown,CO,HumanObservation
-76.6403056,3.8051389,Unknown,CO,HumanObservation
-76.6403056,3.8051389,Unknown,CO,HumanObservation
-76.6403056,3.8051389,Unknown,CO,HumanObservation
-76.6403056,3.8051389,Unknown,CO,HumanObservation
-76.6403056,3.8051389,Unknown,CO,HumanObservation
-76.6403056,3.8051389,Unknown,CO,HumanObservation
-76.6403056,3.8051389,Unknown,CO,HumanObservation
-76.6403056,3.8051389,Unknown,CO,HumanObservation
-76.6403056,3.8051389,Unknown,CO,HumanObservation
-76.6403056,3.8051389,Unknown,CO,HumanObservation
-76.6403056,3.8051389,Unknown,CO,HumanObservation
-76.6403056,3.8051389,Unknown,CO,HumanObservation
-76.6403056,3.8051389,Unknown,CO,HumanObservation
-76.6403056,3.8051389,Unknown,CO,HumanObservation
-76.6403056,3.8051389,Unknown,CO,HumanObservation
-76.6403056,3.8051389,Unknown,CO,HumanObservation
-76.6403056,3.8051389,Unknown,CO,HumanObservation
-76.6403056,3.8051389,Unknown,CO,HumanObservation
-76.6403056,3.8051389,Unknown,CO,HumanObservation
-76.6403056,3.8051389,Unknown,CO,HumanObservation
-76.6403056,3.8051389,Unknown,CO,HumanObservation
-76.6403056,3.8051389,Unknown,CO,HumanObservation
-76.6403056,3.8051389,Unknown,CO,HumanObservation
-76.6403056,3.8051389,Unknown,CO,HumanObservation
-76.6403056,3.8051389,Unknown,CO,HumanObservation
-76.6403056,3.8051389,Unknown,CO,HumanObservation
-76.6403056,3.8051389,Unknown,CO,HumanObservation
-76.6403056,3.8051389,Unknown,CO,HumanObservation
-76.6403056,3.8051389,Unknown,CO,HumanObservation
-76.6403056,3.8051389,Unknown,CO,HumanObservation
-76.6403056,3.8051389,Unknown,CO,HumanObservation
-76.6403056,3.8051389,Unknown,CO,HumanObservation
-76.6403056,3.8051389,Unknown,CO,HumanObservation
-76.6403056,3.8051389,Unknown,CO,HumanObservation
-76.6403056,3.8051389,Unknown,CO,HumanObservation
-76.6403056,3.8051389,Unknown,CO,HumanObservation
-76.6403056,3.8051389,Unknown,CO,HumanObservation
-76.6403056,3.8051389,Unknown,CO,HumanObservation
-76.6403056,3.8051389,Unknown,CO,HumanObservation
-76.6403056,3.8051389,Unknown,CO,HumanObservation
-76.6403056,3.8051389,Unknown,CO,HumanObservation
-76.6403056,3.8051389,Unknown,CO,HumanObservation
-76.6403056,3.8051389,Unknown,CO,HumanObservation
-76.6403056,3.8051389,Unknown,CO,HumanObservation
-76.6403056,3.8051389,Unknown,CO,HumanObservation
-76.6403056,3.8051389,Unknown,CO,HumanObservation
-76.6403056,3.8051389,Unknown,CO,HumanObservation
-76.6403056,3.8051389,Unknown,CO,HumanObservation
-76.6403056,3.8051389,Unknown,CO,HumanObservation
-76.6403056,3.8051389,Unknown,CO,HumanObservation
-76.6403056,3.8051389,Unknown,CO,HumanObservation
-76.6403056,3.8051389,Unknown,CO,HumanObservation
-76.6403056,3.8051389,Unknown,CO,HumanObservation
-76.6403056,3.8051389,Unknown,CO,HumanObservation
-76.6403056,3.8051389,Unknown,CO,HumanObservation
-76.6403056,3.8051389,Unknown,CO,HumanObservation
-76.6403056,3.8051389,Unknown,CO,HumanObservation
-76.6403056,3.8051389,Unknown,CO,HumanObservation
-76.6403056,3.8051389,Unknown,CO,HumanObservation
-76.6403056,3.8051389,Unknown,CO,HumanObservation
-76.6403056,3.8051389,Unknown,CO,HumanObservation
-76.6403056,3.8051389,Unknown,CO,HumanObservation
-76.6403056,3.8051389,Unknown,CO,HumanObservation
-76.6403056,3.8051389,Unknown,CO,HumanObservation
-76.6403056,3.8051389,Unknown,CO,HumanObservation
-76.6403056,3.8051389,Unknown,CO,HumanObservation
-76.6403056,3.8051389,Unknown,CO,HumanObservation
-76.6403056,3.8051389,Unknown,CO,HumanObservation
-76.6403056,3.8051389,Unknown,CO,HumanObservation
-76.6403056,3.8051389,Unknown,CO,HumanObservation
-46.1724947,-23.5124259,iNaturalist,BR,HumanObservation
-49.3922222,-28.1563889,UDESC-CAV,,PreservedSpecimen
-80.2599170431,-3.8253878983,iNaturalist,PE,HumanObservation
-75.6455136,6.2218226,iNaturalist,CO,HumanObservation
-47.8092979093,-15.7980342366,iNaturalist,BR,HumanObservation
-75.5191638997,6.3720562997,iNaturalist,CO,HumanObservation
-66.3062801957,18.1866238983,iNaturalist,PR,HumanObservation
-75.033333,6.3,BRIT,CO,PreservedSpecimen
-78.5,-0.416666666666667,BRIT,EC,PreservedSpecimen
-86.333333,12.95,BRIT,NI,PreservedSpecimen
-78.833333,-0.333333,BRIT,EC,PreservedSpecimen
-76.183333,-9.283333,BRIT,PE,PreservedSpecimen
-78.833333,-0.25,BRIT,EC,PreservedSpecimen
-86.216667,14.95,BRIT,HN,PreservedSpecimen
-67.516667,-15.15,BRIT,BO,PreservedSpecimen
-65.777823,18.306572,BRIT,PR,PreservedSpecimen
-47.86959675,-15.7501369,iNaturalist,BR,HumanObservation
-73.5906270574,5.9204155161,iNaturalist,CO,HumanObservation
-47.8695086762,-15.7500519574,iNaturalist,BR,HumanObservation
-65.902062,18.178019,EIU,PR,PreservedSpecimen
-74.30261034,18.38272778,iNaturalist,HT,HumanObservation
-70.5170983333,19.027975,iNaturalist,DO,HumanObservation
-70.542355,19.6485116667,iNaturalist,DO,HumanObservation
-72.8098533333,18.4057866667,iNaturalist,HT,HumanObservation
-74.3160556,18.37621795,iNaturalist,HT,HumanObservation
-70.518854,19.736755,iNaturalist,DO,HumanObservation
-74.40729141,18.34252917,iNaturalist,HT,HumanObservation
-70.1649555378,18.9455387928,iNaturalist,DO,HumanObservation
-74.30369028,18.36811531,iNaturalist,HT,HumanObservation
-74.31358918,18.36637456,iNaturalist,HT,HumanObservation
-74.32207833,18.36830876,iNaturalist,HT,HumanObservation
-74.29881315,18.37908663,iNaturalist,HT,HumanObservation
-69.77665,18.51165,iNaturalist,DO,HumanObservation
-71.90168,18.4236516667,iNaturalist,HT,HumanObservation
-75.2804987188,2.9343041268,iNaturalist,CO,HumanObservation
-71.1229233333,18.1524283333,iNaturalist,DO,HumanObservation
-74.31743554,18.37661725,iNaturalist,HT,HumanObservation
-70.856709522,19.6442377595,iNaturalist,DO,HumanObservation
101.6480484008,3.3594927786,iNaturalist,MY,HumanObservation
-70.1362483333,19.6121766667,iNaturalist,DO,HumanObservation
-49.9975,-23.1447222,JBRJ,BR,PreservedSpecimen
-51.7897222,-25.1505556,JBRJ,BR,PreservedSpecimen
-39.726667,-17.5725,CEPLAC,,PreservedSpecimen
-79.4,-4.0167,LOJA,EC,PreservedSpecimen
-78.7328,-4.3803,LOJA,EC,PreservedSpecimen
-78.9553,-4.0864,LOJA,EC,PreservedSpecimen
-78.4308,-3.5692,LOJA,EC,PreservedSpecimen
-79.1333,-3.9667,LOJA,EC,PreservedSpecimen
-79.661111,-3.9778,LOJA,EC,PreservedSpecimen
-78.6683,-4.3814,LOJA,EC,PreservedSpecimen
-80.127506,-3.985567,LOJA,EC,PreservedSpecimen
-80.127506,-3.985567,LOJA,EC,PreservedSpecimen
-79.1175,-3.9785,LOJA,EC,PreservedSpecimen
-80.1392,-3.9842,LOJA,EC,PreservedSpecimen
-79.2067,-4.0336,LOJA,EC,PreservedSpecimen
-79.2067,-4.0336,LOJA,EC,PreservedSpecimen
-78.3333,-2.6667,LOJA,EC,PreservedSpecimen
-54.2911111,-24.0397222,UFMS,,PreservedSpecimen
-54.2794445,-24.0830556,UFMS,,PreservedSpecimen
-54.2794445,-24.0830556,UFMS,,PreservedSpecimen
-52.3988889,-24.0891666,UFMS,,PreservedSpecimen
-54.4988889,-23.6802778,UFMS,,PreservedSpecimen
-50.455,-16.9538889,UFJ,,PreservedSpecimen
-50.6811111,-16.9661111,UFJ,,PreservedSpecimen
-70.6991081979,19.4968470003,iNaturalist,DO,HumanObservation
103.7819834128,1.3233011939,iNaturalist,SG,HumanObservation
-86.25,13.2,MeiseBG,NI,PreservedSpecimen
-83.716667,22.616667,MeiseBG,CU,PreservedSpecimen
-75.766667,20.533333,MeiseBG,CU,PreservedSpecimen
-83.166667,9.0,MeiseBG,CR,PreservedSpecimen
77.483333,-1.733333,MeiseBG,CD,PreservedSpecimen
134.1,-1.116667,MeiseBG,ID,PreservedSpecimen
-83.383333,22.583333,MeiseBG,CU,PreservedSpecimen
145.216667,-4.433333,MeiseBG,PG,PreservedSpecimen
-77.966667,21.916667,MeiseBG,CU,PreservedSpecimen
-80.25,21.916667,MeiseBG,CU,PreservedSpecimen
-76.866667,20.0,MeiseBG,CU,PreservedSpecimen
-97.43611,19.93972,UCR,MX,PreservedSpecimen
-96.65,19.51667,UCR,MX,PreservedSpecimen
-96.9225,19.83722,UCR,MX,PreservedSpecimen
-96.97639,18.6625,UCR,MX,PreservedSpecimen
-97.22444,19.92444,UCR,MX,PreservedSpecimen
-92.71667,17.06028,UCR,MX,PreservedSpecimen
-95.02389,18.43722,UCR,MX,PreservedSpecimen
-95.06667,18.48333,UCR,MX,PreservedSpecimen
-96.85,19.2,UCR,MX,PreservedSpecimen
-67.533333,-14.438889,SRP,ZZ,PreservedSpecimen
-93.333333,16.866667,SRP,MX,PreservedSpecimen
-67.913056,-14.423056,SRP,ZZ,PreservedSpecimen
-67.533333,-14.438889,SRP,ZZ,PreservedSpecimen
-71.083333,18.066667,SRP,DO,PreservedSpecimen
-71.738417,18.719278,SRP,DO,PreservedSpecimen
80.0,21.05,SRP,CU,PreservedSpecimen
-67.906667,-14.416944,SRP,ZZ,PreservedSpecimen
-53.033333,5.316667,SRP,GF,PreservedSpecimen
-71.782944,18.657667,SRP,DO,PreservedSpecimen
-57.361667,-22.533611,SRP,PY,PreservedSpecimen
-14.233333,-14.083333,SRP,ZZ,PreservedSpecimen
-70.334139,19.504333,SRP,DO,PreservedSpecimen
-79.198707,-4.036962,UTPL,EC,PreservedSpecimen
-79.198649,-4.03751,UTPL,EC,PreservedSpecimen
-79.65042,-4.053819,UTPL,EC,PreservedSpecimen
-79.2042,-3.998486,UTPL,EC,PreservedSpecimen
-79.198406,-3.990139,UTPL,EC,PreservedSpecimen
-79.147975,-4.458803,UTPL,EC,PreservedSpecimen
-78.964167,-4.108333,UTPL,EC,PreservedSpecimen
-79.767459,-4.426974,UTPL,EC,PreservedSpecimen
-79.767459,-4.426974,UTPL,EC,PreservedSpecimen
-79.178706,-3.646013,UTPL,EC,PreservedSpecimen
-43.3269083333,-22.9779366667,iNaturalist,BR,HumanObservation
-48.5223324976,-21.3386679531,iNaturalist,BR,HumanObservation
-86.33333,12.95,UM,ni,PreservedSpecimen
-86.31667,12.96667,UM,ni,PreservedSpecimen
-89.37572,14.39014,B,SV,PreservedSpecimen
-79.198675,-4.0370847,JBRE,EC,LivingSpecimen
-47.8566803411,-15.672542664,iNaturalist,BR,HumanObservation
-156.073463,20.7991279722,iNaturalist,US,HumanObservation
-47.8567024693,-15.6726624268,iNaturalist,BR,HumanObservation
-47.8694845363,-15.7500296919,iNaturalist,BR,HumanObservation
-104.8763889,19.3430555,ENCB,MX,PreservedSpecimen
-68.6827778,-14.6155556,HUA,BO,PreservedSpecimen
-67.94277,-14.21111,MA,BO,PreservedSpecimen
-85.75,13.06666,GH,NI,PreservedSpecimen
-78.5655556,-3.4308334,HUA,EC,PreservedSpecimen
-63.6,-17.5,NY,BO,PreservedSpecimen
-63.6,-17.5,NY,BO,PreservedSpecimen
-63.6,-17.5,NY,BO,PreservedSpecimen
-63.1725,-15.9258334,NY,BO,PreservedSpecimen
-73.25,6.8666667,HUA,CO,PreservedSpecimen
-78.6,1.0166667,ECUAMZ,EC,PreservedSpecimen
-61.04805,-14.76222,PE,BO,PreservedSpecimen
-79.25,-0.08333,AAU,EC,PreservedSpecimen
-63.53333,-18.16666,F,BO,PreservedSpecimen
-75.8586111,-0.6244445,HUA,EC,PreservedSpecimen
-76.0769445,-0.4947222,HUA,EC,PreservedSpecimen
-88.0772223,13.9363889,CR,SV,PreservedSpecimen
-75.43333,5.78333,HUA,CO,PreservedSpecimen
-76.55,-0.3666667,F,EC,PreservedSpecimen
-67.9130556,-14.4230556,K,BO,PreservedSpecimen
-76.5166667,-0.4333333,HUA,EC,PreservedSpecimen
-77.75,-0.95,HUA,EC,PreservedSpecimen
-76.4652778,-0.6075,HUA,EC,PreservedSpecimen
-68.0833333,-14.2333333,AAU,BO,PreservedSpecimen
-67.5363889,-14.4388889,SRP,BO,PreservedSpecimen
-67.9066667,-14.4169445,SRP,BO,PreservedSpecimen
-101.25,17.9666667,GBH,MX,PreservedSpecimen
-56.2344444,-25.7980555,PY,PY,PreservedSpecimen
-67.9805556,-14.3469444,USZ,BO,PreservedSpecimen
-62.91666,-15.78333,USZ,BO,PreservedSpecimen
-68.6827778,-14.6155556,USZ,BO,PreservedSpecimen
-76.4652778,-0.6075,HUA,EC,PreservedSpecimen
-85.75,13.06666,SMU,NI,PreservedSpecimen
-84.08333,13.48333,DUKE,NI,PreservedSpecimen
-67.9805556,-14.3469444,CTES,BO,PreservedSpecimen
-78.2166667,-1.45,HUA,EC,PreservedSpecimen
-63.95,-18.10833,NY,BO,PreservedSpecimen
-79.9,8.68333,IBE,PA,PreservedSpecimen
-85.75,13.06666,NY,NI,PreservedSpecimen
-84.08333,13.48333,NY,NI,PreservedSpecimen
146.6333333,-7.1666667,LAE,PG,PreservedSpecimen
-86.3166667,11.9833333,F,NI,PreservedSpecimen
-84.08333,13.48333,GH,NI,PreservedSpecimen
146.6333333,-7.1666667,BRI,PG,PreservedSpecimen
-63.06666,-17.78333,NY,BO,PreservedSpecimen
-63.5,-18.1,NY,BO,PreservedSpecimen
-63.2,-17.74166,NY,BO,PreservedSpecimen
-67.91666,-14.15,Unknown,BO,PreservedSpecimen
-68.08333,-13.75,Unknown,BO,PreservedSpecimen
-68.08333,-13.75,Unknown,BO,PreservedSpecimen
-63.0666667,-17.7666667,HUA,BO,PreservedSpecimen
-63.6,-17.5,NY,BO,PreservedSpecimen
-63.6,-17.5,NY,BO,PreservedSpecimen
-63.6,-17.5,NY,BO,PreservedSpecimen
-63.2,-17.74166,NY,BO,PreservedSpecimen
-63.2,-17.74166,NY,BO,PreservedSpecimen
-63.6,-17.5,NY,BO,PreservedSpecimen
-85.9833333,11.8333333,GH,NI,PreservedSpecimen
-69.6,-13.1333333,CUZ,PE,PreservedSpecimen
-76.5522222,-0.3672223,HUA,EC,PreservedSpecimen
-67.5363889,-14.4388889,SRP,BO,PreservedSpecimen
-61.43333,-15.86666,HUA,BO,PreservedSpecimen
-67.9130556,-14.4230556,SRP,BO,PreservedSpecimen
-67.5363889,-14.4388889,F,BO,PreservedSpecimen
-84.4,11.0166667,GH,NI,PreservedSpecimen
-77.28333,5.31666,HUA,CO,PreservedSpecimen
-61.61138,-15.85638,GH,BO,PreservedSpecimen
-77.0,-0.48333,AAU,EC,PreservedSpecimen
-68.0666667,-14.3333333,K,BO,PreservedSpecimen
-61.04805,-14.76222,LE,BO,PreservedSpecimen
-69.6,-13.1333333,AMAZ,PE,PreservedSpecimen
-63.64722,-18.12138,NY,BO,PreservedSpecimen
-77.0,-0.48333,HUA,EC,PreservedSpecimen
-68.0666667,-14.3333333,NY,BO,PreservedSpecimen
-63.95,-18.10833,NY,BO,PreservedSpecimen
-63.2,-17.74166,NY,BO,PreservedSpecimen
-63.95,-18.10833,NY,BO,PreservedSpecimen
-63.53333,-18.16666,U,BO,PreservedSpecimen
-78.5,0.08333,NY,EC,PreservedSpecimen
-67.16666,-14.66666,U,BO,PreservedSpecimen
-85.75,13.06666,FLAS,NI,PreservedSpecimen
-84.08333,13.48333,FLAS,NI,PreservedSpecimen
-85.9833333,11.8333333,RSA,NI,PreservedSpecimen
-63.6,-17.5,NY,BO,PreservedSpecimen
-63.2,-17.74166,NY,BO,PreservedSpecimen
-63.2,-17.74166,NY,BO,PreservedSpecimen
-63.95,-18.10833,NY,BO,PreservedSpecimen
-63.2,-17.74166,NY,BO,PreservedSpecimen
-85.75,13.06666,UC,NI,PreservedSpecimen
-84.08333,13.48333,UC,NI,PreservedSpecimen
-89.93333,13.81666,LAGU,SV,PreservedSpecimen
-88.0666667,13.9333333,LAGU,SV,PreservedSpecimen
-63.2,-17.74166,NY,BO,PreservedSpecimen
-83.1088889,9.0611111,BM,CR,PreservedSpecimen
-61.04805,-14.76222,US,BO,PreservedSpecimen
-77.7122222,-6.9902777,BRIT,PE,PreservedSpecimen
127.9094167,0.4907222,BO,ID,PreservedSpecimen
-63.53333,-18.16666,NY,BO,PreservedSpecimen
-79.7,-1.26666,GUAY,EC,PreservedSpecimen
-67.16666,-14.66666,SI,BO,PreservedSpecimen
-85.9833333,11.8333333,RSA,NI,PreservedSpecimen
-88.0780556,13.9419444,LAGU,SV,PreservedSpecimen
-79.0166667,-8.1166667,Unknown,PE,PreservedSpecimen
-88.81,16.5533333,Unknown,BZ,PreservedSpecimen
-61.04805,-14.76222,MICH,BO,PreservedSpecimen
-61.04805,-14.76222,K,BO,PreservedSpecimen
-73.6719445,-15.9691667,HOXA,PE,PreservedSpecimen
-63.53333,-18.16666,AAU,BO,PreservedSpecimen
-67.16666,-14.66666,MICH,BO,PreservedSpecimen
-57.53333,-22.61666,PY,PY,PreservedSpecimen
-93.3263889,15.9958333,HEM,MX,PreservedSpecimen
-63.53333,-18.16666,MICH,BO,PreservedSpecimen
-79.7,-1.2666667,GUAY,EC,PreservedSpecimen
-75.0333333,6.3,HUA,CO,PreservedSpecimen
-93.1285834,16.9118056,HEM,MX,PreservedSpecimen
-68.08333,-13.75,Unknown,BO,PreservedSpecimen
-68.08333,-13.75,Unknown,BO,PreservedSpecimen
-89.25,13.6666667,MHES,SV,PreservedSpecimen
-79.6,-2.41666,Unknown,EC,PreservedSpecimen
-68.08333,-13.75,Unknown,BO,PreservedSpecimen
-63.0666667,-17.7666667,USZ,BO,PreservedSpecimen
-68.2,-13.76666,Unknown,BO,PreservedSpecimen
-63.0666667,-17.7666667,USZ,BO,PreservedSpecimen
-57.3616667,-22.5336111,PY,PY,PreservedSpecimen
-86.2833333,12.0166667,F,NI,PreservedSpecimen
-77.7122222,-6.9902777,HUA,PE,PreservedSpecimen
-84.0166667,10.4166667,RB,CR,PreservedSpecimen
-89.25,13.6666667,LAGU,SV,PreservedSpecimen
-67.918056,-15.646389,Unknown,BO,PreservedSpecimen
-84.0166667,10.4166667,ILL,CR,PreservedSpecimen
-89.25,13.6666667,CR,SV,PreservedSpecimen
-78.4308334,-3.5691667,GB,EC,PreservedSpecimen
-83.1088889,9.0611111,CR,CR,PreservedSpecimen
-77.93333,-1.53333,Unknown,EC,PreservedSpecimen
-78.15833,-3.18333,Unknown,EC,PreservedSpecimen
-68.13333,-13.76666,Unknown,BO,PreservedSpecimen
-68.9277778,-14.5972222,HUA,BO,PreservedSpecimen
-75.5,5.5,HUA,CO,PreservedSpecimen
-75.8586111,-0.6244445,HUA,EC,PreservedSpecimen
-75.1833333,-10.1625,HUT,PE,PreservedSpecimen
-84.2,12.1833333,NY,NI,PreservedSpecimen
-75.1833333,-10.1625,HOXA,PE,PreservedSpecimen
-68.08333,-13.75,Unknown,BO,PreservedSpecimen
-76.4652778,-0.6075,ECUAMZ,EC,PreservedSpecimen
-88.1333333,13.9333333,LAGU,SV,PreservedSpecimen
-75.3663889,-0.9211111,HUA,EC,PreservedSpecimen
-78.2,-1.4,CHEP,EC,PreservedSpecimen
-76.63333,3.66666,Unknown,CO,PreservedSpecimen
-64.51,-17.41722,BR,BO,PreservedSpecimen
-67.5363889,-14.4388889,K,BO,PreservedSpecimen
-67.9066667,-14.4169445,MICH,BO,PreservedSpecimen
-68.0833333,-14.2333333,USZ,BO,PreservedSpecimen
-68.9277778,-14.5972222,HUA,BO,PreservedSpecimen
-68.0833333,-14.2333333,SRP,BO,PreservedSpecimen
-76.55,-0.3666667,HUA,EC,PreservedSpecimen
-68.6827778,-14.6155556,BOLV,BO,PreservedSpecimen
-69.6,-13.1333333,HUT,PE,PreservedSpecimen
-69.6,-13.1333333,USM,PE,PreservedSpecimen
-63.64722,-18.12138,HUA,BO,PreservedSpecimen
-61.76888,-13.63138,HUA,BO,PreservedSpecimen
-67.9805556,-14.3469444,HSB,BO,PreservedSpecimen
146.6333333,-7.1666667,L,PG,PreservedSpecimen
146.6333333,-7.1666667,A,PG,PreservedSpecimen
-75.18333,6.06666,MEDEL,CO,PreservedSpecimen
-85.75,13.06666,BM,NI,PreservedSpecimen
-84.08333,13.48333,BM,NI,PreservedSpecimen
-68.6827778,-14.6155556,CTES,BO,PreservedSpecimen
-78.2166667,-1.45,CHEP,EC,PreservedSpecimen
-84.0036111,10.4313889,DUKE,CR,PreservedSpecimen
-85.9666667,11.9333333,LG,NI,PreservedSpecimen
-77.9333333,-1.5,HUA,EC,PreservedSpecimen
-84.08333,13.48333,SMU,NI,PreservedSpecimen
-63.6,-17.5,NY,BO,PreservedSpecimen
-63.2,-17.74166,NY,BO,PreservedSpecimen
-63.2,-17.74166,NY,BO,PreservedSpecimen
-63.2,-17.74166,NY,BO,PreservedSpecimen
-63.2,-17.74166,NY,BO,PreservedSpecimen
-63.2938889,-17.4602778,NY,BO,PreservedSpecimen
146.6333333,-7.1666667,CANB,PG,PreservedSpecimen
-84.4,11.0166667,ENAG,NI,PreservedSpecimen
-63.2,-17.74166,NY,BO,PreservedSpecimen
-63.2,-17.74166,NY,BO,PreservedSpecimen
-63.2,-17.74166,NY,BO,PreservedSpecimen
167.1844444,-15.4513889,PVNH,VU,PreservedSpecimen
-63.2,-17.74166,NY,BO,PreservedSpecimen
-63.95,-18.10833,NY,BO,PreservedSpecimen
-63.2,-17.74166,NY,BO,PreservedSpecimen
-85.75,13.06666,ENAG,NI,PreservedSpecimen
-84.08333,13.48333,ENAG,NI,PreservedSpecimen
-78.6305556,0.0283334,HUA,EC,PreservedSpecimen
-63.2716667,-17.5397222,NY,BO,PreservedSpecimen
-63.6,-17.5,NY,BO,PreservedSpecimen
-63.2,-17.74166,NY,BO,PreservedSpecimen
-63.2,-17.74166,NY,BO,PreservedSpecimen
-63.2,-17.74166,NY,BO,PreservedSpecimen
-77.7005556,-1.3286111,ECUAMZ,EC,PreservedSpecimen
-80.88333,-1.06666,QAP,EC,PreservedSpecimen
-63.6,-17.5,NY,BO,PreservedSpecimen
-79.23333,-0.33333,QAP,EC,PreservedSpecimen
-75.9,5.65,HUA,CO,PreservedSpecimen
-85.9833333,11.8333333,US,NI,PreservedSpecimen
-57.5530556,-22.2691667,FCQ,PY,PreservedSpecimen
-77.3166667,-0.35,HUA,EC,PreservedSpecimen
-79.23333,-0.33333,QAP,EC,PreservedSpecimen
-85.9833333,11.8333333,GH,NI,PreservedSpecimen
-85.9833333,11.8333333,WIS,NI,PreservedSpecimen
-55.9825,-22.6555556,FCQ,PY,PreservedSpecimen
-89.93333,13.81666,F,SV,PreservedSpecimen
-61.04805,-14.76222,USZ,BO,PreservedSpecimen
-61.61138,-15.85638,HUA,BO,PreservedSpecimen
-61.61138,-15.85638,USZ,BO,PreservedSpecimen
-67.16666,-14.66666,G,BO,PreservedSpecimen
-68.0666667,-14.3333333,HUA,BO,PreservedSpecimen
-56.06666,-22.63333,PY,PY,PreservedSpecimen
-63.53333,-18.16666,HUA,BO,PreservedSpecimen
-61.04805,-14.76222,USZ,BO,PreservedSpecimen
-77.0,-0.48333,NY,EC,PreservedSpecimen
-61.04805,-14.76222,HUA,BO,PreservedSpecimen
-61.43333,-15.86666,NY,BO,PreservedSpecimen
-61.04805,-14.76222,HUA,BO,PreservedSpecimen
-67.16666,-14.66666,K,BO,PreservedSpecimen
-75.7,5.71666,HUA,CO,PreservedSpecimen
-75.575,-10.1833333,HOXA,PE,PreservedSpecimen
100.8287778,-0.9360277,ANDA,ID,PreservedSpecimen
-63.53333,-18.16666,SI,BO,PreservedSpecimen
-67.16666,-14.66666,HUA,BO,PreservedSpecimen
-88.0780556,13.9419444,K,SV,PreservedSpecimen
-77.28333,5.31666,HUA,CO,PreservedSpecimen
-74.66666,7.58333,HUA,CO,PreservedSpecimen
-88.0780556,13.9419444,CR,SV,PreservedSpecimen
-68.0666667,-14.3333333,AAU,BO,PreservedSpecimen
-63.53333,-18.16666,K,BO,PreservedSpecimen
-76.0808334,6.5988889,HUA,CO,PreservedSpecimen
-88.0666667,13.9333333,MHES,SV,PreservedSpecimen
-88.0772223,13.9363889,LAGU,SV,PreservedSpecimen
-84.0166667,10.4166667,ILL,CR,PreservedSpecimen
-85.09222,9.8276476,Unknown,CR,PreservedSpecimen
-83.1091,9.06118,Unknown,CR,PreservedSpecimen
-68.0,-15.33,Unknown,BO,PreservedSpecimen
-56.0194445,-22.6436111,PY,PY,PreservedSpecimen
-93.3677778,16.0094444,HEM,MX,PreservedSpecimen
-91.1911111,15.9025,USCG,GT,PreservedSpecimen
-68.18333,-15.4,Unknown,BO,PreservedSpecimen
-68.166667,-15.25,Unknown,BO,PreservedSpecimen
-88.1333333,13.9333333,MHES,SV,PreservedSpecimen
-65.5166667,-17.0166667,HUA,BO,PreservedSpecimen
-92.6583333,15.3772223,HEM,MX,PreservedSpecimen
-67.5,-14.41666,Unknown,BO,PreservedSpecimen
-68.08333,-13.75,Unknown,BO,PreservedSpecimen
-63.0666667,-17.7666667,HUA,BO,PreservedSpecimen
-75.1833333,-10.1625,USM,PE,PreservedSpecimen
-67.86666,-15.46666,Unknown,BO,PreservedSpecimen
-85.9666667,11.85,Unknown,NI,PreservedSpecimen
-67.76666,-14.45,Unknown,BO,PreservedSpecimen
-68.48333,-14.36666,Unknown,BO,PreservedSpecimen
-68.08333,-13.75,Unknown,BO,PreservedSpecimen
-86.2833333,12.0166667,MICH,NI,PreservedSpecimen
-78.4308334,-3.5691667,LOJA,EC,PreservedSpecimen
-84.71666,14.36666,Unknown,NI,PreservedSpecimen
-84.2666667,11.0166667,Unknown,NI,PreservedSpecimen
-78.16,-4.453,Unknown,PE,PreservedSpecimen
-78.95,-1.96667,CHEP,EC,PreservedSpecimen
-79.7261783353,-3.5060498194,iNaturalist,EC,HumanObservation
-67.0957638333,18.5091866667,iNaturalist,PR,HumanObservation
-72.242045,19.5745666667,iNaturalist,HT,HumanObservation
-48.7674914673,-15.8476884052,iNaturalist,BR,HumanObservation
-74.29406282,18.37382514,iNaturalist,HT,HumanObservation
61.02,14.45,PE,BO,PreservedSpecimen
55.97,22.65,PE,PY,PreservedSpecimen
-97.8501,20.2464,US,,PreservedSpecimen
-97.4294,20.0645,US,,PreservedSpecimen
-97.5529,19.9566,US,,PreservedSpecimen
-70.8699555556,19.0586083333,iNaturalist,DO,HumanObservation
-58.445833,-15.119444,UFMT,,PreservedSpecimen
-58.461944,-15.110556,UFMT,,PreservedSpecimen
-58.451389,-15.116389,UFMT,,PreservedSpecimen
-74.08724986,18.24276556,iNaturalist,HT,HumanObservation
-66.28848,18.1531528333,iNaturalist,PR,HumanObservation
108.073032462,-7.2540212625,iNaturalist,ID,HumanObservation
-74.3095916667,18.6294283333,iNaturalist,HT,HumanObservation
-90.9299167,16.7907777,MO,MX,PreservedSpecimen
-86.3651667,12.9837777,MO,NI,PreservedSpecimen
-84.9959166,12.9063056,MO,NI,PreservedSpecimen
-85.6740834,12.6258611,MO,NI,PreservedSpecimen
-86.2311111,13.4344444,MO,NI,PreservedSpecimen
-97.3125,20.0069444,MO,MX,PreservedSpecimen
-63.4211111,-17.6861111,MO,BO,PreservedSpecimen
-65.75,18.3166667,MO,PR,PreservedSpecimen
-78.4308334,-3.5691667,MO,EC,PreservedSpecimen
-63.0666667,-17.7666667,MO,BO,PreservedSpecimen
-85.3208334,14.2302778,MO,NI,PreservedSpecimen
-66.6166667,-14.5,MO,BO,PreservedSpecimen
-75.5,5.5,MO,CO,PreservedSpecimen
-85.3208334,14.2302778,MO,NI,PreservedSpecimen
-77.7122222,-6.9902777,MO,PE,PreservedSpecimen
127.9094167,0.4907222,MO,ID,PreservedSpecimen
-85.4302778,14.1,MO,NI,PreservedSpecimen
-89.25,13.6666667,MO,SV,PreservedSpecimen
-83.1088889,9.0611111,MO,CR,PreservedSpecimen
-65.95,-16.38333,MO,BO,PreservedSpecimen
-76.5522222,-0.3672223,MO,EC,PreservedSpecimen
-84.49472,11.04861,MO,NI,PreservedSpecimen
-84.3758334,11.0591667,MO,NI,PreservedSpecimen
-84.3511111,11.1208334,MO,NI,PreservedSpecimen
-84.3511111,11.1208334,MO,NI,PreservedSpecimen
-67.88333,-15.48333,MO,BO,PreservedSpecimen
-91.5675,17.2352777,MO,MX,PreservedSpecimen
-84.4947222,11.0486111,MO,NI,PreservedSpecimen
-79.4666667,-3.2,MO,EC,PreservedSpecimen
-78.44777,-3.52583,MO,EC,PreservedSpecimen
-97.3105556,20.0055556,MO,MX,PreservedSpecimen
-83.9833333,10.4333333,MO,CR,PreservedSpecimen
-85.6833333,13.5666667,MO,NI,PreservedSpecimen
-85.3208334,14.2302778,MO,NI,PreservedSpecimen
-85.3208334,14.2302778,MO,NI,PreservedSpecimen
-85.3208334,14.2302778,MO,NI,PreservedSpecimen
-86.2402777,13.4344444,MO,NI,PreservedSpecimen
-63.01722,-15.50027,MO,BO,PreservedSpecimen
-84.00361,10.43138,MO,CR,PreservedSpecimen
-77.75,-0.95,MO,EC,PreservedSpecimen
-68.6827778,-14.6155556,MO,BO,PreservedSpecimen
-68.0833333,-14.2333333,MO,BO,PreservedSpecimen
-68.9277778,-14.5972222,MO,BO,PreservedSpecimen
-84.0036111,10.4313889,MO,CR,PreservedSpecimen
-84.02,10.43,MO,CR,PreservedSpecimen
-76.4652778,-0.6075,MO,EC,PreservedSpecimen
-78.5655556,-3.4308334,MO,EC,PreservedSpecimen
-84.35,11.13333,MO,NI,PreservedSpecimen
-74.65888,-11.17722,MO,PE,PreservedSpecimen
-86.4534444,13.7207223,MO,NI,PreservedSpecimen
-76.95,3.9833333,MO,CO,PreservedSpecimen
-74.06666,10.98333,MO,CO,PreservedSpecimen
-90.9097222,16.8058333,MO,MX,PreservedSpecimen
-55.52805,-24.13361,MO,PY,PreservedSpecimen
-64.70888,-17.82361,MO,BO,PreservedSpecimen
167.1844444,-15.4513889,MO,VU,PreservedSpecimen
-85.4285834,12.8788611,MO,NI,PreservedSpecimen
-64.70972,-17.82361,MO,BO,PreservedSpecimen
-78.43333,0.36666,MO,EC,PreservedSpecimen
-86.443,13.6718611,MO,NI,PreservedSpecimen
-63.64722,-18.12138,MO,BO,PreservedSpecimen
-85.4013889,10.8805556,MO,CR,PreservedSpecimen
-78.5777778,1.1911111,MO,EC,PreservedSpecimen
-86.4434166,13.7140278,MO,NI,PreservedSpecimen
-86.6483055,13.6069722,MO,NI,PreservedSpecimen
-76.96666,-2.08333,MO,EC,PreservedSpecimen
-85.4277778,10.9905555,MO,CR,PreservedSpecimen
-73.6719445,-15.9691667,MO,PE,PreservedSpecimen
-88.0780556,13.9419444,MO,SV,PreservedSpecimen
-90.8790278,16.739,MO,MX,PreservedSpecimen
-63.53333,-18.16666,MO,BO,PreservedSpecimen
-79.7,-1.2666667,MO,EC,PreservedSpecimen
-67.16666,-14.66666,MO,BO,PreservedSpecimen
-79.03333,-2.15,MO,EC,PreservedSpecimen
-77.86666,-0.96666,MO,EC,PreservedSpecimen
-93.1263889,17.3340833,MO,MX,PreservedSpecimen
-86.2420277,13.795,MO,NI,PreservedSpecimen
-85.9833333,11.8333333,MO,NI,PreservedSpecimen
-63.0666667,-17.7666667,MO,BO,PreservedSpecimen
-62.015,-16.11722,MO,BO,PreservedSpecimen
-86.2182223,13.78625,MO,NI,PreservedSpecimen
-84.9797223,12.3625,MO,NI,PreservedSpecimen
-86.2182223,13.78625,MO,NI,PreservedSpecimen
-91.1016667,16.7894444,MO,MX,PreservedSpecimen
-61.43333,-15.86666,MO,BO,PreservedSpecimen
-61.04805,-14.76222,MO,BO,PreservedSpecimen
-78.1,-1.45,MO,EC,PreservedSpecimen
-79.7,-1.26666,MO,EC,PreservedSpecimen
-66.0333333,18.1,MO,PR,PreservedSpecimen
-76.71666,-2.56666,MO,EC,PreservedSpecimen
-77.51666,-2.35,MO,EC,PreservedSpecimen
-90.905,16.8076111,MO,MX,PreservedSpecimen
120.0288056,-1.4961389,MO,ID,PreservedSpecimen
-84.3758334,11.0591667,MO,NI,PreservedSpecimen
-90.9299167,16.7907777,MO,MX,PreservedSpecimen
-86.3706945,13.7248611,MO,NI,PreservedSpecimen
-84.35111,11.12083,MO,NI,PreservedSpecimen
-85.0922229,9.8276476,MO,CR,PreservedSpecimen
-88.0666667,13.9333333,MO,SV,PreservedSpecimen
-84.27833,11.16138,MO,NI,PreservedSpecimen
-84.3758334,11.0591667,MO,NI,PreservedSpecimen
-65.8166667,18.3166667,MO,PR,PreservedSpecimen
-76.0769445,-0.4947222,MO,EC,PreservedSpecimen
-76.4652778,-0.6075,MO,EC,PreservedSpecimen
-84.01,10.42,MO,CR,PreservedSpecimen
-75.3663889,-0.9211111,MO,EC,PreservedSpecimen
-75.1833333,-10.1625,MO,PE,PreservedSpecimen
-93.6133333,16.2763889,MO,MX,PreservedSpecimen
-65.61361,-17.13888,MO,BO,PreservedSpecimen
-64.68194,-17.68138,MO,BO,PreservedSpecimen
-64.68194,-17.68138,MO,BO,PreservedSpecimen
-65.46333,-17.07055,MO,BO,PreservedSpecimen
-76.55,-0.3666667,MO,EC,PreservedSpecimen
38.6333333,-5.05,MO,TZ,PreservedSpecimen
-88.1333333,13.9333333,MO,SV,PreservedSpecimen
-65.5166667,-17.0166667,MO,BO,PreservedSpecimen
-67.5363889,-14.4388889,MO,BO,PreservedSpecimen
-67.9130556,-14.4230556,MO,BO,PreservedSpecimen
-85.4302778,14.1,MO,NI,PreservedSpecimen
-85.3208334,14.2302778,MO,NI,PreservedSpecimen
-86.2616667,13.3852777,MO,NI,PreservedSpecimen
-85.3208334,14.2302778,MO,NI,PreservedSpecimen
-85.3208334,14.2302778,MO,NI,PreservedSpecimen
-86.2616667,13.3852777,MO,NI,PreservedSpecimen
-69.6,-13.1333333,MO,PE,PreservedSpecimen
-64.51,-17.41722,MO,BO,PreservedSpecimen
-68.9277778,-14.5972222,MO,BO,PreservedSpecimen
-84.2802778,11.1008333,MO,NI,PreservedSpecimen
-84.35111,11.12083,MO,NI,PreservedSpecimen
-84.0036111,10.4313889,MO,CR,PreservedSpecimen
-84.34888,11.06638,MO,NI,PreservedSpecimen
-77.6,-0.1,MO,EC,PreservedSpecimen
-58.37222,-19.04861,MO,BO,PreservedSpecimen
-84.3758334,11.0591667,MO,NI,PreservedSpecimen
-75.8586111,-0.6244445,MO,EC,PreservedSpecimen
-75.8586111,-0.6244445,MO,EC,PreservedSpecimen
-84.2802778,11.1008333,MO,NI,PreservedSpecimen
-84.45472,11.055,MO,NI,PreservedSpecimen
-78.03333,-2.06666,MO,EC,PreservedSpecimen
-77.3166667,-0.35,MO,EC,PreservedSpecimen
-67.98333,-13.98333,MO,BO,PreservedSpecimen
-76.5166667,-0.4333333,MO,EC,PreservedSpecimen
-67.5363889,-14.4388889,MO,BO,PreservedSpecimen
-83.56,8.71,MO,CR,PreservedSpecimen
-104.8763889,19.3430555,MO,MX,PreservedSpecimen
-67.9066667,-14.4169445,MO,BO,PreservedSpecimen
-62.91666,-15.78333,MO,BO,PreservedSpecimen
-67.9805556,-14.3469444,MO,BO,PreservedSpecimen
-78.2166667,-1.45,MO,EC,PreservedSpecimen
-61.76888,-13.63138,MO,BO,PreservedSpecimen
-84.0036111,10.4313889,MO,CR,PreservedSpecimen
-86.3283889,13.7263056,MO,NI,PreservedSpecimen
-85.75,13.06666,MO,NI,PreservedSpecimen
-84.08333,13.48333,MO,NI,PreservedSpecimen
-77.9333333,-1.5,MO,EC,PreservedSpecimen
-79.18333,-0.91666,MO,EC,PreservedSpecimen
-84.4,11.0166667,MO,NI,PreservedSpecimen
-85.68333,13.55,MO,NI,PreservedSpecimen
136.9050556,-4.60575,MO,ID,PreservedSpecimen
-55.52777,-24.13305,MO,PY,PreservedSpecimen
-78.6305556,0.0283334,MO,EC,PreservedSpecimen
-75.575,-10.1833333,MO,PE,PreservedSpecimen
-55.52805,-24.13305,MO,PY,PreservedSpecimen
-85.9833333,11.8333333,MO,NI,PreservedSpecimen
-76.22833,4.97416,MO,CO,PreservedSpecimen
-85.9925555,13.7741667,MO,NI,PreservedSpecimen
-88.87,16.4891666,MO,BZ,PreservedSpecimen
-56.0252778,-22.6719445,MO,PY,PreservedSpecimen
-89.93333,13.81666,MO,SV,PreservedSpecimen
-61.61138,-15.85638,MO,BO,PreservedSpecimen
-61.04805,-14.76222,MO,BO,PreservedSpecimen
146.6333333,-7.1666667,MO,PG,PreservedSpecimen
-78.91666,-0.36666,MO,EC,PreservedSpecimen
-68.0666667,-14.3333333,MO,BO,PreservedSpecimen
-75.0333333,6.3,MO,CO,PreservedSpecimen
-76.71666,-2.56666,MO,EC,PreservedSpecimen
-79.25,-0.08333,MO,EC,PreservedSpecimen
-76.35,-0.25,MO,EC,PreservedSpecimen
-78.5,0.08333,MO,EC,PreservedSpecimen
-76.38333,-0.51666,MO,EC,PreservedSpecimen
-77.0,-0.48333,MO,EC,PreservedSpecimen
-88.0772223,13.9363889,MO,SV,PreservedSpecimen
-85.4285834,12.8788611,MO,NI,PreservedSpecimen
124.8155,1.3582199722,iNaturalist,ID,HumanObservation
-72.7105,6.0026944,Instituto de Investigación de Recursos Biológicos Alexander von Humboldt (IAvH),CO,PreservedSpecimen
-72.65275,6.0928889,Instituto de Investigación de Recursos Biológicos Alexander von Humboldt (IAvH),CO,PreservedSpecimen
-74.0671111,10.9988889,Instituto de Investigación de Recursos Biológicos Alexander von Humboldt (IAvH),CO,PreservedSpecimen
-74.2131111,6.0696944,Instituto de Investigación de Recursos Biológicos Alexander von Humboldt (IAvH),CO,PreservedSpecimen
-74.2256944,6.1203333,Instituto de Investigación de Recursos Biológicos Alexander von Humboldt (IAvH),CO,PreservedSpecimen
-74.2242778,6.0868056,Instituto de Investigación de Recursos Biológicos Alexander von Humboldt (IAvH),CO,PreservedSpecimen
-74.1196667,6.4384167,Instituto de Investigación de Recursos Biológicos Alexander von Humboldt (IAvH),CO,PreservedSpecimen
-74.1196667,6.4384167,Instituto de Investigación de Recursos Biológicos Alexander von Humboldt (IAvH),CO,PreservedSpecimen
-74.1269167,6.4388333,Instituto de Investigación de Recursos Biológicos Alexander von Humboldt (IAvH),CO,PreservedSpecimen
-72.894916,6.9901111,Instituto de Investigación de Recursos Biológicos Alexander von Humboldt (IAvH),CO,PreservedSpecimen
-72.879555,6.99675,Instituto de Investigación de Recursos Biológicos Alexander von Humboldt (IAvH),CO,PreservedSpecimen
-75.3154722,9.5495,Instituto de Investigación de Recursos Biológicos Alexander von Humboldt (IAvH),CO,PreservedSpecimen
-75.3154722,9.5495,Instituto de Investigación de Recursos Biológicos Alexander von Humboldt (IAvH),CO,PreservedSpecimen
-77.712222,-6.990278,BRIT,PE,PreservedSpecimen
-39.333333,-17.183333,BRIT,BR,PreservedSpecimen
-66.8976115767,18.22083625,iNaturalist,PR,HumanObservation
-47.3997509479,-24.187784658,iNaturalist,BR,HumanObservation
-66.0917799175,18.0637447676,iNaturalist,PR,HumanObservation
-82.9577983995,8.7936686355,iNaturalist,CR,HumanObservation
-73.5895779295,5.9113696174,iNaturalist,CO,HumanObservation
141.249454,-2.778547,BRI,PG,PRESERVED_SPECIMEN
141.300667,-6.121333,BRI,PG,PRESERVED_SPECIMEN
154.617083,-5.400444,BRI,PG,PRESERVED_SPECIMEN
141.301392,-5.346324,BRI,PG,PRESERVED_SPECIMEN
141.027771,-2.609779,BRI,PG,PRESERVED_SPECIMEN
141.13917,-5.66938,BRI,PG,PRESERVED_SPECIMEN
147.426118,-2.006903,BRI,PG,PRESERVED_SPECIMEN
141.2141,-5.20017,BRI,PG,PRESERVED_SPECIMEN
146.610819,-6.898169,BRI,PG,PRESERVED_SPECIMEN
141.0296,-5.67705,BRI,PG,PRESERVED_SPECIMEN
145.460689,-5.589669,BRI,PG,PRESERVED_SPECIMEN
141.2346,-5.29132,BRI,PG,PRESERVED_SPECIMEN
140.402667,-2.519333,BRI,ID,PRESERVED_SPECIMEN
141.233883,-5.293017,BRI,PG,PRESERVED_SPECIMEN
141.243333,-2.776667,BRI,PG,PRESERVED_SPECIMEN
141.247232,-2.777813,BRI,PG,PRESERVED_SPECIMEN
143.508338,-3.510775,BRI,PG,PRESERVED_SPECIMEN
141.235898,-5.29013,BRI,PG,PRESERVED_SPECIMEN
141.278028,-5.530194,BRI,PG,PRESERVED_SPECIMEN
140.771205,-2.681312,BRI,ID,PRESERVED_SPECIMEN
141.381125,-2.747992,BRI,PG,PRESERVED_SPECIMEN
141.142517,-5.66945,BRI,PG,PRESERVED_SPECIMEN
131.325894,-1.006511,BRI,ID,PRESERVED_SPECIMEN
155.541667,-6.191667,BRI,PG,PRESERVED_SPECIMEN
-89.03944,14.14833,LAGU,SLV,PreservedSpecimen
-60.0319445,-15.0111111,JBRJ,BR,PreservedSpecimen
-60.0319445,-15.0111111,JBRJ,BR,PreservedSpecimen
-73.62065,4.12032,iNaturalist,CO,HumanObservation
-74.0453111667,3.3953833333,iNaturalist,CO,HumanObservation
141.2244249007,-5.2718617453,iNaturalist,PG,HumanObservation
-51.5719445,-27.3013889,UFSC,,PreservedSpecimen
-80.6275383333,8.8359933333,iNaturalist,PA,HumanObservation
-46.65725123,-23.34406024,Unknown,,HumanObservation
-65.73220489972222,18.3543364,Unknown,,HumanObservation
-47.302318888888884,-20.623717777777777,Unknown,,HumanObservation
-49.253501972222224,-16.731400999999998,Unknown,,HumanObservation
-47.302318888888884,-20.623717777777777,Unknown,,HumanObservation
-66.08346757,18.34165649,Unknown,,HumanObservation
-55.21950185,5.81945793,Unknown,,HumanObservation
-43.51731,-20.3887616667,Unknown,,HumanObservation
-47.302318888888884,-20.623717777777777,Unknown,,HumanObservation
-48.7544384992,-17.7789377103,Unknown,,HumanObservation
103.7910783333,1.30958,Unknown,,HumanObservation
-47.302318888888884,-20.623717777777777,Unknown,,HumanObservation
-47.302318888888884,-20.623717777777777,Unknown,,HumanObservation
-52.58776275555556,4.8981263805555555,Unknown,,HumanObservation
-66.10766944444444,18.27481111111111,Unknown,,HumanObservation
-88.4608816667,14.789735,Unknown,,HumanObservation
-46.45782311666667,-23.983310555555555,Unknown,,HumanObservation
-84.4380380685,10.3358896051,Unknown,,HumanObservation
-47.302318888888884,-20.623717777777777,Unknown,,HumanObservation
-69.2412317,18.808203399722224,Unknown,,HumanObservation
-47.302318888888884,-20.623717777777777,Unknown,,HumanObservation
-48.46683301,-1.46252835,Unknown,,HumanObservation
-47.302318888888884,-20.623717777777777,Unknown,,HumanObservation
-85.48844,10.956806,Unknown,,HumanObservation
-47.9650763,-16.0652126,Unknown,,HumanObservation
-75.7303933333,4.8525233333,Unknown,,HumanObservation
-84.688079834,10.5049591064,iNaturalist,CR,HumanObservation
-66.1424827997,18.2801584997,iNaturalist,PR,HumanObservation
-66.1357928,18.3118079997,iNaturalist,PR,HumanObservation
-85.4282921048,15.2443407079,iNaturalist,HN,HumanObservation
110.4163932213,-7.7515346897,iNaturalist,ID,HumanObservation
-82.5610039722,8.869749,iNaturalist,PA,HumanObservation
-86.7211027293,15.7025293921,iNaturalist,HN,HumanObservation
105.1571127258,-5.4368603728,iNaturalist,ID,HumanObservation
-82.5036998838,9.4029583664,iNaturalist,PA,HumanObservation
-82.6816633333,8.886895,iNaturalist,PA,HumanObservation
-82.52907224,9.3791013286,iNaturalist,PA,HumanObservation
-74.960083,4.469944,Universidad de Ibagué (UIbagué),CO,MaterialSample
-85.27,10.9,Unknown,,PreservedSpecimen
-65.7939469012,18.2657299146,iNaturalist,PR,HumanObservation
-82.7804550373,8.8335763474,iNaturalist,PA,HumanObservation
-70.622431,19.108673,BAYLU,DO,PreservedSpecimen
-70.642343,19.061991,BAYLU,DO,PreservedSpecimen
-70.61515,19.09865,BAYLU,DO,PreservedSpecimen
-77.1714167,7.4128611,Unknown,CO,HumanObservation
-77.1714167,7.4128611,Unknown,CO,HumanObservation
-77.1714167,7.4128611,Unknown,CO,HumanObservation
-77.1714167,7.4128611,Unknown,CO,HumanObservation
-77.1714167,7.4128611,Unknown,CO,HumanObservation
-77.1714167,7.4128611,Unknown,CO,HumanObservation
-77.1714167,7.4128611,Unknown,CO,HumanObservation
-77.1714167,7.4128611,Unknown,CO,HumanObservation
-77.1714167,7.4128611,Unknown,CO,HumanObservation
-77.1714167,7.4128611,Unknown,CO,HumanObservation
-77.1714167,7.4128611,Unknown,CO,HumanObservation
-77.1714167,7.4128611,Unknown,CO,HumanObservation
-77.1714167,7.4128611,Unknown,CO,HumanObservation
-77.1714167,7.4128611,Unknown,CO,HumanObservation
-77.1714167,7.4128611,Unknown,CO,HumanObservation
-77.1714167,7.4128611,Unknown,CO,HumanObservation
-77.1714167,7.4128611,Unknown,CO,HumanObservation
-77.1714167,7.4128611,Unknown,CO,HumanObservation
-77.1714167,7.4128611,Unknown,CO,HumanObservation
-84.005219,10.431503,BRIT,CR,PreservedSpecimen
-104.240278,19.66,BRIT,MX,PreservedSpecimen
-84.683333,10.466667,BRIT,CR,PreservedSpecimen
-104.413333,19.587778,BRIT,MX,PreservedSpecimen
101.753333,3.124444,BRIT,MY,PreservedSpecimen
-104.086389,19.636111,BRIT,MX,PreservedSpecimen
-84.005219,10.431503,BRIT,CR,PreservedSpecimen
-69.6,-13.133333,BRIT,PE,PreservedSpecimen
-63.916667,-17.183333,BRIT,BO,PreservedSpecimen
-41.5544444,-21.5555556,JBRJ,BR,PreservedSpecimen
-49.294701,-21.5208,UNESP - IBILCE,BR,Occurrence
-49.348599,-20.9261,UNESP - IBILCE,BR,Occurrence
-45.079201,-23.3811,Instituto Agronômico de Campinas,BR,Occurrence
-49.9739,-21.0014,UNESP - IBILCE,BR,Occurrence
-47.841499,-21.2941,FFCLRP-USP,BR,Occurrence
-47.940899,-21.3447,FFCLRP-USP,BR,Occurrence
-47.8997,-21.2987,FFCLRP-USP,BR,Occurrence
-47.883499,-21.116301,FFCLRP-USP,BR,Occurrence
-47.838501,-21.280701,FFCLRP-USP,BR,Occurrence
-47.062401,-23.738001,IB / USP,BR,Occurrence
-47.072899,-23.7155,IB / USP,BR,Occurrence
-47.835701,-21.0846,FFCLRP-USP,BR,Occurrence
-47.760899,-21.087299,FFCLRP-USP,BR,Occurrence
-47.8041,-21.2971,FFCLRP-USP,BR,Occurrence
-47.813702,-21.0858,FFCLRP-USP,BR,Occurrence
-47.805302,-21.0923,FFCLRP-USP,BR,Occurrence
-47.6628,-21.1243,FFCLRP-USP,BR,Occurrence
-47.670601,-21.132099,FFCLRP-USP,BR,Occurrence
-47.940498,-21.3424,FFCLRP-USP,BR,Occurrence
-47.649799,-21.148001,FFCLRP-USP,BR,Occurrence
-47.789501,-21.0653,FFCLRP-USP,BR,Occurrence
-47.662102,-21.1565,FFCLRP-USP,BR,Occurrence
-46.427101,-23.506901,PMSP - SMMA,BR,Occurrence
-46.4333,-23.366699,Instituto Florestal,BR,Occurrence
-76.472519,3.991639,Smurfit Kappa Cartón de Colombia,CO,HumanObservation
-76.472519,3.991639,Smurfit Kappa Cartón de Colombia,CO,HumanObservation
-78.5990503058,-3.6304785311,iNaturalist,EC,HumanObservation
107.6105354726,-6.8854314921,iNaturalist,ID,HumanObservation
103.8146295,1.4429489,iNaturalist,SG,HumanObservation
124.871047417,1.3458768244,iNaturalist,ID,HumanObservation
-75.2809001,2.9344837,iNaturalist,CO,HumanObservation
-43.2682883333,-22.92423,iNaturalist,BR,HumanObservation
-75.223810691,2.9369821637,iNaturalist,CO,HumanObservation
-46.1891289806,-23.9619357298,Unknown,,HumanObservation
-75.03353797222222,5.300231999999999,Unknown,,HumanObservation
-46.7600612934,-23.6301501554,Unknown,,HumanObservation
-43.3036483333,-22.8150133333,Unknown,,HumanObservation
-66.31787106,18.22251255,Unknown,,HumanObservation
-66.75952936,18.25984361,Unknown,,HumanObservation
-66.96641538888889,10.381896972222222,Unknown,,HumanObservation
-75.6854997397,4.7693130164,Unknown,,HumanObservation
-84.43583679194445,10.272784233055557,Unknown,,HumanObservation
-76.6098033171,4.9568705354,Unknown,,HumanObservation
-47.875754,-15.694967972222223,Unknown,,HumanObservation
-50.25195597222222,-23.446018972222223,Unknown,,HumanObservation
-47.3856995255,-23.4485099092,Unknown,,HumanObservation
-47.98299527777778,-15.811639444444445,Unknown,,HumanObservation
-47.97568613888889,-15.931098277777776,Unknown,,HumanObservation
-47.4794019945,-23.4993989579,Unknown,,HumanObservation
-84.4753623873,10.1373674511,Unknown,,HumanObservation
-46.6496533435,-23.6395387631,Unknown,,HumanObservation
-60.1037399,-3.049072499722222,Unknown,,HumanObservation
-73.0247074891,6.9072164705,Unknown,,HumanObservation
101.75061033333333,3.2297210555555558,Unknown,,HumanObservation
-75.56492697222222,6.202849972222222,Unknown,,HumanObservation
-44.26429395,-20.04454141,Unknown,,HumanObservation
-44.19938611111111,-19.947011111111113,Unknown,,HumanObservation
-47.9700633333,-16.092525,Unknown,,HumanObservation
-44.0225083333,-19.9081916667,Unknown,,HumanObservation
-54.3810983333,4.27193,Unknown,,HumanObservation
-46.537008694444445,-24.032349694444445,Unknown,,HumanObservation
-45.45034738888889,-22.77806125,Unknown,,HumanObservation
110.21966388888889,-7.4769000000000005,Unknown,,HumanObservation
-47.885050972222224,-15.728747,Unknown,,HumanObservation
-47.1308975,-23.585378299722223,Unknown,,HumanObservation
-48.05608997222222,-15.841616972222223,Unknown,,HumanObservation
-43.391885,-22.8352533333,Unknown,,HumanObservation
-46.75194444444445,-23.17638888888889,Unknown,,HumanObservation
-44.5458086944,-19.8425895,Unknown,,HumanObservation
-48.0299616463,-15.8344301777,Unknown,,HumanObservation
-46.871583972222226,-24.222306999999997,Unknown,,HumanObservation
-49.023994583333334,-17.29808127777778,Unknown,,HumanObservation
-49.79131121,-15.18670858,Unknown,,HumanObservation
101.95025237931137,2.7388751338661987,Unknown,,HumanObservation
-43.4369316667,-22.8870716667,Unknown,,HumanObservation
-77.20363611111111,-11.480863888888889,Unknown,,HumanObservation
-44.21957013888889,-21.126882527777777,Unknown,,HumanObservation
-43.164253481,-22.4595668205,Unknown,,HumanObservation
-84.7458444025,10.4248360889,Unknown,,HumanObservation
-46.825152,-23.588721999999997,Unknown,,HumanObservation
-75.14555555555556,6.234444444444445,Unknown,,HumanObservation
-57.98500978,6.75906427,Unknown,,HumanObservation
-61.61306571793244,16.167718554022773,Unknown,,HumanObservation
-47.850881972222226,-15.845338972222223,Unknown,,HumanObservation
-47.865594,-15.716268999999999,Unknown,,HumanObservation
-46.957066250000004,-24.265748583333334,Unknown,,HumanObservation
-75.36243999999999,6.192027972222222,Unknown,,HumanObservation
-75.7657574024,4.8000688059,Unknown,,HumanObservation
-75.7949015066,5.5846396154,Unknown,,HumanObservation
-69.5924567901,19.2904504289,Unknown,,HumanObservation
-82.9580859315,8.7932813477,Unknown,,HumanObservation
-48.4797934266,-1.453534166,Unknown,,HumanObservation
-46.70175009,-24.12524286,Unknown,,HumanObservation
-65.8693231177,18.3235928184,Unknown,,HumanObservation
-83.5846967171,9.8191954971,Unknown,,HumanObservation
-47.9357679561,-25.0081713265,Unknown,,HumanObservation
-75.38475036611112,6.145218372222223,Unknown,,HumanObservation
-47.7078415453,-22.7672839304,Unknown,,HumanObservation
-46.93915248,-23.45182951,Unknown,,HumanObservation
-46.81846035,-24.19772546,Unknown,,HumanObservation
-47.6175,-15.518611111111111,Unknown,,HumanObservation
-44.987500000000004,-19.860277777777778,Unknown,,HumanObservation
-46.87213779,-24.21360891,Unknown,,HumanObservation
-48.00363724,-22.56887887,Unknown,,HumanObservation
-46.81805036111111,-24.18456075,Unknown,,HumanObservation
-42.3598143398,-22.0274132456,Unknown,,HumanObservation
106.921551833,-6.8337946571,Unknown,,HumanObservation
-46.359510972222225,-23.933227972222223,Unknown,,HumanObservation
-40.6248416667,-20.6546183333,Unknown,,HumanObservation
-75.36224999999999,6.192018,Unknown,,HumanObservation
-84.3959485145,10.3558996803,Unknown,,HumanObservation
107.0354948,-6.7355524,Unknown,,HumanObservation
-75.36243999999999,6.192027972222222,Unknown,,HumanObservation
-48.0230036171,-15.8370556334,Unknown,,HumanObservation
103.72260669,1.41838873,Unknown,,HumanObservation
-48.17644880555555,-15.790477749999999,Unknown,,HumanObservation
-48.02980787,-15.8313288402,Unknown,,HumanObservation
-49.2140916667,-16.7376416667,Unknown,,HumanObservation
-48.0418996,-16.0783216,Unknown,,HumanObservation
101.95022134795583,2.7387969520486544,Unknown,,HumanObservation
-49.023994583333334,-17.29808127777778,Unknown,,HumanObservation
-50.5453502946,-21.5312106628,Unknown,,HumanObservation
-50.63901785,-21.25595423,Unknown,,HumanObservation
-56.036754555555554,-15.657080666666667,Unknown,,HumanObservation
-46.3035198,-23.9431881,Unknown,,HumanObservation
-88.90527777777778,15.161944444444444,Unknown,,HumanObservation
-35.036755,-8.091425,Unknown,,HumanObservation
-51.007410972222225,-17.781022,Unknown,,HumanObservation
-48.92893039,-16.34347196,Unknown,,HumanObservation
-75.5484008611111,6.350943083333333,Unknown,,HumanObservation
-47.9580119,-15.91428298,Unknown,,HumanObservation
-39.464459,-13.9624958,Unknown,,HumanObservation
-60.0951076,-3.022975,Unknown,,HumanObservation
-45.0012505655,-21.2294498427,Unknown,,HumanObservation
-57.98486874,6.75900011,Unknown,,HumanObservation
-43.6949299648,-22.7420049487,Unknown,,HumanObservation
-42.94099512,-21.11101527,Unknown,,HumanObservation
-54.0299411,5.4900841,Unknown,,HumanObservation
-47.92388888888889,-15.830277777777777,Unknown,,HumanObservation
-47.71926975,-22.75622574,Unknown,,HumanObservation
103.862981755,1.2778694936,Unknown,,HumanObservation
-47.63111111111111,-22.709722222222222,Unknown,,HumanObservation
-49.30876179972222,-25.4264665,Unknown,,HumanObservation
-84.14432397222222,9.390015972222221,Unknown,,HumanObservation
-75.2556715,4.426951194444444,Unknown,,HumanObservation
-84.43583679194445,10.272784233055557,Unknown,,HumanObservation
-48.43343397222222,-1.425445,Unknown,,HumanObservation
-46.021892,-23.797909,Unknown,,HumanObservation
-46.3495295195,-23.9655597223,Unknown,,HumanObservation
-70.59505209999999,19.1526408,Unknown,,HumanObservation
-51.7144444,-17.8813889,UFJ,,PreservedSpecimen
103.7700722222,1.3635194444,iNaturalist,SG,HumanObservation
103.7815208361,1.3257576116,iNaturalist,SG,HumanObservation
-66.778075,18.1421611111,iNaturalist,PR,HumanObservation
-66.5011833333,18.2531333333,iNaturalist,PR,HumanObservation
103.7815902382,1.3253952751,iNaturalist,SG,HumanObservation
-80.43467,25.5672783333,iNaturalist,US,HumanObservation
-62.9527778,-16.2641667,MO,BO,PreservedSpecimen
-63.0186111,-17.1808334,MO,BO,PreservedSpecimen
-77.25,-0.85,ECUAMZ,EC,PreservedSpecimen
-60.0,8.1666667,MO,GY,PreservedSpecimen
-73.828799,7.361098,Ecopetrol S.A.,CO,HumanObservation
-73.828799,7.361098,Ecopetrol S.A.,CO,HumanObservation
-73.828799,7.361098,Ecopetrol S.A.,CO,HumanObservation
-73.828799,7.361098,Ecopetrol S.A.,CO,HumanObservation
-73.860465,7.308141,Ecopetrol S.A.,CO,HumanObservation
-73.860465,7.308141,Ecopetrol S.A.,CO,HumanObservation
-73.828799,7.361098,Ecopetrol S.A.,CO,HumanObservation
-73.860465,7.308141,Ecopetrol S.A.,CO,HumanObservation
-73.879464,7.384211,Ecopetrol S.A.,CO,HumanObservation
-73.830467,7.361457,Ecopetrol S.A.,CO,HumanObservation
-73.830467,7.361457,Ecopetrol S.A.,CO,HumanObservation
-73.830467,7.361457,Ecopetrol S.A.,CO,HumanObservation
-73.830467,7.361457,Ecopetrol S.A.,CO,HumanObservation
-73.830467,7.361457,Ecopetrol S.A.,CO,HumanObservation
-73.879464,7.384211,Ecopetrol S.A.,CO,HumanObservation
-73.837185,7.366937,Ecopetrol S.A.,CO,HumanObservation
-73.837185,7.366937,Ecopetrol S.A.,CO,HumanObservation
-73.837185,7.366937,Ecopetrol S.A.,CO,HumanObservation
-73.841486,7.369833,Ecopetrol S.A.,CO,HumanObservation
-73.837185,7.366937,Ecopetrol S.A.,CO,HumanObservation
-73.837185,7.366937,Ecopetrol S.A.,CO,HumanObservation
-73.855518,7.332455,Ecopetrol S.A.,CO,HumanObservation
-73.843976,7.373367,Ecopetrol S.A.,CO,HumanObservation
-73.843976,7.373367,Ecopetrol S.A.,CO,HumanObservation
-73.843976,7.373367,Ecopetrol S.A.,CO,HumanObservation
-73.843976,7.373367,Ecopetrol S.A.,CO,HumanObservation
-73.841486,7.369833,Ecopetrol S.A.,CO,HumanObservation
-73.841486,7.369833,Ecopetrol S.A.,CO,HumanObservation
-73.853945,7.339371,Ecopetrol S.A.,CO,HumanObservation
-73.853945,7.339371,Ecopetrol S.A.,CO,HumanObservation
-73.853945,7.339371,Ecopetrol S.A.,CO,HumanObservation
-73.853945,7.339371,Ecopetrol S.A.,CO,HumanObservation
-73.853945,7.339371,Ecopetrol S.A.,CO,HumanObservation
-73.852656,7.338134,Ecopetrol S.A.,CO,HumanObservation
-73.853945,7.339371,Ecopetrol S.A.,CO,HumanObservation
-73.865168,7.387388,Ecopetrol S.A.,CO,HumanObservation
-73.865168,7.387388,Ecopetrol S.A.,CO,HumanObservation
-73.866922,7.385276,Ecopetrol S.A.,CO,HumanObservation
-73.867675,7.385772,Ecopetrol S.A.,CO,HumanObservation
-73.867269,7.386804,Ecopetrol S.A.,CO,HumanObservation
-73.867269,7.386804,Ecopetrol S.A.,CO,HumanObservation
-73.866623,7.385457,Ecopetrol S.A.,CO,HumanObservation
-73.867675,7.385772,Ecopetrol S.A.,CO,HumanObservation
-73.898435,7.356847,Ecopetrol S.A.,CO,HumanObservation
-73.867269,7.386804,Ecopetrol S.A.,CO,HumanObservation
-73.866623,7.385457,Ecopetrol S.A.,CO,HumanObservation
-73.867675,7.385772,Ecopetrol S.A.,CO,HumanObservation
-73.867413,7.386116,Ecopetrol S.A.,CO,HumanObservation
-73.867413,7.386116,Ecopetrol S.A.,CO,HumanObservation
-73.867413,7.386116,Ecopetrol S.A.,CO,HumanObservation
-73.877332,7.3920960000000004,Ecopetrol S.A.,CO,HumanObservation
-73.877377,7.391987,Ecopetrol S.A.,CO,HumanObservation
-73.877386,7.391861,Ecopetrol S.A.,CO,HumanObservation
-73.866623,7.385457,Ecopetrol S.A.,CO,HumanObservation
-73.866623,7.385457,Ecopetrol S.A.,CO,HumanObservation
-73.867269,7.386804,Ecopetrol S.A.,CO,HumanObservation
-72.333693,5.592649,Asociación de Becarios del Casanare (ABC),CO,HumanObservation
-72.33482,5.592495,Asociación de Becarios del Casanare (ABC),CO,HumanObservation
-43.4238711181,-23.0110670877,iNaturalist,BR,HumanObservation
101.7467487976,3.1635030111,iNaturalist,MY,HumanObservation
-61.5418809,10.7136885997,iNaturalist,TT,HumanObservation
103.7910305556,1.3094388889,iNaturalist,SG,HumanObservation
-88.07808,13.94206,B,SV,PreservedSpecimen
-89.386,14.36517,B,SV,PreservedSpecimen
-89.25,13.66667,B,SV,PreservedSpecimen
-89.38472,13.65083,B,SV,PreservedSpecimen
-88.20078,13.7615,B,SV,PreservedSpecimen
-89.99922,13.82331,B,SV,PreservedSpecimen
-88.13333,13.93333,B,SV,PreservedSpecimen
-88.06667,13.93333,B,SV,PreservedSpecimen
-39.8352777,-18.4325,JBRJ,BR,PreservedSpecimen
-54.5861111,-25.4488889,JBRJ,BR,PreservedSpecimen
-39.8319445,-18.4380555,JBRJ,BR,PreservedSpecimen
-48.8847222,-25.4344444,JBRJ,BR,PreservedSpecimen
-39.8336111,-18.435,JBRJ,BR,PreservedSpecimen
-83.4001,8.52164,iNaturalist,CR,HumanObservation
-75.15511111,9.964194444,Instituto de Investigación de Recursos Biológicos Alexander von Humboldt (IAvH),CO,HumanObservation
103.7910616667,1.3096466667,iNaturalist,SG,HumanObservation
106.72712304,-6.55255319,iNaturalist,ID,HumanObservation
-47.8567896411,-15.6725788188,iNaturalist,BR,HumanObservation
116.8371516667,-1.1457966667,iNaturalist,ID,HumanObservation
126.2313833333,8.1777466667,iNaturalist,PH,HumanObservation
-52.3159989722,4.945176,iNaturalist,GF,HumanObservation
-71.1517628266,8.6002339227,iNaturalist,VE,HumanObservation
-71.1140459357,8.6559894926,iNaturalist,VE,HumanObservation
-78.9459903622,0.0679075875,iNaturalist,EC,HumanObservation
-78.3964900997,-1.3939187997,iNaturalist,EC,HumanObservation
-49.940278,-22.210556,UNESP-IS,,PreservedSpecimen
-50.720278,-20.030556,UNESP-IS,,PreservedSpecimen
-51.369444,-20.392222,UNESP-IS,,PreservedSpecimen
-50.720278,-20.030556,UNESP-IS,,PreservedSpecimen
-97.5538,19.9567,US,,PreservedSpecimen
-97.5462,20.0294,US,,PreservedSpecimen
-97.5529,19.9566,US,,PreservedSpecimen
-97.4802,20.1182,US,,PreservedSpecimen
-97.4515,20.0332,US,,PreservedSpecimen
-97.4678,20.0808,US,,PreservedSpecimen
-75.9286,4.442,Corporación Autónoma Regional de Valle del Cauca (CVC),CO,HumanObservation
-75.8931,4.4357,Corporación Autónoma Regional de Valle del Cauca (CVC),CO,HumanObservation
-75.8461,4.2887,Corporación Autónoma Regional de Valle del Cauca (CVC),CO,HumanObservation
-75.9029,4.5171,Corporación Autónoma Regional de Valle del Cauca (CVC),CO,HumanObservation
-75.8956,4.5121,Corporación Autónoma Regional de Valle del Cauca (CVC),CO,HumanObservation
-75.724,4.6826,Corporación Autónoma Regional de Valle del Cauca (CVC),CO,HumanObservation
-75.8104,4.385,Corporación Autónoma Regional de Valle del Cauca (CVC),CO,HumanObservation
-75.8041,4.3474,Corporación Autónoma Regional de Valle del Cauca (CVC),CO,HumanObservation
-48.658889,-24.446611,UNESP-RC,,PreservedSpecimen
-48.681211,-24.545186,UNESP-RC,,PreservedSpecimen
-45.649361,-20.384917,UNESP-RC,,PreservedSpecimen
-49.285081,-25.166303,UNESP-RC,,PreservedSpecimen
-48.658889,-24.446611,UNESP-RC,,PreservedSpecimen
-48.681211,-24.545186,UNESP-RC,,PreservedSpecimen
-75.509037,7.236395,Empresas Públicas de Medellín E.S.P. (EPM),CO,HumanObservation
-75.51083,7.236112,Empresas Públicas de Medellín E.S.P. (EPM),CO,HumanObservation
-75.508977,7.237805,Empresas Públicas de Medellín E.S.P. (EPM),CO,HumanObservation
-75.509992,7.237519,Empresas Públicas de Medellín E.S.P. (EPM),CO,HumanObservation
-75.50877,7.237596,Empresas Públicas de Medellín E.S.P. (EPM),CO,HumanObservation
-74.57875,4.05258,Corporación Autónoma Regional del Tolima (CORTOLIMA),CO,HumanObservation
-53.03853225,5.0647249167,iNaturalist,GF,HumanObservation
-78.8481,0.1721805556,iNaturalist,EC,HumanObservation
-76.0839542786,1.8396850704,iNaturalist,CO,HumanObservation
-97.964257,20.2786413,iNaturalist,MX,HumanObservation
110.3854901505,-7.7604372263,iNaturalist,ID,HumanObservation
-72.785373,4.418864,Geopark Colombia S.A.S. (Geopark),CO,HumanObservation
-72.785373,4.418864,Geopark Colombia S.A.S. (Geopark),CO,HumanObservation
-72.822432,4.368111,Geopark Colombia S.A.S. (Geopark),CO,HumanObservation
-72.812435,4.437946,Geopark Colombia S.A.S. (Geopark),CO,HumanObservation
-72.812435,4.437946,Geopark Colombia S.A.S. (Geopark),CO,HumanObservation
-72.734903,4.485618,Geopark Colombia S.A.S. (Geopark),CO,HumanObservation
-72.817472,4.342224,Geopark Colombia S.A.S. (Geopark),CO,HumanObservation
-72.817472,4.342224,Geopark Colombia S.A.S. (Geopark),CO,HumanObservation
-72.817472,4.342224,Geopark Colombia S.A.S. (Geopark),CO,HumanObservation
-72.789125,4.422611,Geopark Colombia S.A.S. (Geopark),CO,HumanObservation
-72.779913,4.503834,Geopark Colombia S.A.S. (Geopark),CO,HumanObservation
-72.779913,4.503834,Geopark Colombia S.A.S. (Geopark),CO,HumanObservation
-72.77265,4.497669,Geopark Colombia S.A.S. (Geopark),CO,HumanObservation
-72.85496,4.480272,Geopark Colombia S.A.S. (Geopark),CO,HumanObservation
-72.85496,4.480272,Geopark Colombia S.A.S. (Geopark),CO,HumanObservation
-72.85496,4.480272,Geopark Colombia S.A.S. (Geopark),CO,HumanObservation
-72.815422,4.439561,Geopark Colombia S.A.S. (Geopark),CO,HumanObservation
-72.723157,4.452824,Geopark Colombia S.A.S. (Geopark),CO,HumanObservation
-72.723157,4.452824,Geopark Colombia S.A.S. (Geopark),CO,HumanObservation
-72.835844,4.458539,Geopark Colombia S.A.S. (Geopark),CO,HumanObservation
-72.912124,4.46741,Geopark Colombia S.A.S. (Geopark),CO,HumanObservation
-72.912124,4.46741,Geopark Colombia S.A.S. (Geopark),CO,HumanObservation
-73.088482,4.385735,Geopark Colombia S.A.S. (Geopark),CO,HumanObservation
-72.89199,4.484024,Geopark Colombia S.A.S. (Geopark),CO,HumanObservation
-72.89199,4.484024,Geopark Colombia S.A.S. (Geopark),CO,HumanObservation
-73.006964,4.27863,Geopark Colombia S.A.S. (Geopark),CO,HumanObservation
-72.88474,4.481162,Geopark Colombia S.A.S. (Geopark),CO,HumanObservation
-72.932255,4.452928,Geopark Colombia S.A.S. (Geopark),CO,HumanObservation
-83.21666666666667,8.683333333333334,LI,CR,PreservedSpecimen
-83.21666666666667,8.683333333333334,LI,CR,PreservedSpecimen
-83.21666666666667,8.683333333333334,LI,CR,PreservedSpecimen
-83.21666666666667,8.683333333333334,LI,CR,PreservedSpecimen
-83.21666666666667,8.683333333333334,LI,CR,PreservedSpecimen
-83.21666666666667,8.683333333333334,LI,CR,PreservedSpecimen
-83.21666666666667,8.683333333333334,LI,CR,PreservedSpecimen
-83.21666666666667,8.683333333333334,LI,CR,PreservedSpecimen
-83.21666666666667,8.683333333333334,LI,CR,PreservedSpecimen
-83.21666666666667,8.683333333333334,LI,CR,PreservedSpecimen
-83.21666666666667,8.683333333333334,LI,CR,PreservedSpecimen
-83.21666666666667,8.683333333333334,LI,CR,PreservedSpecimen
-83.21666666666667,8.683333333333334,LI,CR,PreservedSpecimen
-83.21666666666667,8.683333333333334,LI,CR,PreservedSpecimen
-83.21666666666667,8.683333333333334,LI,CR,PreservedSpecimen
-75.598386,6.135188,Empresas Públicas de Medellín E.S.P. (EPM),CO,HumanObservation
-65.9095216667,18.3431583333,iNaturalist,PR,HumanObservation
-56.3841666,-21.0361111,UFMS,,PreservedSpecimen
-48.7663889,-15.8436111,UFPR,,PreservedSpecimen
-74.190054,11.235651,ANSP,CO,PreservedSpecimen
-75.850315,20.188092,ANSP,CU,PreservedSpecimen
-77.050413,3.842713,ANSP,CO,PreservedSpecimen
-76.569843,3.649987,ANSP,CO,PreservedSpecimen
-91.472406,15.319177,ANSP,GT,PreservedSpecimen
101.653788,3.12107,ANSP,MY,PreservedSpecimen
-76.328662,17.895866,ANSP,JM,PreservedSpecimen
-78.5,0.416667,ANSP,EC,PreservedSpecimen
101.775188,3.299025,ANSP,MY,PreservedSpecimen
-76.79691,18.020545,ANSP,JM,PreservedSpecimen
-78.833333,0.333333,ANSP,EC,PreservedSpecimen
-91.162773,17.06262,ANSP,GT,PreservedSpecimen
-76.8964,2.7839,Parques Nacionales Naturales de Colombia (PNN),CO,HumanObservation
38.660518,-5.08654,TAFORI-LSRC,TZ,PreservedSpecimen
38.660518,-5.08654,TAFORI-LSRC,TZ,PreservedSpecimen
38.914799,-5.045005,TAFORI-LSRC,TZ,PreservedSpecimen
107.8941310339,-7.0322594313,iNaturalist,ID,HumanObservation
96.130005,4.899865,iNaturalist,ID,HumanObservation
103.7689889689,1.3626830047,iNaturalist,SG,HumanObservation
-66.8792633333,18.2986466667,iNaturalist,PR,HumanObservation
111.0503338,-6.9980669,iNaturalist,ID,HumanObservation
114.7264997,-3.4354333,iNaturalist,ID,HumanObservation
-89.607111,-0.907583,CDF,EC,PreservedSpecimen
-91.022833,-0.866333,CDF,EC,PreservedSpecimen
-90.3934,-0.647083,CDF,EC,PreservedSpecimen
-89.553205,-0.90684,CDF,EC,PreservedSpecimen
-89.548694,-0.89875,CDF,EC,PreservedSpecimen
-91.015166,-0.852138,CDF,EC,PreservedSpecimen
-90.395,-0.652,CDF,EC,PreservedSpecimen
-90.395,-0.652,CDF,EC,PreservedSpecimen
-90.389138,-0.664333,CDF,EC,PreservedSpecimen
-90.392277,-0.651038,CDF,EC,PreservedSpecimen
-61.66505,16.00331,Unknown,GP,HumanObservation
-61.66505,16.00331,Unknown,GP,HumanObservation
-61.66589,16.0025,Unknown,GP,HumanObservation
-61.6655,16.00295,Unknown,GP,HumanObservation
-61.66589,16.0025,Unknown,GP,HumanObservation
-48.571444,-24.298361,UTFPR-CP,,PreservedSpecimen
-49.997528,-23.144667,UTFPR-CP,,PreservedSpecimen
-76.38927,3.95883,Instituto para la Investigación y la Preservación del Patrimonio Cultural y Natural del Valle del Cauca (INCIVA),CO,HumanObservation
-76.3877,3.96011,Instituto para la Investigación y la Preservación del Patrimonio Cultural y Natural del Valle del Cauca (INCIVA),CO,HumanObservation
-72.446472,5.422944,Ecopetrol S.A.,CO,HumanObservation
-72.445563,5.425591,Ecopetrol S.A.,CO,HumanObservation
-73.637657,6.682704,Ecopetrol S.A.,CO,HumanObservation
-73.639457,6.782577,Ecopetrol S.A.,CO,HumanObservation
-73.639457,6.782577,Ecopetrol S.A.,CO,HumanObservation
-73.616196,6.928242,Ecopetrol S.A.,CO,HumanObservation
-73.616196,6.928242,Ecopetrol S.A.,CO,HumanObservation
-73.695273,6.767315,Ecopetrol S.A.,CO,HumanObservation
-73.64918,6.670914,Ecopetrol S.A.,CO,HumanObservation
-73.649297,6.682389,Ecopetrol S.A.,CO,HumanObservation
-73.649297,6.682389,Ecopetrol S.A.,CO,HumanObservation
-73.756586,6.913899,Ecopetrol S.A.,CO,HumanObservation
-73.756586,6.913899,Ecopetrol S.A.,CO,HumanObservation
-73.756586,6.913899,Ecopetrol S.A.,CO,HumanObservation
-73.756586,6.913899,Ecopetrol S.A.,CO,HumanObservation
-73.760385,6.846925,Ecopetrol S.A.,CO,HumanObservation
-73.821431,7.03836,Ecopetrol S.A.,CO,HumanObservation
-73.637511,6.683563,Ecopetrol S.A.,CO,HumanObservation
-73.637511,6.683563,Ecopetrol S.A.,CO,HumanObservation
-73.637511,6.683563,Ecopetrol S.A.,CO,HumanObservation
-73.637511,6.683563,Ecopetrol S.A.,CO,HumanObservation
-73.643762,6.691924,Ecopetrol S.A.,CO,HumanObservation
-73.643762,6.691924,Ecopetrol S.A.,CO,HumanObservation
-73.643762,6.691924,Ecopetrol S.A.,CO,HumanObservation
-73.643762,6.691924,Ecopetrol S.A.,CO,HumanObservation
-73.580319,6.858528,Ecopetrol S.A.,CO,HumanObservation
-73.846278,6.978612,Ecopetrol S.A.,CO,HumanObservation
-73.846278,6.978612,Ecopetrol S.A.,CO,HumanObservation
-73.636967,6.695318,Ecopetrol S.A.,CO,HumanObservation
-73.710507,6.942846,Ecopetrol S.A.,CO,HumanObservation
-73.663131,6.664497,Ecopetrol S.A.,CO,HumanObservation
-73.663131,6.664497,Ecopetrol S.A.,CO,HumanObservation
-73.663131,6.664497,Ecopetrol S.A.,CO,HumanObservation
-73.663131,6.664497,Ecopetrol S.A.,CO,HumanObservation
-73.637504,6.6835,Ecopetrol S.A.,CO,HumanObservation
-73.637504,6.6835,Ecopetrol S.A.,CO,HumanObservation
-73.637504,6.6835,Ecopetrol S.A.,CO,HumanObservation
-73.637504,6.6835,Ecopetrol S.A.,CO,HumanObservation
-73.598649,6.822513,Ecopetrol S.A.,CO,HumanObservation
-73.701146,6.971032,Ecopetrol S.A.,CO,HumanObservation
-73.663901,6.663151,Ecopetrol S.A.,CO,HumanObservation
-73.663901,6.663151,Ecopetrol S.A.,CO,HumanObservation
-73.646753,6.685271,Ecopetrol S.A.,CO,HumanObservation
-73.646753,6.685271,Ecopetrol S.A.,CO,HumanObservation
-73.646753,6.685271,Ecopetrol S.A.,CO,HumanObservation
-73.646753,6.685271,Ecopetrol S.A.,CO,HumanObservation
-73.791439,7.035422,Ecopetrol S.A.,CO,HumanObservation
-73.623468,6.8749,Ecopetrol S.A.,CO,HumanObservation
-73.623468,6.8749,Ecopetrol S.A.,CO,HumanObservation
-73.537436,7.049185,Ecopetrol S.A.,CO,HumanObservation
-73.537436,7.049185,Ecopetrol S.A.,CO,HumanObservation
-73.594958,7.117488,Ecopetrol S.A.,CO,HumanObservation
-73.594958,7.117488,Ecopetrol S.A.,CO,HumanObservation
-73.594958,7.117488,Ecopetrol S.A.,CO,HumanObservation
-73.656554,6.66715,Ecopetrol S.A.,CO,HumanObservation
-73.656554,6.66715,Ecopetrol S.A.,CO,HumanObservation
-73.656554,6.66715,Ecopetrol S.A.,CO,HumanObservation
-73.656192,6.678353,Ecopetrol S.A.,CO,HumanObservation
-73.656192,6.678353,Ecopetrol S.A.,CO,HumanObservation
-73.656192,6.678353,Ecopetrol S.A.,CO,HumanObservation
-73.650256,6.671277,Ecopetrol S.A.,CO,HumanObservation
-73.598529,7.117671,Ecopetrol S.A.,CO,HumanObservation
-73.641209,6.684778,Ecopetrol S.A.,CO,HumanObservation
-73.641209,6.684778,Ecopetrol S.A.,CO,HumanObservation
-73.641209,6.684778,Ecopetrol S.A.,CO,HumanObservation
-73.641209,6.684778,Ecopetrol S.A.,CO,HumanObservation
-73.641209,6.684778,Ecopetrol S.A.,CO,HumanObservation
-73.641209,6.684778,Ecopetrol S.A.,CO,HumanObservation
-73.620687,6.925217,Ecopetrol S.A.,CO,HumanObservation
-73.599623,6.825227,Ecopetrol S.A.,CO,HumanObservation
-73.713285,6.678833,Ecopetrol S.A.,CO,HumanObservation
-73.5936,6.804741,Ecopetrol S.A.,CO,HumanObservation
-73.713285,6.678833,Ecopetrol S.A.,CO,HumanObservation
-73.635732,6.770855,Ecopetrol S.A.,CO,HumanObservation
-73.726082,6.916861,Ecopetrol S.A.,CO,HumanObservation
-73.726082,6.916861,Ecopetrol S.A.,CO,HumanObservation
-73.640321,6.686803,Ecopetrol S.A.,CO,HumanObservation
-73.640321,6.686803,Ecopetrol S.A.,CO,HumanObservation
-73.640321,6.686803,Ecopetrol S.A.,CO,HumanObservation
-73.640321,6.686803,Ecopetrol S.A.,CO,HumanObservation
-73.640321,6.686803,Ecopetrol S.A.,CO,HumanObservation
-73.832912,7.012912,Ecopetrol S.A.,CO,HumanObservation
-73.844698,6.971676,Ecopetrol S.A.,CO,HumanObservation
-73.624694,7.031131,Ecopetrol S.A.,CO,HumanObservation
-73.639241,6.680771,Ecopetrol S.A.,CO,HumanObservation
-73.639241,6.680771,Ecopetrol S.A.,CO,HumanObservation
-73.744552,6.952139,Ecopetrol S.A.,CO,HumanObservation
-73.719632,6.962574,Ecopetrol S.A.,CO,HumanObservation
-73.719632,6.962574,Ecopetrol S.A.,CO,HumanObservation
-73.636583,6.780648,Ecopetrol S.A.,CO,HumanObservation
-73.636583,6.780648,Ecopetrol S.A.,CO,HumanObservation
-73.636583,6.780648,Ecopetrol S.A.,CO,HumanObservation
-73.636583,6.780648,Ecopetrol S.A.,CO,HumanObservation
-73.700164,6.976764,Ecopetrol S.A.,CO,HumanObservation
-73.700164,6.976764,Ecopetrol S.A.,CO,HumanObservation
-73.700164,6.976764,Ecopetrol S.A.,CO,HumanObservation
-73.700164,6.976764,Ecopetrol S.A.,CO,HumanObservation
-73.671097,6.892937,Ecopetrol S.A.,CO,HumanObservation
-73.707015,6.694453,Ecopetrol S.A.,CO,HumanObservation
-73.673501,6.896104,Ecopetrol S.A.,CO,HumanObservation
-73.673501,6.896104,Ecopetrol S.A.,CO,HumanObservation
-73.673501,6.896104,Ecopetrol S.A.,CO,HumanObservation
-73.673501,6.896104,Ecopetrol S.A.,CO,HumanObservation
-73.673501,6.896104,Ecopetrol S.A.,CO,HumanObservation
-73.707015,6.694453,Ecopetrol S.A.,CO,HumanObservation
-73.737496,6.80933,Ecopetrol S.A.,CO,HumanObservation
-73.737496,6.80933,Ecopetrol S.A.,CO,HumanObservation
-73.592547,6.745514,Ecopetrol S.A.,CO,HumanObservation
-73.592547,6.745514,Ecopetrol S.A.,CO,HumanObservation
-73.63816,6.836747,Ecopetrol S.A.,CO,HumanObservation
-73.671097,6.892937,Ecopetrol S.A.,CO,HumanObservation
-73.671097,6.892937,Ecopetrol S.A.,CO,HumanObservation
-73.671097,6.892937,Ecopetrol S.A.,CO,HumanObservation
-73.662049,6.830575,Ecopetrol S.A.,CO,HumanObservation
-73.662049,6.830575,Ecopetrol S.A.,CO,HumanObservation
-73.662049,6.830575,Ecopetrol S.A.,CO,HumanObservation
-73.662049,6.830575,Ecopetrol S.A.,CO,HumanObservation
-75.122944,9.935444,PROMIGAS S.A. E.S.P. (Promigas),CO,HumanObservation
-75.122944,9.935444,PROMIGAS S.A. E.S.P. (Promigas),CO,HumanObservation
-75.313935,6.785702,Empresas Públicas de Medellín E.S.P. (EPM),CO,HumanObservation
-41.4325,-20.731667,INMA,,PreservedSpecimen
-75.13825,6.0970556,Universidad Católica de Oriente (UCO),CO,HumanObservation
-156.091,20.8186,BPBM,,PreservedSpecimen
-156.091,20.8186,BPBM,,PreservedSpecimen
-75.754464,5.805001,Empresas Públicas de Medellín E.S.P. (EPM),CO,HumanObservation
-75.716119,5.800488,Empresas Públicas de Medellín E.S.P. (EPM),CO,HumanObservation
-75.716283,5.799517,Empresas Públicas de Medellín E.S.P. (EPM),CO,HumanObservation
-75.72939,5.804246,Empresas Públicas de Medellín E.S.P. (EPM),CO,HumanObservation
-75.733239,5.803905,Empresas Públicas de Medellín E.S.P. (EPM),CO,HumanObservation
-75.715765,5.798719,Empresas Públicas de Medellín E.S.P. (EPM),CO,HumanObservation
109.9797022795,-7.1803364905,iNaturalist,ID,HumanObservation
-71.2190191871,8.5551848715,iNaturalist,VE,HumanObservation
-75.6561511,4.5492588,iNaturalist,CO,HumanObservation
-71.1448052,8.6194714,iNaturalist,VE,HumanObservation
-45.0,-22.0,UEFS,,PreservedSpecimen
-39.750833,-13.602222,UFBA,,PreservedSpecimen
-47.926944,-15.738333,Cenargen,,PreservedSpecimen
-47.585472,-15.748583,UFG,,PreservedSpecimen
-53.955556,-25.306944,UTFPR-CP,,PreservedSpecimen
43.3016667,20.2522222,UFOP,,PreservedSpecimen
-75.2361458,4.4623742,Corporación Autónoma Regional del Tolima (CORTOLIMA),CO,HumanObservation
-75.349323,6.407735,Inerco Consultoría Colombia Ltda,CO,HumanObservation
101.6487029722,3.120381,iNaturalist,MY,HumanObservation
-75.5237908,6.3737102997,iNaturalist,CO,HumanObservation
-75.8128378645,5.5878624744,iNaturalist,CO,HumanObservation
-75.2559087798,6.1536963747,iNaturalist,CO,HumanObservation
101.6492209722,3.1205579722,iNaturalist,MY,HumanObservation
-76.5791667,3.3169444,iNaturalist,CO,HumanObservation
-75.5550548562,6.3573031455,iNaturalist,CO,HumanObservation
-47.856708169,-15.6725378218,iNaturalist,BR,HumanObservation
-75.5803139135,6.2231584235,iNaturalist,CO,HumanObservation
-75.6106109444,6.2179450833,iNaturalist,CO,HumanObservation
-75.5431785818,6.3652550839,iNaturalist,CO,HumanObservation
-75.5911412962,6.3583602342,iNaturalist,CO,HumanObservation
-75.5881623924,6.1609342289,iNaturalist,CO,HumanObservation
-73.0920556,5.00535,Corporación Autónoma Regional del Chivor (Corpochivor),,HumanObservation
-66.1446,18.37158,iNaturalist,PR,HumanObservation
-65.94835,18.1162138333,iNaturalist,PR,HumanObservation
-85.28083,10.90558,B,CR,PreservedSpecimen
-75.5773,-10.18729,ASU,PE,PreservedSpecimen
-65.77087,18.3154,ASU,PR,PreservedSpecimen
-75.5773,-10.18729,ASU,PE,PreservedSpecimen
-56.5588889,-21.2661111,UFMS,,PreservedSpecimen
-54.3072222,-21.9091667,UFMS,,PreservedSpecimen
-54.464142,-25.630479,UNESP-IBILCE,,PreservedSpecimen
-49.875833,-25.3775,UTFPR-CP,,PreservedSpecimen
-53.683333,-29.566667,UFSM,,PreservedSpecimen
110.415447,-7.757054,iNaturalist,ID,HumanObservation
-66.2589347074,18.0997212868,iNaturalist,PR,HumanObservation
-76.9119445235,0.1128226907,iNaturalist,EC,HumanObservation
-50.116666667,-15.9,UNEMAT,,PreservedSpecimen
-49.266666667,-20.9,UNEMAT,,PreservedSpecimen
-49.266666667,-20.9,UNEMAT,,PreservedSpecimen
-52.462388889,-14.655388889,UNEMAT,,PreservedSpecimen
-62.033333333,-12.233333333,UNEMAT,,PreservedSpecimen
-50.116666667,-15.9,UNEMAT,,PreservedSpecimen
-47.85,-15.874444444,UNEMAT,,PreservedSpecimen
-54.583333,-20.45,UTFPR-SL,,PreservedSpecimen
-75.1974861,4.4491972,Universidad de Ibagué (Unibague),CO,HumanObservation
-75.1974861,4.4491972,Universidad de Ibagué (Unibague),CO,HumanObservation
-75.1974861,4.4491972,Universidad de Ibagué (Unibague),CO,HumanObservation
-75.1974861,4.4491972,Universidad de Ibagué (Unibague),CO,HumanObservation
-75.1974861,4.4491972,Universidad de Ibagué (Unibague),CO,HumanObservation
101.7526722222,3.32455,iNaturalist,MY,HumanObservation
-65.7869839997,18.302445392,iNaturalist,PR,HumanObservation
-49.265833,-24.810833,UTFPR-CP,,PreservedSpecimen
-49.351583,-25.615,UTFPR-CP,,PreservedSpecimen
-65.7942793249,18.2651641618,iNaturalist,PR,HumanObservation
-66.00112844,18.25618844,iNaturalist,PR,HumanObservation
-79.758349,9.15782,GA,PA,PreservedSpecimen
-78.33333,-2.66667,Instituto Amazónico de Investigaciones Científicas - SINCHI,EC,PreservedSpecimen
-43.2777778,-22.9613889,JBRJ,BR,PreservedSpecimen
-43.7313889,-22.5244445,JBRJ,BR,PreservedSpecimen
-43.2777778,-22.9613889,JBRJ,BR,PreservedSpecimen
-43.2780556,-22.9608333,JBRJ,BR,PreservedSpecimen
-43.2777778,-22.9613889,JBRJ,BR,PreservedSpecimen
-43.2777778,-22.9613889,JBRJ,BR,PreservedSpecimen
-66.765,-9.955,JBRJ,BR,PreservedSpecimen
-43.2777778,-22.9613889,JBRJ,BR,PreservedSpecimen
-46.7175,-18.6527778,JBRJ,BR,PreservedSpecimen
-43.1288889,-22.58,JBRJ,BR,PreservedSpecimen
103.7906939909,1.4179639509,iNaturalist,SG,HumanObservation
-65.6957866667,18.3628366667,iNaturalist,PR,HumanObservation
125.53762121,7.072405,iNaturalist,PH,HumanObservation
108.0569019914,-7.3258887198,iNaturalist,ID,HumanObservation
-73.5812361,3.8857861,Instituto de Investigación de Recursos Biológicos Alexander von Humboldt (IAvH),CO,HumanObservation
-96.1525,19.184,AMU,,PreservedSpecimen
-96.1525,19.184,AMU,,PreservedSpecimen
-96.1525,19.184,AMU,,PreservedSpecimen
-77.1362974537,0.0848639013,iNaturalist,EC,HumanObservation
107.6613888889,-6.9433333333,iNaturalist,ID,HumanObservation
-88.928,15.639,USCG,GT,PreservedSpecimen
-44.6197223,-22.4283334,JBRJ,BR,PreservedSpecimen
-84.7979077125,10.3377022373,iNaturalist,CR,HumanObservation
-84.7317320136,10.4702059351,iNaturalist,CR,HumanObservation
-47.8567631543,-15.6725662292,iNaturalist,BR,HumanObservation
-65.8047333333,18.3991966667,iNaturalist,PR,HumanObservation
-92.0999809722,16.915789,iNaturalist,MX,HumanObservation
-70.5415343857,19.0332663962,iNaturalist,DO,HumanObservation
-72.66462409,-7.63278339,iNaturalist,BR,HumanObservation
-77.647,18.352245,No Voucher Tissue,,MATERIAL_SAMPLE
-77.30359,18.122078,No Voucher Tissue,,MATERIAL_SAMPLE
-77.30359,18.122078,No Voucher Tissue,,MATERIAL_SAMPLE
-77.30359,18.122078,No Voucher Tissue,,MATERIAL_SAMPLE
-77.30359,18.122078,No Voucher Tissue,,MATERIAL_SAMPLE
-77.30359,18.122078,No Voucher Tissue,,MATERIAL_SAMPLE
-77.30359,18.122078,No Voucher Tissue,,MATERIAL_SAMPLE
-54.5891666,-20.4958333,UFMS,,PreservedSpecimen
-54.5833333,-20.45,UFMS,,PreservedSpecimen
-57.033333,-19.45,CPAP,,PreservedSpecimen
-49.581667,-23.281389,UTFPR-SL,,PreservedSpecimen
-66.6979,18.197705,iNaturalist,PR,HumanObservation
178.4708240256,-18.1169964966,iNaturalist,FJ,HumanObservation
-75.572716,7.929901,Cerro Matoso S.A (CMSA),CO,HumanObservation
-75.572716,7.929901,Cerro Matoso S.A (CMSA),CO,HumanObservation
-75.572716,7.929901,Cerro Matoso S.A (CMSA),CO,HumanObservation
-75.572716,7.929901,Cerro Matoso S.A (CMSA),CO,HumanObservation
-75.572716,7.929901,Cerro Matoso S.A (CMSA),CO,HumanObservation
-75.572716,7.929901,Cerro Matoso S.A (CMSA),CO,HumanObservation
-75.572716,7.929901,Cerro Matoso S.A (CMSA),CO,HumanObservation
-75.572716,7.929901,Cerro Matoso S.A (CMSA),CO,HumanObservation
-75.572716,7.929901,Cerro Matoso S.A (CMSA),CO,HumanObservation
-75.572716,7.929901,Cerro Matoso S.A (CMSA),CO,HumanObservation
-75.572716,7.929901,Cerro Matoso S.A (CMSA),CO,HumanObservation
-75.572716,7.929901,Cerro Matoso S.A (CMSA),CO,HumanObservation
-75.572716,7.929901,Cerro Matoso S.A (CMSA),CO,HumanObservation
-75.572716,7.929901,Cerro Matoso S.A (CMSA),CO,HumanObservation
-75.572716,7.929901,Cerro Matoso S.A (CMSA),CO,HumanObservation
-75.572716,7.929901,Cerro Matoso S.A (CMSA),CO,HumanObservation
-75.574849,7.931488,Cerro Matoso S.A (CMSA),CO,HumanObservation
-75.572716,7.929901,Cerro Matoso S.A (CMSA),CO,HumanObservation
-75.542064,7.928078,Cerro Matoso S.A (CMSA),CO,HumanObservation
-75.536376,7.917337,Cerro Matoso S.A (CMSA),CO,HumanObservation
-75.536376,7.917337,Cerro Matoso S.A (CMSA),CO,HumanObservation
-75.533811,7.910909,Cerro Matoso S.A (CMSA),CO,HumanObservation
-75.533811,7.910909,Cerro Matoso S.A (CMSA),CO,HumanObservation
-75.533811,7.910909,Cerro Matoso S.A (CMSA),CO,HumanObservation
-75.545038,7.924377,Cerro Matoso S.A (CMSA),CO,HumanObservation
-75.545038,7.924377,Cerro Matoso S.A (CMSA),CO,HumanObservation
-75.545038,7.924377,Cerro Matoso S.A (CMSA),CO,HumanObservation
-75.545038,7.924377,Cerro Matoso S.A (CMSA),CO,HumanObservation
-75.545038,7.924377,Cerro Matoso S.A (CMSA),CO,HumanObservation
-75.544239,7.926521,Cerro Matoso S.A (CMSA),CO,HumanObservation
-75.580421,7.93206,Cerro Matoso S.A (CMSA),CO,HumanObservation
-75.580421,7.93206,Cerro Matoso S.A (CMSA),CO,HumanObservation
-75.580421,7.93206,Cerro Matoso S.A (CMSA),CO,HumanObservation
-75.580421,7.93206,Cerro Matoso S.A (CMSA),CO,HumanObservation
-75.580421,7.93206,Cerro Matoso S.A (CMSA),CO,HumanObservation
-75.580421,7.93206,Cerro Matoso S.A (CMSA),CO,HumanObservation
-75.580421,7.93206,Cerro Matoso S.A (CMSA),CO,HumanObservation
-75.580421,7.93206,Cerro Matoso S.A (CMSA),CO,HumanObservation
-75.544239,7.926521,Cerro Matoso S.A (CMSA),CO,HumanObservation
-75.580421,7.93206,Cerro Matoso S.A (CMSA),CO,HumanObservation
-75.544239,7.926521,Cerro Matoso S.A (CMSA),CO,HumanObservation
-75.581365,7.929926,Cerro Matoso S.A (CMSA),CO,HumanObservation
-75.581365,7.929926,Cerro Matoso S.A (CMSA),CO,HumanObservation
-75.581365,7.929926,Cerro Matoso S.A (CMSA),CO,HumanObservation
-75.581365,7.929926,Cerro Matoso S.A (CMSA),CO,HumanObservation
-75.581365,7.929926,Cerro Matoso S.A (CMSA),CO,HumanObservation
-75.581365,7.929926,Cerro Matoso S.A (CMSA),CO,HumanObservation
-75.581365,7.929926,Cerro Matoso S.A (CMSA),CO,HumanObservation
-75.581365,7.929926,Cerro Matoso S.A (CMSA),CO,HumanObservation
-75.581365,7.929926,Cerro Matoso S.A (CMSA),CO,HumanObservation
-66.8981009614,18.216360663,iNaturalist,PR,HumanObservation
-48.795278,-15.901944,UFG,,PreservedSpecimen
-43.3575,-19.861944,UFMG,,PreservedSpecimen
-49.590833,-14.772222,UFMG,,PreservedSpecimen
-51.797917,-25.150528,UTFPR-CP,,PreservedSpecimen
-65.8669358282,18.2802594777,iNaturalist,PR,HumanObservation
-76.65144,5.6932,Universidad Tecnológica del Chocó (UTCH),CO,PreservedSpecimen
-76.83378,5.11666,Universidad Tecnológica del Chocó (UTCH),CO,PreservedSpecimen
-77.36109,5.60755,Universidad Tecnológica del Chocó (UTCH),CO,PreservedSpecimen
-76.73333333,5.0,Universidad Tecnológica del Chocó (UTCH),CO,PreservedSpecimen
-76.84469,7.4581,Universidad Tecnológica del Chocó (UTCH),CO,PreservedSpecimen
-76.84469,7.4581,Universidad Tecnológica del Chocó (UTCH),CO,PreservedSpecimen
-76.84469,7.4581,Universidad Tecnológica del Chocó (UTCH),CO,PreservedSpecimen
-76.66275,5.68375,Universidad Tecnológica del Chocó (UTCH),CO,PreservedSpecimen
-76.66275,5.68375,Universidad Tecnológica del Chocó (UTCH),CO,PreservedSpecimen
-76.66275,5.68375,Universidad Tecnológica del Chocó (UTCH),CO,PreservedSpecimen
-76.660037,5.72189,Universidad Tecnológica del Chocó (UTCH),CO,PreservedSpecimen
-76.660037,5.72189,Universidad Tecnológica del Chocó (UTCH),CO,PreservedSpecimen
-77.77078,7.18228,Universidad Tecnológica del Chocó (UTCH),CO,PreservedSpecimen
-77.77078,7.18228,Universidad Tecnológica del Chocó (UTCH),CO,PreservedSpecimen
-76.36648,5.3008,Universidad Tecnológica del Chocó (UTCH),CO,PreservedSpecimen
-76.660037,5.72189,Universidad Tecnológica del Chocó (UTCH),CO,PreservedSpecimen
-77.77078,7.18228,Universidad Tecnológica del Chocó (UTCH),CO,PreservedSpecimen
103.8237896312,1.3829837533,iNaturalist,SG,HumanObservation
106.7484657839,-6.6740533142,iNaturalist,ID,HumanObservation
-78.355025,0.7984777778,iNaturalist,EC,HumanObservation
-43.2286111,-22.9666667,JBRJ,BR,PreservedSpecimen
-56.7069444,-20.9686111,JBRJ,BR,PreservedSpecimen
-59.8432583769,-3.0422039357,iNaturalist,BR,HumanObservation
-85.27,10.9,Unknown,,PreservedSpecimen
-85.27,10.9,Unknown,,PreservedSpecimen
0.0,0.0,MBM,BR,PreservedSpecimen
-42.7419444444444,-20.0525,MBM,BR,PreservedSpecimen
-43.43,-20.2761111111111,MBM,BR,PreservedSpecimen
0.0,0.0,MBM,BO,PreservedSpecimen
0.0,0.0,MBM,BR,PreservedSpecimen
0.0,0.0,MBM,BO,PreservedSpecimen
-66.6166666666667,-14.5,MBM,BO,PreservedSpecimen
-41.0233333333333,-20.3888888888889,MBM,BR,PreservedSpecimen
-66.6166666666667,-14.5,MBM,BO,PreservedSpecimen
-47.8353991843,-15.7367033786,iNaturalist,BR,HumanObservation
-52.736944,-21.152222,UEFS,,PreservedSpecimen
-44.0288889,-20.38,JBRJ,BR,PreservedSpecimen
116.976449611,-0.9970457201,iNaturalist,ID,HumanObservation
-73.280967,4.727383,Ecopetrol S.A,CO,HumanObservation
-65.7765116667,18.3113783333,iNaturalist,PR,HumanObservation
-76.16025,4.027992,Instituto para la Investigación y la Preservación del Patrimonio Cultural y Natural del Valle del Cauca - INCIVA,CO,HumanObservation
-76.1699444,4.0203889,Instituto para la Investigación y la Preservación del Patrimonio Cultural y Natural del Valle del Cauca - INCIVA,CO,HumanObservation
-45.788889,-13.656389,USP-IB,,PreservedSpecimen
-72.624175,5.2457444,Universidad Pedagógica y Tecnológica de Colombia (UPTC),CO,PreservedSpecimen
-75.9864805174,1.9825986877,iNaturalist,CO,HumanObservation
-47.8849062068,-15.7416845017,iNaturalist,BR,HumanObservation
-75.7570419312,6.0168280602,iNaturalist,CO,HumanObservation
107.7688293333,-6.9294161389,iNaturalist,ID,HumanObservation
-75.7570571899,6.016866684,iNaturalist,CO,HumanObservation
-54.19142,3.96386,UMS PatriNat,GF,HumanObservation
-91.2606,16.86472,IBUNAM,MX,PreservedSpecimen
-91.0986,16.80722,IBUNAM,MX,PreservedSpecimen
-91.2711,16.93,IBUNAM,MX,PreservedSpecimen
-91.1931,17.035,IBUNAM,MX,PreservedSpecimen
-91.2044,17.07,IBUNAM,MX,PreservedSpecimen
-99.7956,18.91611,IBUNAM,MX,PreservedSpecimen
-93.32417,15.9575,IBUNAM,MX,PreservedSpecimen
-93.50472,16.00472,IBUNAM,MX,PreservedSpecimen
-93.50556,16.01389,IBUNAM,MX,PreservedSpecimen
-91.0928,16.79556,IBUNAM,MX,PreservedSpecimen
-91.2611,16.95611,IBUNAM,MX,PreservedSpecimen
-97.3125,20.00694,IBUNAM,MX,PreservedSpecimen
-91.2822,17.02806,IBUNAM,MX,PreservedSpecimen
-91.5992,16.79694,IBUNAM,MX,PreservedSpecimen
-91.0772,16.72556,IBUNAM,MX,PreservedSpecimen
-92.9696,15.60564,IBUNAM,MX,PreservedSpecimen
-96.983,18.633,IBUNAM,MX,PreservedSpecimen
-90.7217,16.6,IBUNAM,MX,PreservedSpecimen
-91.0939,16.73694,IBUNAM,MX,PreservedSpecimen
-91.1492,16.8575,IBUNAM,MX,PreservedSpecimen
-93.3708,16.06389,IBUNAM,MX,PreservedSpecimen
-96.0647,15.94444,IBUNAM,MX,PreservedSpecimen
-93.4614,16.00333,IBUNAM,MX,PreservedSpecimen
-91.1167,16.75972,IBUNAM,MX,PreservedSpecimen
-91.2967,17.03,IBUNAM,MX,PreservedSpecimen
-92.09556,15.05722,IBUNAM,MX,PreservedSpecimen
-90.92583,16.72306,IBUNAM,MX,PreservedSpecimen
-91.10167,16.78944,IBUNAM,MX,PreservedSpecimen
-93.21208,15.90317,IBUNAM,MX,PreservedSpecimen
-93.32639,15.99583,IBUNAM,MX,PreservedSpecimen
-96.71792,17.95403,IBUNAM,MX,PreservedSpecimen
-95.18,18.52583,IBUNAM,MX,PreservedSpecimen
-97.30389,20.00556,IBUNAM,MX,PreservedSpecimen
-96.27917,17.37083,IBUNAM,MX,PreservedSpecimen
-96.9188889,17.6533333,IBUNAM,MX,PreservedSpecimen
-85.833,12.967,IBUNAM,,PreservedSpecimen
-99.4819,17.2875,IBUNAM,MX,PreservedSpecimen
-91.25972,16.96333,IBUNAM,MX,PreservedSpecimen
-99.93833,17.82,IBUNAM,MX,PreservedSpecimen
-93.41056,16.00056,IBUNAM,MX,PreservedSpecimen
-93.47139,16.00139,IBUNAM,MX,PreservedSpecimen
-89.933,13.817,IBUNAM,,PreservedSpecimen
-97.8022222,20.2469444,IBUNAM,MX,PreservedSpecimen
-99.46667,17.31389,IBUNAM,MX,PreservedSpecimen
-99.5,17.29444,IBUNAM,MX,PreservedSpecimen
-96.583,19.233,IBUNAM,MX,PreservedSpecimen
-91.083,16.733,IBUNAM,MX,PreservedSpecimen
-78.95,9.267,IBUNAM,,PreservedSpecimen
-83.95,10.017,IBUNAM,,PreservedSpecimen
-105.05,21.183,IBUNAM,MX,PreservedSpecimen
-104.935,21.3869444,IBUNAM,MX,PreservedSpecimen
-105.02389,21.3875,IBUNAM,MX,PreservedSpecimen
-96.35,18.217,IBUNAM,MX,PreservedSpecimen
-93.0947222,16.7275,IBUNAM,MX,PreservedSpecimen
-104.935,21.3869444,IBUNAM,MX,PreservedSpecimen
-96.35,18.217,IBUNAM,MX,PreservedSpecimen
-105.0211111,21.3858333,IBUNAM,MX,PreservedSpecimen
-105.021,21.386,IBUNAM,MX,PreservedSpecimen
-105.021,21.386,IBUNAM,MX,PreservedSpecimen
-85.933,11.833,IBUNAM,,PreservedSpecimen
-95.917,16.233,IBUNAM,MX,PreservedSpecimen
-97.45,19.88333,IBUNAM,MX,PreservedSpecimen
-82.117,8.95,IBUNAM,,PreservedSpecimen
-95.067,18.567,IBUNAM,MX,PreservedSpecimen
-100.283,17.283,IBUNAM,MX,PreservedSpecimen
-92.0897222,17.2308333,IBUNAM,MX,PreservedSpecimen
-104.5,22.267,IBUNAM,MX,PreservedSpecimen
-105.00222,21.51306,IBUNAM,MX,PreservedSpecimen
-105.0211111,21.3858333,IBUNAM,MX,PreservedSpecimen
-104.917,21.2,IBUNAM,MX,PreservedSpecimen
-104.30111,19.65694,IBUNAM,MX,PreservedSpecimen
-105.25417,20.55972,IBUNAM,MX,PreservedSpecimen
-105.575,20.45278,IBUNAM,MX,PreservedSpecimen
-92.2002778,15.6586111,IBUNAM,MX,PreservedSpecimen
-97.83333,20.01667,IBUNAM,MX,PreservedSpecimen
-97.45,19.88333,IBUNAM,MX,PreservedSpecimen
-79.75,9.133,IBUNAM,,PreservedSpecimen
-84.3,12.167,IBUNAM,,PreservedSpecimen
-97.08333,16.15,IBUNAM,MX,PreservedSpecimen
-98.21667,20.28333,IBUNAM,MX,PreservedSpecimen
-96.533,16.017,IBUNAM,MX,PreservedSpecimen
-96.21667,16.95,IBUNAM,MX,PreservedSpecimen
-96.967,16.2,IBUNAM,MX,PreservedSpecimen
-92.150347,16.815467,IBUNAM,MX,PreservedSpecimen
-104.617,22.25,IBUNAM,MX,PreservedSpecimen
-97.73333,20.01667,IBUNAM,MX,PreservedSpecimen
-91.3125,16.7938889,IBUNAM,MX,PreservedSpecimen
-98.18333,20.28333,IBUNAM,MX,PreservedSpecimen
-97.48333,20.01667,IBUNAM,MX,PreservedSpecimen
-97.25,19.8,IBUNAM,MX,PreservedSpecimen
-92.0433333,17.485,IBUNAM,MX,PreservedSpecimen
-92.1377778,17.1236111,IBUNAM,MX,PreservedSpecimen
-90.92992,16.79078,IBUNAM,MX,PreservedSpecimen
-90.905,16.80761,IBUNAM,MX,PreservedSpecimen
-92.0433333,17.485,IBUNAM,MX,PreservedSpecimen
-93.0075,17.3519444,IBUNAM,MX,PreservedSpecimen
-86.033,13.75,IBUNAM,,PreservedSpecimen
-85.783,13.267,IBUNAM,,PreservedSpecimen
-85.0,12.833,IBUNAM,,PreservedSpecimen
-92.11,16.9905556,IBUNAM,MX,PreservedSpecimen
-94.1025,16.4661111,IBUNAM,MX,PreservedSpecimen
-91.9583333,16.3916667,IBUNAM,MX,PreservedSpecimen
-97.6083333,19.9188889,IBUNAM,MX,PreservedSpecimen
-103.267,20.69972,IBUNAM,MX,PreservedSpecimen
-93.3222,16.09194,IBUNAM,MX,PreservedSpecimen
-97.6225,16.66619,IBUNAM,MX,PreservedSpecimen
-88.9353,16.7075,IBUNAM,,PreservedSpecimen
-91.2497,16.98139,IBUNAM,MX,PreservedSpecimen
-97.04,19.49,IBUNAM,MX,PreservedSpecimen
-91.1083,16.76722,IBUNAM,MX,PreservedSpecimen
-91.2967,17.09583,IBUNAM,MX,PreservedSpecimen
-91.245,17.02778,IBUNAM,MX,PreservedSpecimen
-91.2714,17.12778,IBUNAM,MX,PreservedSpecimen
-91.1481,16.84528,IBUNAM,MX,PreservedSpecimen
-91.1083,16.78917,IBUNAM,MX,PreservedSpecimen
-93.44194,16.00028,IBUNAM,MX,PreservedSpecimen
-93.30444,16.01444,IBUNAM,MX,PreservedSpecimen
-92.4697222,16.9141667,IBUNAM,MX,PreservedSpecimen
-95.3953,16.87889,IBUNAM,MX,PreservedSpecimen
-93.3708,16.06389,IBUNAM,MX,PreservedSpecimen
-93.31222,16.01,IBUNAM,MX,PreservedSpecimen
-93.5047,16.00472,IBUNAM,MX,PreservedSpecimen
-91.2597,16.94528,IBUNAM,MX,PreservedSpecimen
-93.43194,16.11111,IBUNAM,MX,PreservedSpecimen
-97.31056,20.00556,IBUNAM,MX,PreservedSpecimen
-91.0761,16.79028,IBUNAM,MX,PreservedSpecimen
-96.61703,18.01208,IBUNAM,MX,PreservedSpecimen
-92.6017,15.67472,IBUNAM,MX,PreservedSpecimen
-91.1222,16.76611,IBUNAM,MX,PreservedSpecimen
-93.46139,16.00333,IBUNAM,MX,PreservedSpecimen
-88.87,16.48917,IBUNAM,,PreservedSpecimen
-93.32417,15.9575,IBUNAM,MX,PreservedSpecimen
-96.833,19.933,IBUNAM,MX,PreservedSpecimen
-93.44194,16.00028,IBUNAM,MX,PreservedSpecimen
-96.79722,18.66389,IBUNAM,MX,PreservedSpecimen
-90.90961,16.80586,IBUNAM,MX,PreservedSpecimen
-96.34736,18.15947,IBUNAM,MX,PreservedSpecimen
-93.31667,16.04194,IBUNAM,MX,PreservedSpecimen
-95.167,18.567,IBUNAM,MX,PreservedSpecimen
-90.8895,16.82342,IBUNAM,MX,PreservedSpecimen
-90.92992,16.79078,IBUNAM,MX,PreservedSpecimen
-91.5675,17.23528,IBUNAM,MX,PreservedSpecimen
-90.87914,16.82228,IBUNAM,MX,PreservedSpecimen
-96.65075,17.98731,IBUNAM,MX,PreservedSpecimen
-89.35,14.417,IBUNAM,,PreservedSpecimen
-95.067,18.55,IBUNAM,MX,PreservedSpecimen
-95.117,18.583,IBUNAM,MX,PreservedSpecimen
-99.6,17.12917,IBUNAM,MX,PreservedSpecimen
-99.48194,17.2875,IBUNAM,MX,PreservedSpecimen
-99.46667,17.31389,IBUNAM,MX,PreservedSpecimen
-91.2540278,16.9815556,IBUNAM,MX,PreservedSpecimen
-104.933,21.383,IBUNAM,MX,PreservedSpecimen
-85.9,12.9,IBUNAM,,PreservedSpecimen
-84.533,11.083,IBUNAM,,PreservedSpecimen
-91.25972,16.96333,IBUNAM,MX,PreservedSpecimen
-96.22222,15.87028,IBUNAM,MX,PreservedSpecimen
-99.75583,17.86417,IBUNAM,MX,PreservedSpecimen
-99.94611,17.77806,IBUNAM,MX,PreservedSpecimen
-98.08333,17.2,IBUNAM,MX,PreservedSpecimen
-108.16917,26.67944,IBUNAM,MX,PreservedSpecimen
-85.89833,13.085,IBUNAM,,PreservedSpecimen
-91.42472,16.95861,IBUNAM,MX,PreservedSpecimen
-76.35,6.767,IBUNAM,CO,PreservedSpecimen
-85.683,13.2,IBUNAM,,PreservedSpecimen
-83.767,11.983,IBUNAM,,PreservedSpecimen
-103.708,19.285,IBUNAM,MX,PreservedSpecimen
-105.0211111,21.3858333,IBUNAM,MX,PreservedSpecimen
-104.95,22.0,IBUNAM,MX,PreservedSpecimen
-105.233,21.35,IBUNAM,MX,PreservedSpecimen
-104.935,21.3869444,IBUNAM,MX,PreservedSpecimen
-104.917,21.2,IBUNAM,MX,PreservedSpecimen
-104.935,21.3869444,IBUNAM,MX,PreservedSpecimen
-92.77833,16.93583,IBUNAM,MX,PreservedSpecimen
-104.433,22.333,IBUNAM,MX,PreservedSpecimen
-104.433,19.617,IBUNAM,MX,PreservedSpecimen
-104.19583,19.683,IBUNAM,MX,PreservedSpecimen
-92.3669444,17.1336111,IBUNAM,MX,PreservedSpecimen
-104.935,21.3869444,IBUNAM,MX,PreservedSpecimen
-92.4419444,16.8113889,IBUNAM,MX,PreservedSpecimen
-88.833,16.083,IBUNAM,,PreservedSpecimen
-105.0211111,21.3858333,IBUNAM,MX,PreservedSpecimen
-104.917,21.2,IBUNAM,MX,PreservedSpecimen
-104.4125,19.60306,IBUNAM,MX,PreservedSpecimen
-97.63333,19.9,IBUNAM,MX,PreservedSpecimen
-91.0836111,16.1225,IBUNAM,MX,PreservedSpecimen
-104.29889,19.45194,IBUNAM,MX,PreservedSpecimen
-97.48333,20.01667,IBUNAM,MX,PreservedSpecimen
-104.183,19.467,IBUNAM,MX,PreservedSpecimen
-104.25,19.517,IBUNAM,MX,PreservedSpecimen
-96.3,17.683,IBUNAM,MX,PreservedSpecimen
-96.35,18.21667,IBUNAM,MX,PreservedSpecimen
-97.117,16.3,IBUNAM,MX,PreservedSpecimen
-96.5,17.95,IBUNAM,MX,PreservedSpecimen
-96.817,16.183,IBUNAM,MX,PreservedSpecimen
-97.0,16.2,IBUNAM,MX,PreservedSpecimen
-92.75833,17.44167,IBUNAM,MX,PreservedSpecimen
-97.017,16.15,IBUNAM,MX,PreservedSpecimen
-98.21667,20.28333,IBUNAM,MX,PreservedSpecimen
-97.86667,16.4,IBUNAM,MX,PreservedSpecimen
-85.817,12.983,IBUNAM,,PreservedSpecimen
-85.533,13.25,IBUNAM,,PreservedSpecimen
-85.50167,11.4625,IBUNAM,,PreservedSpecimen
-106.583,21.583,IBUNAM,MX,PreservedSpecimen
-95.067,18.567,IBUNAM,MX,PreservedSpecimen
-98.5686111,20.6111111,IBUNAM,MX,PreservedSpecimen
-86.167,13.25,IBUNAM,,PreservedSpecimen
-85.75,13.5,IBUNAM,,PreservedSpecimen
-84.617,14.05,IBUNAM,,PreservedSpecimen
-84.567,14.017,IBUNAM,,PreservedSpecimen
-84.717,10.483,IBUNAM,,PreservedSpecimen
-84.333,13.583,IBUNAM,,PreservedSpecimen
-85.267,12.917,IBUNAM,,PreservedSpecimen
-95.083,18.517,IBUNAM,MX,PreservedSpecimen
-98.1980556,20.3686111,IBUNAM,MX,PreservedSpecimen
-97.4586111,20.0725,IBUNAM,MX,PreservedSpecimen
-90.87903,16.739,IBUNAM,MX,PreservedSpecimen
-92.4002778,15.1669444,IBUNAM,MX,PreservedSpecimen
-95.033,18.533,IBUNAM,MX,PreservedSpecimen
-93.4502778,16.8863889,IBUNAM,MX,PreservedSpecimen
-93.37083,16.06389,IBUNAM,MX,PreservedSpecimen
-92.5227778,15.4408333,IBUNAM,MX,PreservedSpecimen
-92.4583333,16.8416667,CAS,MX,PreservedSpecimen
-91.975,17.4583333,CAS,MX,PreservedSpecimen
-93.425,16.6416667,CAS,MX,PreservedSpecimen
-76.8874145725,0.101136353,iNaturalist,EC,HumanObservation
125.38475,7.0281333333,iNaturalist,PH,HumanObservation
-66.71887,18.333656,iNaturalist,PR,HumanObservation
107.7711486667,-6.9322004167,iNaturalist,ID,HumanObservation
-90.925,16.125,ECOSUR,MX,PreservedSpecimen
-91.6756,16.1036166,ECOSUR,MX,PreservedSpecimen
-91.1416666,16.7583333,ECOSUR,MX,PreservedSpecimen
-92.31,17.1358333,ECOSUR,MX,PreservedSpecimen
-91.1416666,16.7583333,ECOSUR,MX,PreservedSpecimen
-91.2833,16.8166666,ECOSUR,MX,PreservedSpecimen
-90.925,16.125,ECOSUR,MX,PreservedSpecimen
-92.1394,16.93055,ECOSUR,MX,PreservedSpecimen
101.7380859722,3.1645889722,iNaturalist,MY,HumanObservation
-73.1068226695,7.072159739,iNaturalist,CO,HumanObservation
-73.2832510561,-3.7784597488,iNaturalist,PE,HumanObservation
178.31667,-17.51667,UPS,,PreservedSpecimen
-75.416666667,-9.666666667,TEX,,PreservedSpecimen
-78.833333333,-0.33333,TEX,,PreservedSpecimen
-63.875,-17.291666667,TEX,,PreservedSpecimen
-63.2,-18.041666667,TEX,,PreservedSpecimen
-58.55,6.333333333,TEX,,PreservedSpecimen
-78.833333333,-0.25,TEX,,PreservedSpecimen
-74.5,-4.533333333,TEX,,PreservedSpecimen
-75.416666667,-10.666666667,TEX,,PreservedSpecimen
-60.233333333,5.683333333,TEX,,PreservedSpecimen
-63.1,-17.933333333,TEX,,PreservedSpecimen
-76.416666667,-2.916666667,TEX,,PreservedSpecimen
-78.5,-0.41667,TEX,,PreservedSpecimen
-63.291666667,-17.875,TEX,,PreservedSpecimen
-63.691666667,-18.2,TEX,,PreservedSpecimen
-63.133333333,-17.583333333,TEX,,PreservedSpecimen
-63.65,17.483333333,TEX,,PreservedSpecimen
-63.866666667,-17.466666667,TEX,,PreservedSpecimen
-72.624175,5.2457444,Universidad Pedagógica y Tecnológica de Colombia (UPTC),CO,HumanObservation
-43.414444,-19.848889,UFMG,,PreservedSpecimen
-47.980833,-15.767222,Cenargen,,PreservedSpecimen
-49.68,-15.84,Cenargen,,PreservedSpecimen
-49.86,-16.92,Cenargen,,PreservedSpecimen
-47.52,-13.86,Cenargen,,PreservedSpecimen
-51.12,-19.98,Cenargen,,PreservedSpecimen
-48.78,-17.819722,Cenargen,,PreservedSpecimen
-50.716383,-14.363048,Cenargen,,PreservedSpecimen
-50.22,-17.983333,Cenargen,,PreservedSpecimen
-55.079722,-21.42,Cenargen,,PreservedSpecimen
-44.7922222,-23.2130556,IF,,PreservedSpecimen
-83.20444,8.69917,WU,CRI,PreservedSpecimen
-83.21667,8.68333,WU,CRI,PreservedSpecimen
-42.876638,-20.756822,TEX,,PreservedSpecimen
-66.3076466667,18.1832583333,iNaturalist,PR,HumanObservation
-66.3067633333,18.18333,iNaturalist,PR,HumanObservation
-84.1262774169,9.9183932931,iNaturalist,CR,HumanObservation
-42.7713759722,-22.45326,iNaturalist,BR,HumanObservation
-65.8251026273,18.3195850108,iNaturalist,PR,HumanObservation
101.843517,3.209053,iNaturalist,MY,HumanObservation
101.6486929722,3.1204589722,iNaturalist,MY,HumanObservation
125.5954904,7.0669732,iNaturalist,PH,HumanObservation
101.6271048,3.1564348,iNaturalist,MY,HumanObservation
-55.15905,5.84652,Unknown,,PreservedSpecimen
-51.9975,-29.4597222,FUVATES,,PreservedSpecimen
-51.9969444,-29.4580556,FUVATES,,PreservedSpecimen
-75.0777778,-7.0244445,JBRJ,BR,PreservedSpecimen
-42.2805556,-22.2483333,JBRJ,BR,PreservedSpecimen
-72.6441111,6.1827778,Universidad Pedagógica y Tecnológica de Colombia (UPTC),CO,PreservedSpecimen
-72.6441111,6.1827778,Universidad Pedagógica y Tecnológica de Colombia (UPTC),CO,PreservedSpecimen
-72.6355833,6.1803611,Universidad Pedagógica y Tecnológica de Colombia (UPTC),CO,PreservedSpecimen
-72.6282694,6.2027778,Universidad Pedagógica y Tecnológica de Colombia (UPTC),CO,PreservedSpecimen
101.634028,3.296379,RSA,MY,PreservedSpecimen
-49.4111111,-28.7138889,UNESC,,PreservedSpecimen
-49.33333,-25.0,MICH,,PreservedSpecimen
-76.333967,4.166017,Instituto para la Investigación y la Preservación del Patrimonio Cultural y Natural del Valle del Cauca - INCIVA,CO,HumanObservation
-71.750466451,18.2432361274,iNaturalist,HT,HumanObservation
101.80962723,3.06180286,iNaturalist,MY,HumanObservation
-54.565,-25.4816666666667,EVB,BR,PreservedSpecimen
-54.5561111111111,-25.4488888888889,EVB,BR,PreservedSpecimen
-52.9825,-19.0755556,UFMS,,PreservedSpecimen
-73.76806,2.25444,Instituto Amazónico de Investigaciones Científicas - SINCHI,CO,PreservedSpecimen
-67.59028,2.60417,Instituto Amazónico de Investigaciones Científicas - SINCHI,CO,PreservedSpecimen
-74.22958333,2.659416667,Instituto Amazónico de Investigaciones Científicas - SINCHI,CO,PreservedSpecimen
-72.53919444,2.568916667,Instituto Amazónico de Investigaciones Científicas - SINCHI,CO,PreservedSpecimen
-74.56770556,2.358297222,Instituto Amazónico de Investigaciones Científicas - SINCHI,CO,PreservedSpecimen
-74.25944444,2.7775,Instituto Amazónico de Investigaciones Científicas - SINCHI,CO,PreservedSpecimen
-73.94675,3.33275,Instituto Amazónico de Investigaciones Científicas - SINCHI,CO,PreservedSpecimen
-74.25944444,2.7775,Instituto Amazónico de Investigaciones Científicas - SINCHI,CO,PreservedSpecimen
-68.3675,3.91244,Instituto Amazónico de Investigaciones Científicas - SINCHI,CO,PreservedSpecimen
-65.8018018134,18.4016724731,iNaturalist,PR,HumanObservation
101.27100307,21.90892068,iNaturalist,CN,HumanObservation
-121.75,38.54,CDA,US,PreservedSpecimen
101.649189,3.1204779722,iNaturalist,MY,HumanObservation
-83.789787,10.213774,iNaturalist,CR,HumanObservation
-74.083333,-6.9,POM,PE,PreservedSpecimen
-63.666667,-17.458333,RSA,BO,PreservedSpecimen
-78.833333,-0.25,RSA,EC,PreservedSpecimen
-63.716667,17.633333,RSA,BO,PreservedSpecimen
-59.95,2.366667,RSA,BR,PreservedSpecimen
-96.35,18.216667,RSA,MX,PreservedSpecimen
-106.583333,21.583333,RSA,MX,PreservedSpecimen
-82.9325,22.84695,SMF,,PreservedSpecimen
-66.0289611872,18.3870944476,iNaturalist,PR,HumanObservation
-63.2938889,-17.4602778,MO,BO,PreservedSpecimen
-71.1605566667,17.989595,iNaturalist,DO,HumanObservation
-74.3793768,18.33874541,iNaturalist,HT,HumanObservation
-76.06,-6.56,BCN,pe,PreservedSpecimen
-74.67207,4.17848,Universidad de La Salle (La Salle),CO,PreservedSpecimen
-73.13872,6.54456,Universidad de La Salle (La Salle),CO,PreservedSpecimen
110.0911221653,-7.563980373,iNaturalist,ID,HumanObservation
106.7269439444,-6.5578889722,iNaturalist,ID,HumanObservation
107.9475875571,-6.8392175626,iNaturalist,ID,HumanObservation
-83.7305039722,9.166349,iNaturalist,CR,HumanObservation
-75.4774160004524,8.27569298895372,Cerro Matoso S.A (CMSA),CO,HumanObservation
-83.661,9.0722778,MO,CR,PreservedSpecimen
-77.016,38.8173,US,,MaterialSample
-77.016,38.8173,US,,MaterialSample
-63.0667,-17.4197,NY,,PreservedSpecimen
157.25,-8.3166667,MO,SB,PreservedSpecimen
167.1844444,-15.4513889,P,VU,PreservedSpecimen
146.6333333,-7.1666667,MEL,PG,PreservedSpecimen
-54.340667,-24.851128,UTFPR-SL,,PreservedSpecimen
110.11775848,-7.76290464,iNaturalist,ID,HumanObservation
-79.051794,-0.297508,iNaturalist,EC,HumanObservation
-88.73333,13.75472,LAGU,SLV,PreservedSpecimen
141.145635562,-5.9342600045,iNaturalist,PG,HumanObservation
-88.916666667,17.35,TEX,,PreservedSpecimen
-89.066666667,17.1,TEX,,PreservedSpecimen
-75.6062317,1.61438,Universidad de la Amazonia (UniAmazonia),CO,LivingSpecimen
-73.1073889,7.1091194,Corporación Autónoma Regional Para la Defensa de la Meseta de Bucaramanga (CDMB),,PreservedSpecimen
-73.0717861,7.0378472,Corporación Autónoma Regional Para la Defensa de la Meseta de Bucaramanga (CDMB),,PreservedSpecimen
-73.2609722,7.51125,Corporación Autónoma Regional Para la Defensa de la Meseta de Bucaramanga (CDMB),,PreservedSpecimen
-73.0717861,7.0378472,Corporación Autónoma Regional Para la Defensa de la Meseta de Bucaramanga (CDMB),,PreservedSpecimen
-73.1073889,7.1091194,Corporación Autónoma Regional Para la Defensa de la Meseta de Bucaramanga (CDMB),,PreservedSpecimen
-72.9655833,7.3915833,Corporación Autónoma Regional Para la Defensa de la Meseta de Bucaramanga (CDMB),,PreservedSpecimen
-73.0976111,7.24025,Corporación Autónoma Regional Para la Defensa de la Meseta de Bucaramanga (CDMB),,PreservedSpecimen
-73.0885722,7.0680722,Corporación Autónoma Regional Para la Defensa de la Meseta de Bucaramanga (CDMB),,PreservedSpecimen
-73.0717861,7.0378472,Corporación Autónoma Regional Para la Defensa de la Meseta de Bucaramanga (CDMB),,PreservedSpecimen
-73.0308333,7.0208333,Corporación Autónoma Regional Para la Defensa de la Meseta de Bucaramanga (CDMB),,PreservedSpecimen
-73.0132556,7.1502944,Corporación Autónoma Regional Para la Defensa de la Meseta de Bucaramanga (CDMB),,PreservedSpecimen
-73.0132556,7.1502944,Corporación Autónoma Regional Para la Defensa de la Meseta de Bucaramanga (CDMB),,PreservedSpecimen
-83.75,12.0,F,NI,PreservedSpecimen
-84.3166667,12.1666667,F,NI,PreservedSpecimen
-84.3166667,12.1666667,F,NI,PreservedSpecimen
-85.1666667,12.2166667,F,NI,PreservedSpecimen
-86.0166667,13.0833333,F,NI,PreservedSpecimen
-86.3166667,11.9833333,A,NI,PreservedSpecimen
-48.3111111111111,-15.7761111111111,CEN,BR,PreservedSpecimen
-48.3111111111111,-15.7761111111111,CEN,BR,PreservedSpecimen
-48.3111111111111,-15.7761111111111,CEN,BR,PreservedSpecimen
-52.7369444444444,-21.1522222222222,CEN,BR,PreservedSpecimen
-48.0161111111111,-15.8255555555556,CEN,BR,PreservedSpecimen
-4.78111111111111,-1.58111111111111,CEN,BR,PreservedSpecimen
-4.78111111111111,-1.58111111111111,CEN,BR,PreservedSpecimen
-48.0033333333333,-15.8144444444444,CEN,BR,PreservedSpecimen
-4.88,-1.58,CEN,BR,PreservedSpecimen
-47.5852777777778,-15.7483333333333,CEN,BR,PreservedSpecimen
-56.7069444444444,-20.9686111111111,CEN,BR,PreservedSpecimen
-48.0108333333333,-15.9058333333333,CEN,BR,PreservedSpecimen
-47.8863888888889,-15.905,CEN,BR,PreservedSpecimen
-48.7952777777778,-15.9019444444444,CEN,BR,PreservedSpecimen
-4.785,-1.58611111111111,CEN,BR,PreservedSpecimen
-4.855,-1.61111111111111,CEN,BR,PreservedSpecimen
-4.86,-1.61388888888889,CEN,BR,PreservedSpecimen
-50.1858333333333,-16.0994444444444,CEN,BR,PreservedSpecimen
-48.0833333333333,-16.0,CEN,BR,PreservedSpecimen
-48.1236111111111,-15.9505555555556,CEN,BR,PreservedSpecimen
-48.1236111111111,-15.9505555555556,CEN,BR,PreservedSpecimen
-48.1236111111111,-15.9505555555556,CEN,BR,PreservedSpecimen
-48.1236111111111,-15.9505555555556,CEN,BR,PreservedSpecimen
-48.1236111111111,-15.9505555555556,CEN,BR,PreservedSpecimen
-48.1236111111111,-15.9505555555556,CEN,BR,PreservedSpecimen
-47.9166666666667,-15.95,CEN,BR,PreservedSpecimen
-47.9241666666667,-15.9386111111111,CEN,BR,PreservedSpecimen
-4.81694444444444,-1.62388888888889,CEN,BR,PreservedSpecimen
-4.81388888888889,-1.62194444444444,CEN,BR,PreservedSpecimen
-48.2833333333333,-15.15,CEN,BR,PreservedSpecimen
-48.1166666666667,-15.55,CEN,BR,PreservedSpecimen
-47.9775,-15.5227777777778,CEN,BR,PreservedSpecimen
-4.79611111111111,-1.55111111111111,CEN,BR,PreservedSpecimen
-48.0733333333333,-15.4816666666667,CEN,BR,PreservedSpecimen
48.4766666666667,-17.7777777777778,CEN,BR,PreservedSpecimen
-48.1497222222222,-15.7422222222222,CEN,BR,PreservedSpecimen
-4.89,-1.57305555555556,CEN,BR,PreservedSpecimen
-48.1497222222222,-15.7422222222222,CEN,BR,PreservedSpecimen
-48.1497222222222,-15.7422222222222,CEN,BR,PreservedSpecimen
-48.1497222222222,-15.7422222222222,CEN,BR,PreservedSpecimen
-48.1497222222222,-15.7422222222222,CEN,BR,PreservedSpecimen
-48.1497222222222,-15.7422222222222,CEN,BR,PreservedSpecimen
-48.1497222222222,-15.7422222222222,CEN,BR,PreservedSpecimen
-48.1497222222222,-15.7422222222222,CEN,BR,PreservedSpecimen
-48.1497222222222,-15.7422222222222,CEN,BR,PreservedSpecimen
-4.78611111111111,-1.55805555555556,CEN,BR,PreservedSpecimen
-48.3994444444444,-7.19638888888889,CEN,BR,PreservedSpecimen
-50.3997222222222,-16.7397222222222,CEN,BR,PreservedSpecimen
-49.68,-16.2,CEN,BR,PreservedSpecimen
-49.32,-11.1597222222222,CEN,BR,PreservedSpecimen
-48.5997222222222,-10.98,CEN,BR,PreservedSpecimen
-43.6813888888889,-18.2586111111111,CEN,BR,PreservedSpecimen
-4.85305555555555,-1.79111111111111,CEN,BR,PreservedSpecimen
-4.25694444444444,-1.96611111111111,CEN,BR,PreservedSpecimen
-49.1319444444444,-17.7286111111111,CEN,BR,PreservedSpecimen
-50.8041666666667,-28.0458333333333,CEN,BR,PreservedSpecimen
-45.5225,-20.4636111111111,CEN,BR,PreservedSpecimen
-45.5225,-20.4636111111111,CEN,BR,PreservedSpecimen
-46.2766666666667,-20.3358333333333,CEN,BR,PreservedSpecimen
-57.0166666666667,-1.98611111111111,CEN,BR,PreservedSpecimen
-43.765,-22.4480555555556,CEN,BR,PreservedSpecimen
-65.0886111111111,-9.70472222222222,CEN,BR,PreservedSpecimen
-4.66694444444444,-1.16611111111111,CEN,BR,PreservedSpecimen
-4.42805555555556,-1.22194444444444,CEN,BR,PreservedSpecimen
-46.6802777777778,-11.6641666666667,CEN,BR,PreservedSpecimen
-4.66194444444444,-1.03305555555556,CEN,BR,PreservedSpecimen
-48.2336111111111,-12.7877777777778,CEN,BR,PreservedSpecimen
-56.6313888888889,-21.1088888888889,CEN,BR,PreservedSpecimen
-48.8519444444444,-12.8530555555556,CEN,BR,PreservedSpecimen
-4.80805555555556,-1.35611111111111,CEN,BR,PreservedSpecimen
-4.80694444444444,-1.35611111111111,CEN,BR,PreservedSpecimen
-4.44305555555556,-1.35305555555556,CEN,BR,PreservedSpecimen
-4.805,-1.34888888888889,CEN,BR,PreservedSpecimen
-48.1236111111111,-15.9505555555556,CEN,BR,PreservedSpecimen
-48.1497222222222,-15.7425,CEN,BR,PreservedSpecimen
-4.81194444444444,-1.34111111111111,CEN,BR,PreservedSpecimen
-4.82111111111111,-1.34388888888889,CEN,BR,PreservedSpecimen
-48.1497222222222,-15.7425,CEN,BR,PreservedSpecimen
-47.5855555555556,-15.7486111111111,CEN,BR,PreservedSpecimen
-47.4577777777778,-13.8227777777778,CEN,BR,PreservedSpecimen
-64.6777777777778,-9.32111111111111,CEN,BR,PreservedSpecimen
-49.3386111111111,-14.1955555555556,CEN,BR,PreservedSpecimen
-49.3386111111111,-14.1955555555556,CEN,BR,PreservedSpecimen
-48.1497222222222,-15.7422222222222,CEN,BR,PreservedSpecimen
-49.0311111111111,-14.3419444444444,CEN,BR,PreservedSpecimen
-48.5625,-14.13,CEN,BR,PreservedSpecimen
-48.3833333333333,-13.95,CEN,BR,PreservedSpecimen
-4.80611111111111,-1.41305555555556,CEN,BR,PreservedSpecimen
-47.85,-15.0144444444444,CEN,BR,PreservedSpecimen
-4.80111111111111,-1.52388888888889,CEN,BR,PreservedSpecimen
-4.905,-1.47305555555556,CEN,BR,PreservedSpecimen
-4.89805555555555,-1.465,CEN,BR,PreservedSpecimen
-48.1238888888889,-15.9505555555556,CEN,BR,PreservedSpecimen
-47.9263888888889,-15.7338888888889,CEN,BR,PreservedSpecimen
47.4930555555556,-15.9783333333333,CEN,BR,PreservedSpecimen
-62.1,-9.18,CEN,BR,PreservedSpecimen
-48.3991666666667,-6.09833333333333,CEN,BR,PreservedSpecimen
-476.766111111111,-213.288055555556,HUEFS,BR,PreservedSpecimen
-42525.0,-144.513055555556,HUEFS,BR,PreservedSpecimen
-357.543888888889,-707.666111111111,HUEFS,BR,PreservedSpecimen
-645.055,-223.196944444444,HUEFS,BO,PreservedSpecimen
-478.833055555556,-15.75,HUEFS,BR,PreservedSpecimen
-442.871944444444,-122.226944444444,HUEFS,BR,PreservedSpecimen
-715.666111111111,-7.75,HUEFS,BR,PreservedSpecimen
-48.9,-21.18,SJRP,BR,PreservedSpecimen
-49.37,-20.82,SJRP,BR,PreservedSpecimen
-49.38,-20.03,SJRP,BR,PreservedSpecimen
-48.9,-21.18,SJRP,BR,PreservedSpecimen
-47.66,-22.12,SJRP,BR,PreservedSpecimen
-49.37,-21.04,SJRP,BR,PreservedSpecimen
-47.66,-22.12,SJRP,BR,PreservedSpecimen
-49.37,-21.04,SJRP,BR,PreservedSpecimen
-577.301944444444,-146.026944444444,HUEFS,BR,PreservedSpecimen
-650.886111111111,-970.471944444444,HUEFS,BR,PreservedSpecimen
-40.6833333333333,-20.6833333333333,HUEFS,BR,PreservedSpecimen
-48.624722222222225,-17.741944444444446,NY,BR,PreservedSpecimen
-48.808611111111105,-15.92361111111111,NY,BR,PreservedSpecimen
-47.92944444444444,-15.779722222222222,NY,BR,PreservedSpecimen
-48.80833333333333,-15.92361111111111,NY,BR,PreservedSpecimen
-43.505833333333335,-20.3875,NY,BR,PreservedSpecimen
-48.255,-15.939722222222223,NY,BR,PreservedSpecimen
-43.72638888888889,-19.833055555555557,NY,BR,PreservedSpecimen
-47.86361111111111,-15.588055555555556,NY,BR,PreservedSpecimen
-47.92944444444444,-15.779722222222222,NY,BR,PreservedSpecimen
-47.92944444444444,-15.779722222222222,NY,BR,PreservedSpecimen
-43.56111111111111,-18.172222222222224,NY,BR,PreservedSpecimen
-49.25388888888889,-16.678611111111113,NY,BR,PreservedSpecimen
-47.81638888888889,-18.03888888888889,NY,BR,PreservedSpecimen
-47.516666666666666,-13.574444444444444,NY,BR,PreservedSpecimen
-46.621944444444445,-23.654444444444444,NY,BR,PreservedSpecimen
-47.92944444444444,-15.779722222222222,NY,BR,PreservedSpecimen
-49.25388888888889,-16.678611111111113,NY,BR,PreservedSpecimen
-47.5,-13.890277777777778,NY,BR,PreservedSpecimen
-46.99138888888889,-20.916944444444447,NY,BR,PreservedSpecimen
-48.769999999999996,-15.8,NY,BR,PreservedSpecimen
-39.2275,-14.771944444444445,NY,BR,PreservedSpecimen
-44.446666666666665,-22.469166666666666,NY,BR,PreservedSpecimen
-67.83,-2.88,NY,BR,PreservedSpecimen
-39.03916666666667,-15.159722222222223,NY,BR,PreservedSpecimen
-52.12,-14.030000000000001,NY,BR,PreservedSpecimen
-42.90861111111111,-20.41638888888889,NY,BR,PreservedSpecimen
-47.92944444444444,-15.779722222222222,NY,BR,PreservedSpecimen
-39.28444444444444,-14.690555555555555,NY,BR,PreservedSpecimen
-39.049166666666665,-14.789166666666667,NY,BR,PreservedSpecimen
-48.080555555555556,-13.564166666666667,NY,BR,PreservedSpecimen
-39.550555555555555,-18.086666666666666,NY,BR,PreservedSpecimen
-51.97,-23.92,NY,BR,PreservedSpecimen
-52.38305555555556,-24.045833333333334,NY,BR,PreservedSpecimen
-39.550555555555555,-18.086666666666666,NY,BR,PreservedSpecimen
-46.621944444444445,-23.654444444444444,NY,BR,PreservedSpecimen
-46.75972222222222,-22.700277777777778,NY,BR,PreservedSpecimen
-60.025,-3.1019444444444444,NY,BR,PreservedSpecimen
-52.448611111111106,-3.8641666666666667,NY,BR,PreservedSpecimen
-68.67055555555557,-0.28194444444444444,NY,BR,PreservedSpecimen
-59.95333333333333,-2.8766666666666665,NY,BR,PreservedSpecimen
-60.618611111111115,-0.58,NY,BR,PreservedSpecimen
-60.025,-3.1019444444444444,NY,BR,PreservedSpecimen
-60.09166666666667,-2.326666666666666,NY,BR,PreservedSpecimen
-60.3725,-3.1322222222222225,NY,BR,PreservedSpecimen
-48.504444444444445,-1.4558333333333333,NY,BR,PreservedSpecimen
-65.32555555555555,-10.596388888888889,NY,BR,PreservedSpecimen
-67.09027777777777,-9.958055555555555,NY,BR,PreservedSpecimen
-47.94555555555555,-25.095555555555553,NY,BR,PreservedSpecimen
-69.02305555555556,-10.985277777777776,NY,BR,PreservedSpecimen
-71.51583333333333,-8.586666666666668,NY,BR,PreservedSpecimen
-46.63,-23.540277777777778,NY,BR,PreservedSpecimen
-48.884166666666665,-15.817499999999999,NY,BR,PreservedSpecimen
-47.309999999999995,-22.940277777777776,NY,BR,PreservedSpecimen
-48.504444444444445,-1.4558333333333333,NY,BR,PreservedSpecimen
-51.835,3.843055555555556,NY,BR,PreservedSpecimen
-64.41666666666667,-0.4166666666666667,NY,BR,PreservedSpecimen
-48.44472222222222,-1.4380555555555556,NY,BR,PreservedSpecimen
-59.90472222222222,-2.434166666666667,NY,BR,PreservedSpecimen
-68.8,-10.850000000000001,NY,BR,PreservedSpecimen
-61.75,3.75,NY,BR,PreservedSpecimen
-51.79722222222222,3.854166666666667,NY,BR,PreservedSpecimen
-410.233055555556,-203.888055555556,SPF,BR,PreservedSpecimen
-48.2,-7.180000000000001,NY,BR,PreservedSpecimen
-52.25,-15.838055555555556,NY,BR,PreservedSpecimen
-39.330000000000005,-17.18,NY,BR,PreservedSpecimen
-47.85,-15.8744444444444,US,BR,PreservedSpecimen
0.0,0.0,SPF,BR,PreservedSpecimen
0.0,0.0,SPF,BR,PreservedSpecimen
0.0,0.0,SPF,BR,PreservedSpecimen
-46.5416666666667,-23.875,SPF,BR,PreservedSpecimen
0.0,0.0,SPF,BR,PreservedSpecimen
0.0,0.0,SPF,BR,PreservedSpecimen
-48.8675,-22.6511111111111,SPF,BR,PreservedSpecimen
-49.3333333333333,-25.0,US,BR,PreservedSpecimen
-63.1833333333333,3.55,US,BR,PreservedSpecimen
-45.0833333333333,-23.5666666666667,SPF,BR,PreservedSpecimen
0.0,0.0,SPF,BR,PreservedSpecimen
-51.5666666666667,-20.7833333333333,SPF,BR,PreservedSpecimen
-40.6352777777778,-19.9255555555556,SPF,BR,PreservedSpecimen
0.0,0.0,SPF,BR,PreservedSpecimen
0.0,0.0,SPF,BR,PreservedSpecimen
-46.0,-22.0,SPF,BR,PreservedSpecimen
-48.4786111111111,-24.7847222222222,SPF,BR,PreservedSpecimen
-59.95,-2.36666666666667,US,BR,PreservedSpecimen
0.0,0.0,SPF,BR,PreservedSpecimen
0.0,0.0,SPF,BR,PreservedSpecimen
-43.4452777777778,-19.0730555555556,SPF,BR,PreservedSpecimen
0.0,0.0,SPF,BR,PreservedSpecimen
0.0,0.0,SPF,BR,PreservedSpecimen
-38.9166666666667,-14.0166666666667,SPF,BR,PreservedSpecimen
0.0,0.0,SPF,BR,PreservedSpecimen
0.0,0.0,SPF,BR,PreservedSpecimen
0.0,0.0,SPF,BR,PreservedSpecimen
0.0,0.0,SPF,BR,PreservedSpecimen
-49.0666666666667,-11.7166666666667,US,BR,PreservedSpecimen
-60.0833333333333,-2.31666666666667,US,BR,PreservedSpecimen
-68.3333333333333,-10.75,US,BR,PreservedSpecimen
-59.9,-2.41666666666667,US,BR,PreservedSpecimen
-47.005,-23.2941666666667,SPF,BR,PreservedSpecimen
-42.4166666666667,-13.8,SPF,BR,PreservedSpecimen
-54.9166666666667,-14.8333333333333,SPF,BR,PreservedSpecimen
-46.2652777777778,-21.3661111111111,SPF,BR,PreservedSpecimen
-48.8094444444444,-26.4425,SPF,BR,PreservedSpecimen
-48.8211111111111,-26.4480555555556,SPF,BR,PreservedSpecimen
0.0,0.0,SPF,BR,PreservedSpecimen
-49.3666666666667,-21.2166666666667,SPF,BR,PreservedSpecimen
-49.1666666666667,-24.4166666666667,SPF,BR,PreservedSpecimen
0.0,0.0,SPF,BR,PreservedSpecimen
0.0,0.0,SPF,BR,PreservedSpecimen
-46.6311111111111,-23.6394444444444,SPF,BR,PreservedSpecimen
0.0,0.0,SPF,BR,PreservedSpecimen
0.0,0.0,SPF,BR,PreservedSpecimen
0.0,0.0,SPF,BR,PreservedSpecimen
0.0,0.0,SPF,BR,PreservedSpecimen
0.0,0.0,SPF,BR,PreservedSpecimen
0.0,0.0,SPF,BR,PreservedSpecimen
0.0,0.0,SPF,BR,PreservedSpecimen
-45.9133333333333,-22.9527777777778,SPF,BR,PreservedSpecimen
0.0,0.0,SPF,BR,PreservedSpecimen
0.0,0.0,SPF,BR,PreservedSpecimen
-46.7311111111111,-23.5663888888889,SPF,BR,PreservedSpecimen
0.0,0.0,SPF,BR,PreservedSpecimen
0.0,0.0,SPF,BR,PreservedSpecimen
0.0,0.0,SPF,BR,PreservedSpecimen
0.0,0.0,SPF,BR,PreservedSpecimen
0.0,0.0,SPF,BR,PreservedSpecimen
0.0,0.0,SPF,BR,PreservedSpecimen
0.0,0.0,SPF,BR,PreservedSpecimen
-48.8169444444444,-26.4461111111111,SPF,BR,PreservedSpecimen
-64.85,-23.75,SPF,AR,PreservedSpecimen
0.0,0.0,SPF,BR,PreservedSpecimen
-76.3111111111111,-6.46611111111111,SPF,PE,PreservedSpecimen
0.0,0.0,SPF,BR,PreservedSpecimen
0.0,0.0,SPF,BR,PreservedSpecimen
0.0,0.0,SPF,BR,PreservedSpecimen
0.0,0.0,SPF,BR,PreservedSpecimen
-47.92944444444444,-15.779722222222222,NY,BR,PreservedSpecimen
-39.1333333333333,-16.3833333333333,US,BR,PreservedSpecimen
-51.7833333333333,-17.2,US,BR,PreservedSpecimen
-50.1166666666667,-15.9,US,BR,PreservedSpecimen
-64.4166666666667,-0.416666666666667,US,BR,PreservedSpecimen
-51.769999999999996,-17.3,NY,BR,PreservedSpecimen
-42.90861111111111,-20.41638888888889,NY,BR,PreservedSpecimen
-64.3666666666667,-4.05,US,BR,PreservedSpecimen
-48.6166666666667,-3.41666666666667,US,BR,PreservedSpecimen
-48.75,-17.8,US,BR,PreservedSpecimen
-42.85666666666667,-20.65111111111111,NY,BR,PreservedSpecimen
-47.58166666666667,-14.116666666666667,NY,BR,PreservedSpecimen
-52.190555555555555,-15.825833333333334,NY,BR,PreservedSpecimen
-47.92944444444444,-15.779722222222222,NY,BR,PreservedSpecimen
-52.230000000000004,-15.280000000000001,NY,BR,PreservedSpecimen
-42.86805555555556,-20.761388888888888,NY,BR,PreservedSpecimen
-48.600833333333334,-8.500555555555556,NY,BR,PreservedSpecimen
-47.81666666666667,-15.96888888888889,NY,BR,PreservedSpecimen
-47.51027777777778,-14.110277777777778,NY,BR,PreservedSpecimen
-48.12,-15.55,NY,BR,PreservedSpecimen
-47.751666666666665,-15.623611111111112,NY,BR,PreservedSpecimen
-48.808611111111105,-16.031944444444445,NY,BR,PreservedSpecimen
-47.264722222222225,-13.839722222222223,NY,BR,PreservedSpecimen
-47.92944444444444,-15.779722222222222,NY,BR,PreservedSpecimen
-51.81027777777778,-16.956944444444442,NY,BR,PreservedSpecimen
-51.769999999999996,-17.25,NY,BR,PreservedSpecimen
-57.65,-19.02,NY,BR,PreservedSpecimen
-48.45,-14.576666666666666,NY,BR,PreservedSpecimen
-52.35305555555556,-14.673333333333332,NY,BR,PreservedSpecimen
-52.33694444444445,-14.485833333333332,NY,BR,PreservedSpecimen
-51.81666666666667,-17.05666666666667,NY,BR,PreservedSpecimen
-48.769999999999996,-15.8,NY,BR,PreservedSpecimen
-47.91972222222222,-25.010277777777777,NY,BR,PreservedSpecimen
-54.588055555555556,-25.548055555555557,NY,BR,PreservedSpecimen
-42.88166666666667,-20.754166666666666,NY,BR,PreservedSpecimen
-54.588055555555556,-25.548055555555557,NY,BR,PreservedSpecimen
-39.01444444444444,-14.103333333333333,NY,BR,PreservedSpecimen
-38.919999999999995,-14.020000000000001,NY,BR,PreservedSpecimen
-52.52305555555555,-25.855833333333333,NY,BR,PreservedSpecimen
-46.61833333333333,-23.64611111111111,NY,BR,PreservedSpecimen
-40.57472222222223,-15.264722222222222,NY,BR,PreservedSpecimen
-48.0,-24.690277777777776,NY,BR,PreservedSpecimen
-51.099722222222226,-20.63,NY,BR,PreservedSpecimen
-42.00805555555556,-21.955555555555556,NY,BR,PreservedSpecimen
-46.63,-23.540277777777778,NY,BR,PreservedSpecimen
-39.22805555555556,-14.75361111111111,NY,BR,PreservedSpecimen
-39.13,-16.38,NY,BR,PreservedSpecimen
-38.919999999999995,-14.020000000000001,NY,BR,PreservedSpecimen
-39.22083333333334,-14.773888888888889,NY,BR,PreservedSpecimen
-49.330000000000005,-25.0,NY,BR,PreservedSpecimen
-54.588055555555556,-25.548055555555557,NY,BR,PreservedSpecimen
-59.986666666666665,-2.39,NY,BR,PreservedSpecimen
-59.986111111111114,-3.0975,NY,BR,PreservedSpecimen
-41.94916666666666,-18.851111111111113,NY,BR,PreservedSpecimen
-50.108333333333334,-16.081944444444446,NY,BR,PreservedSpecimen
-59.986111111111114,-3.0975,NY,BR,PreservedSpecimen
-60.025,-3.1019444444444444,NY,BR,PreservedSpecimen
-48.382777777777775,-1.1458333333333333,NY,BR,PreservedSpecimen
-46.5375,-1.7655555555555555,NY,BR,PreservedSpecimen
-64.36999999999999,4.05,NY,BR,PreservedSpecimen
-60.058055555555555,-3.001388888888889,NY,BR,PreservedSpecimen
-63.18,3.55,NY,BR,PreservedSpecimen
-48.44472222222222,-1.4380555555555556,NY,BR,PreservedSpecimen
-64.66638888888889,-3.365555555555556,NY,BR,PreservedSpecimen
-59.990833333333335,-3.0855555555555556,NY,BR,PreservedSpecimen
-46.52305555555555,-1.7763888888888888,NY,BR,PreservedSpecimen
-63.080555555555556,-7.639722222222222,NY,BR,PreservedSpecimen
-73.75,-7.6,NY,BR,PreservedSpecimen
-68.33,-10.75,NY,BR,PreservedSpecimen
-67.81,-9.974722222222223,NY,BR,PreservedSpecimen
-47.5,-14.73,NY,BR,PreservedSpecimen
-39.1,-13.94,NY,BR,PreservedSpecimen
-39.03916666666667,-15.159722222222223,NY,BR,PreservedSpecimen
-41.91083333333333,-21.575555555555557,NY,BR,PreservedSpecimen
-44.973055555555554,-12.363333333333333,NY,BR,PreservedSpecimen
-41.0233333333333,-20.3888888888889,MNHN,BR,PreservedSpecimen
-64.3666666666667,4.05,MNHN,BR,PreservedSpecimen
-63.1833333333333,3.55,MNHN,BR,PreservedSpecimen
-41.6852777777778,-21.1077777777778,VIES,BR,PreservedSpecimen
-40.8177777777778,-19.6022222222222,VIES,BR,PreservedSpecimen
-39.8319444444444,-18.4380555555556,VIES,BR,PreservedSpecimen
-39.8352777777778,-18.4325,VIES,BR,PreservedSpecimen
-39.8336111111111,-18.435,VIES,BR,PreservedSpecimen
-48.8980555555556,-15.8519444444444,MBM,BR,PreservedSpecimen
-49.32,-24.66,MBM,BR,PreservedSpecimen
-49.41,-28.17,MBM,BR,PreservedSpecimen
-43.02,-22.32,MBM,BR,PreservedSpecimen
0.0,0.0,MBM,NI,PreservedSpecimen
0.0,0.0,MBM,BR,PreservedSpecimen
0.0,0.0,MBM,VE,PreservedSpecimen
0.0,0.0,MBM,CO,PreservedSpecimen
0.0,0.0,MBM,BR,PreservedSpecimen
0.0,0.0,MBM,MX,PreservedSpecimen
0.0,0.0,MBM,BR,PreservedSpecimen
0.0,0.0,MBM,NI,PreservedSpecimen
0.0,0.0,MBM,NI,PreservedSpecimen
0.0,0.0,MBM,BR,PreservedSpecimen
0.0,0.0,MBM,BR,PreservedSpecimen
0.0,0.0,MBM,,PreservedSpecimen
0.0,0.0,MBM,BR,PreservedSpecimen
0.0,0.0,MBM,BR,PreservedSpecimen
0.0,0.0,MBM,BR,PreservedSpecimen
0.0,0.0,MBM,BR,PreservedSpecimen
0.0,0.0,MBM,BR,PreservedSpecimen
0.0,0.0,MBM,BR,PreservedSpecimen
0.0,0.0,MBM,BR,PreservedSpecimen
0.0,0.0,MBM,BR,PreservedSpecimen
0.0,0.0,MBM,BR,PreservedSpecimen
0.0,0.0,MBM,BR,PreservedSpecimen
0.0,0.0,MBM,BR,PreservedSpecimen
0.0,0.0,MBM,BR,PreservedSpecimen
0.0,0.0,MBM,MX,PreservedSpecimen
0.0,0.0,MBM,BR,PreservedSpecimen
0.0,0.0,MBM,BR,PreservedSpecimen
0.0,0.0,MBM,BO,PreservedSpecimen
0.0,0.0,MBM,BR,PreservedSpecimen
0.0,0.0,MBM,PE,PreservedSpecimen
0.0,0.0,MBM,BR,PreservedSpecimen
0.0,0.0,MBM,,PreservedSpecimen
0.0,0.0,MBM,BR,PreservedSpecimen
0.0,0.0,MBM,MX,PreservedSpecimen
0.0,0.0,MBM,BR,PreservedSpecimen
0.0,0.0,MBM,BR,PreservedSpecimen
0.0,0.0,MBM,BR,PreservedSpecimen
0.0,0.0,MBM,PA,PreservedSpecimen
0.0,0.0,MBM,BR,PreservedSpecimen
0.0,0.0,MBM,EC,PreservedSpecimen
-48.87,-28.08,MBM,BR,PreservedSpecimen
-51.9744444444444,-27.3138888888889,MBM,BR,PreservedSpecimen
0.0,0.0,MBM,BR,PreservedSpecimen
0.0,0.0,MBM,NI,PreservedSpecimen
0.0,0.0,MBM,BR,PreservedSpecimen
0.0,0.0,MBM,BR,PreservedSpecimen
0.0,0.0,MBM,EC,PreservedSpecimen
0.0,0.0,MBM,BR,PreservedSpecimen
0.0,0.0,MBM,CO,PreservedSpecimen
0.0,0.0,MBM,BR,PreservedSpecimen
0.0,0.0,MBM,BR,PreservedSpecimen
0.0,0.0,MBM,VE,PreservedSpecimen
0.0,0.0,MBM,NI,PreservedSpecimen
0.0,0.0,MBM,VE,PreservedSpecimen
0.0,0.0,MBM,BR,PreservedSpecimen
0.0,0.0,MBM,BR,PreservedSpecimen
0.0,0.0,MBM,BR,PreservedSpecimen
0.0,0.0,MBM,BR,PreservedSpecimen
0.0,0.0,MBM,,PreservedSpecimen
0.0,0.0,MBM,BR,PreservedSpecimen
0.0,0.0,MBM,BR,PreservedSpecimen
0.0,0.0,MBM,BR,PreservedSpecimen
0.0,0.0,MBM,BR,PreservedSpecimen
0.0,0.0,MBM,BR,PreservedSpecimen
0.0,0.0,MBM,BR,PreservedSpecimen
0.0,0.0,MBM,BR,PreservedSpecimen
0.0,0.0,MBM,BR,PreservedSpecimen
0.0,0.0,MBM,BR,PreservedSpecimen
0.0,0.0,MBM,EC,PreservedSpecimen
0.0,0.0,MBM,CU,PreservedSpecimen
0.0,0.0,MBM,BR,PreservedSpecimen
0.0,0.0,MBM,BO,PreservedSpecimen
0.0,0.0,MBM,MX,PreservedSpecimen
0.0,0.0,MBM,BR,PreservedSpecimen
0.0,0.0,MBM,PA,PreservedSpecimen
-49.685,-28.9155555555556,CRI,BR,PreservedSpecimen
-49.685,-28.9155555555556,CRI,BR,PreservedSpecimen
-49.6819444444444,-28.9277777777778,CRI,BR,PreservedSpecimen
-49.6261111111111,-28.3402777777778,CRI,BR,PreservedSpecimen
-49.4316666666667,-28.5958333333333,CRI,BR,PreservedSpecimen
-49.3922222222222,-28.1563888888889,CRI,BR,PreservedSpecimen
0.0,0.0,MAC,BR,PreservedSpecimen
-35.8391666666667,-9.39388888888889,MAC,BR,PreservedSpecimen
-35.8391666666667,-9.39388888888889,MAC,BR,PreservedSpecimen
-35.8391666666667,-9.39388888888889,MAC,BR,PreservedSpecimen
-35.9427777777778,-9.30694444444445,MAC,BR,PreservedSpecimen
-41.1891666666667,-9.13,MAC,BR,PreservedSpecimen
-54.4536111111111,-25.6247222222222,HCF,BR,PreservedSpecimen
-52.0794444444444,-23.3869444444444,HCF,BR,PreservedSpecimen
-51.825,-25.9608333333333,HCF,BR,PreservedSpecimen
-52.5680555555556,-24.6897222222222,HCF,BR,PreservedSpecimen
-52.4105555555556,-24.2486111111111,HCF,BR,PreservedSpecimen
-51.735,-24.7708333333333,HCF,BR,PreservedSpecimen
-52.2425,-24.7472222222222,HCF,BR,PreservedSpecimen
-51.8455555555556,-24.44,HCF,BR,PreservedSpecimen
-49.3886111111111,-25.7488888888889,HCF,BR,PreservedSpecimen
-53.0155555555556,-24.6105555555556,HCF,BR,PreservedSpecimen
-49.6783333333333,-26.9086111111111,HCF,BR,PreservedSpecimen
-49.0513888888889,-25.8372222222222,HCF,BR,PreservedSpecimen
-42.7419444444444,-20.0525,HCF,BR,PreservedSpecimen
-46.5416666666667,-23.875,HCF,BR,PreservedSpecimen
-46.63,-20.8391666666667,HCF,BR,PreservedSpecimen
-52.4033333333333,-24.0161111111111,HCF,BR,PreservedSpecimen
-52.4063888888889,-24.0177777777778,HCF,BR,PreservedSpecimen
-52.3038888888889,-24.105,HCF,BR,PreservedSpecimen
-52.4061111111111,-24.0177777777778,HCF,BR,PreservedSpecimen
-51.8502777777778,-24.6466666666667,HCF,BR,PreservedSpecimen
-51.1363888888889,-24.7261111111111,HCF,BR,PreservedSpecimen
-52.4338888888889,-24.5327777777778,HCF,BR,PreservedSpecimen
-52.3316666666667,-24.1030555555556,HCF,BR,PreservedSpecimen
-52.1375,-24.7694444444444,HCF,BR,PreservedSpecimen
-52.4333333333333,-24.5333333333333,HCF,BR,PreservedSpecimen
-51.2052777777778,-25.3636111111111,HCF,BR,PreservedSpecimen
-52.3988888888889,-24.0891666666667,HCF,BR,PreservedSpecimen
-48.4311111111111,-25.6041666666667,HCF,BR,PreservedSpecimen
-51.9008333333333,-24.3566666666667,HCF,BR,PreservedSpecimen
-51.8394444444444,-25.9511111111111,HCF,BR,PreservedSpecimen
0.0,0.0,HUEM,BR,PreservedSpecimen
0.0,0.0,HUEM,BR,PreservedSpecimen
0.0,0.0,HUEM,BR,PreservedSpecimen
-51.9711111111111,-23.4313888888889,HUEM,BR,PreservedSpecimen
-51.9711111111111,-23.4313888888889,HUEM,BR,PreservedSpecimen
0.0,0.0,HUEM,BR,PreservedSpecimen
-51.945,-23.3908333333333,HUEM,BR,PreservedSpecimen
0.0,0.0,HUEM,BR,PreservedSpecimen
-49.3127777777778,-18.565,HUFU,BR,PreservedSpecimen
0.0,0.0,HUFU,BR,PreservedSpecimen
0.0,0.0,HUFU,BR,PreservedSpecimen
-47.4513888888889,-15.3602777777778,FURB,BR,PreservedSpecimen
-50.22,-27.0,FURB,BR,PreservedSpecimen
-49.125,-26.8183333333333,FURB,BR,PreservedSpecimen
-49.2388888888889,-25.4419444444444,FURB,BR,PreservedSpecimen
-49.4108333333333,-27.6291666666667,FURB,BR,PreservedSpecimen
-49.0788888888889,-26.9052777777778,FURB,BR,PreservedSpecimen
-50.2133333333333,-29.6616666666667,FURB,BR,PreservedSpecimen
-47.9605555555556,-15.9322222222222,FURB,BR,PreservedSpecimen
-49.0477777777778,-26.1925,FURB,BR,PreservedSpecimen
-49.0477777777778,-26.1925,FURB,BR,PreservedSpecimen
-48.8697222222222,-28.1647222222222,FURB,BR,PreservedSpecimen
-48.87,-28.08,FURB,BR,PreservedSpecimen
-48.4463888888889,-1.43361111111111,FURB,BR,PreservedSpecimen
-49.0791666666667,-26.9055555555556,FURB,BR,PreservedSpecimen
-50.0380555555556,-27.0922222222222,FURB,BR,PreservedSpecimen
-49.0791666666667,-26.9055555555556,FURB,BR,PreservedSpecimen
-49.1258333333333,-25.3119444444444,FURB,BR,PreservedSpecimen
-49.1586111111111,-25.3158333333333,FURB,BR,PreservedSpecimen
-49.41,-28.17,FURB,BR,PreservedSpecimen
-51.9744444444444,-27.3138888888889,FURB,BR,PreservedSpecimen
-49.0791666666667,-26.9055555555556,FURB,BR,PreservedSpecimen
-50.1305555555556,-27.0002777777778,FURB,BR,PreservedSpecimen
-49.3191666666667,-28.3480555555556,FURB,BR,PreservedSpecimen
-52.515,-27.225,FURB,BR,PreservedSpecimen
-50.3019444444444,-26.2166666666667,FURB,BR,PreservedSpecimen
-49.0791666666667,-26.9055555555556,FURB,BR,PreservedSpecimen
-50.0041666666667,-26.9780555555556,FURB,BR,PreservedSpecimen
-48.3880555555556,-25.5536111111111,FURB,BR,PreservedSpecimen
-48.7616666666667,-26.9522222222222,FURB,BR,PreservedSpecimen
-49.0791666666667,-26.9055555555556,FURB,BR,PreservedSpecimen
-49.0791666666667,-26.9055555555556,FURB,BR,PreservedSpecimen
-49.0719444444444,-26.9213888888889,FURB,BR,PreservedSpecimen
-49.1491666666667,-27.05,FURB,BR,PreservedSpecimen
-50.4,-26.64,FURB,BR,PreservedSpecimen
-49.4091666666667,-28.7091666666667,FURB,BR,PreservedSpecimen
-50.1297222222222,-29.2497222222222,FURB,BR,PreservedSpecimen
-52.4697222222222,-27.135,FURB,BR,PreservedSpecimen
-52.4702777777778,-26.8197222222222,FURB,BR,PreservedSpecimen
-49.68,-28.7997222222222,FURB,BR,PreservedSpecimen
-49.9508333333333,-26.1494444444444,FURB,BR,PreservedSpecimen
-49.1541666666667,-26.3008333333333,FURB,BR,PreservedSpecimen
-49.4105555555556,-27.54,FURB,BR,PreservedSpecimen
-49.32,-24.66,FURB,BR,PreservedSpecimen
-51.1530555555556,-29.1636111111111,FURB,BR,PreservedSpecimen
-50.9288888888889,-29.2911111111111,FURB,BR,PreservedSpecimen
-49.3191666666667,-28.3480555555556,FLOR,BR,PreservedSpecimen
-38.3166666666667,-12.8833333333333,ALCB,BR,PreservedSpecimen
-38.5166666666667,-12.7847222222222,ALCB,BR,PreservedSpecimen
-38.5,-12.9666666666667,ALCB,BR,PreservedSpecimen
-38.5,-12.9666666666667,ALCB,BR,PreservedSpecimen
0.0,0.0,ALCB,BR,PreservedSpecimen
-39.5666666666667,-16.3666666666667,ALCB,BR,PreservedSpecimen
-42.525,-14.4513888888889,ALCB,BR,PreservedSpecimen
-39.4755555555556,-12.8536111111111,ALCB,BR,PreservedSpecimen
-71.5666666666667,-7.75,ALCB,BR,PreservedSpecimen
-39.5166666666667,-12.9333333333333,ALCB,BR,PreservedSpecimen
-38.5,-1.43888888888889,ALCB,BR,PreservedSpecimen
-39.0333333333333,-13.4833333333333,ALCB,BR,PreservedSpecimen
0.0,0.0,ALCB,BR,PreservedSpecimen
-38.5,-12.9666666666667,ALCB,BR,PreservedSpecimen
0.0,0.0,ALCB,,PreservedSpecimen
-38.5,-12.8333333333333,ALCB,BR,PreservedSpecimen
-38.5,-12.9666666666667,ALCB,BR,PreservedSpecimen
0.0,0.0,ALCB,BR,PreservedSpecimen
-39.5166666666667,-12.9333333333333,ALCB,BR,PreservedSpecimen
-38.5,-12.9666666666667,ALCB,BR,PreservedSpecimen
-38.5,-12.9666666666667,ALCB,BR,PreservedSpecimen
-38.5,-12.9666666666667,ALCB,BR,PreservedSpecimen
0.0,0.0,ALCB,BR,PreservedSpecimen
-39.0166666666667,-16.2666666666667,ALCB,BR,PreservedSpecimen
-38.3036111111111,-12.8136111111111,ALCB,BR,PreservedSpecimen
0.0,0.0,ALCB,BR,PreservedSpecimen
-38.5,-12.8333333333333,ALCB,BR,PreservedSpecimen
-39.5666666666667,-16.3666666666667,ALCB,BR,PreservedSpecimen
-37.8366666666667,-12.0538888888889,ALCB,BR,PreservedSpecimen
-38.9305555555556,-13.9430555555556,ALCB,BR,PreservedSpecimen
0.0,0.0,ALCB,BR,PreservedSpecimen
-38.4527777777778,-12.8005555555556,ALCB,BR,PreservedSpecimen
0.0,0.0,ALCB,BR,PreservedSpecimen
-38.5,-12.9666666666667,ALCB,BR,PreservedSpecimen
-39.1516666666667,-13.8763888888889,ALCB,BR,PreservedSpecimen
-38.4269444444444,-12.9269444444444,ALCB,BR,PreservedSpecimen
-39.5833333333333,-14.85,ALCB,BR,PreservedSpecimen
-39.4666666666667,-14.9833333333333,ALCB,BR,PreservedSpecimen
-38.0833333333333,-12.6425,ALCB,BR,PreservedSpecimen
-389.318055555556,-421.805,EAC,BR,PreservedSpecimen
-47.85,-15.8666666666667,HEPH,BR,PreservedSpecimen
-47.85,-15.8666666666667,HEPH,BR,PreservedSpecimen
-47.85,-15.8666666666667,HEPH,BR,PreservedSpecimen
-47.8402777777778,-15.8872222222222,HEPH,BR,PreservedSpecimen
-47.85,-15.8666666666667,HEPH,BR,PreservedSpecimen
-47.85,-15.8666666666667,HEPH,BR,PreservedSpecimen
-47.85,-15.8666666666667,HEPH,BR,PreservedSpecimen
-47.85,-15.8666666666667,HEPH,BR,PreservedSpecimen
-47.85,-15.8666666666667,HEPH,BR,PreservedSpecimen
-47.85,-15.8666666666667,HEPH,BR,PreservedSpecimen
-47.85,-15.8666666666667,HEPH,BR,PreservedSpecimen
-47.85,-15.8666666666667,HEPH,BR,PreservedSpecimen
-44.4333333333333,-13.5333333333333,HEPH,BR,PreservedSpecimen
-49.9422222222222,-27.3344444444444,HEPH,BR,PreservedSpecimen
-43.5161111111111,-19.2575,HEPH,BR,PreservedSpecimen
-44.8363888888889,-17.1725,HEPH,BR,PreservedSpecimen
-43.6119444444444,-19.3141666666667,HEPH,BR,PreservedSpecimen
-39.1263888888889,-14.4813888888889,HEPH,BR,PreservedSpecimen
-47.5625,-15.4375,HEPH,BR,PreservedSpecimen
-47.9261111111111,-15.7391666666667,HEPH,BR,PreservedSpecimen
-47.9613888888889,-15.9147222222222,HEPH,BR,PreservedSpecimen
-48.1166666666667,-15.55,HEPH,BR,PreservedSpecimen
103.7280116,1.4141359,iNaturalist,SG,HumanObservation
-75.6076167,1.6062333,Universidad de la Amazonia (UniAmazonia),CO,PreservedSpecimen
-75.60755,1.6059833,Universidad de la Amazonia (UniAmazonia),CO,PreservedSpecimen
-75.6076167,1.6062333,Universidad de la Amazonia (UniAmazonia),CO,PreservedSpecimen
-75.6629167,1.5119444,Universidad de la Amazonia (UniAmazonia),CO,PreservedSpecimen
-75.6629167,1.5119444,Universidad de la Amazonia (UniAmazonia),CO,PreservedSpecimen
-75.5139639,1.4279972,Universidad de la Amazonia (UniAmazonia),CO,PreservedSpecimen
-75.9136389,1.6023889,Universidad de la Amazonia (UniAmazonia),CO,PreservedSpecimen
-75.6076167,1.6062333,Universidad de la Amazonia (UniAmazonia),CO,PreservedSpecimen
-75.6567833,1.49945,Universidad de la Amazonia (UniAmazonia),CO,PreservedSpecimen
-75.6625,1.6065139,Universidad de la Amazonia (UniAmazonia),CO,PreservedSpecimen
-75.7164861,1.7973889,Universidad de la Amazonia (UniAmazonia),CO,PreservedSpecimen
-75.7164861,1.7973889,Universidad de la Amazonia (UniAmazonia),CO,PreservedSpecimen
-73.7680556,2.2544444,Universidad de la Amazonia (UniAmazonia),CO,PreservedSpecimen
-75.6503333,1.6,Universidad de la Amazonia (UniAmazonia),CO,PreservedSpecimen
-75.6503333,1.6,Universidad de la Amazonia (UniAmazonia),CO,PreservedSpecimen
-75.6562778,1.4999444,Universidad de la Amazonia (UniAmazonia),CO,PreservedSpecimen
-75.2921944,1.7223889,Universidad de la Amazonia (UniAmazonia),CO,PreservedSpecimen
-87.453922,15.761072,MIN,HN,PreservedSpecimen
-75.867222,20.100278,MIN,CU,PreservedSpecimen
-61.65,8.5833,MIN,VE,PreservedSpecimen
-82.133333,23.133333,MIN,CU,PreservedSpecimen
-82.805556,21.886667,MIN,CU,PreservedSpecimen
-90.116746,16.788309,MIN,GT,PreservedSpecimen
-66.040562,18.389586,MIN,PR,PreservedSpecimen
-66.564063,18.157962,MIN,PR,PreservedSpecimen
-86.866667,14.066667,MIN,HN,PreservedSpecimen
-65.757448,18.318922,MIN,PR,PreservedSpecimen
-79.7,9.220604,MIN,PA,PreservedSpecimen
-83.718536,9.134775,MIN,CR,PreservedSpecimen
-57.466667,-18.083333,CPAP,,PreservedSpecimen
103.7723822954,1.3115851932,iNaturalist,SG,HumanObservation
-97.1654663056,16.523777,iNaturalist,MX,HumanObservation
-73.2383806,8.2207472,Universidad Industrial de Santander (UIS),CO,PreservedSpecimen
-73.1764694,7.0844667,Universidad Industrial de Santander (UIS),CO,PreservedSpecimen
-73.1764694,7.0844667,Universidad Industrial de Santander (UIS),CO,PreservedSpecimen
-73.2383778,8.2207472,Universidad Industrial de Santander (UIS),CO,PreservedSpecimen
-72.886,6.994,Universidad Industrial de Santander (UIS),CO,PreservedSpecimen
-74.2242778,6.0868056,Universidad Industrial de Santander (UIS),CO,PreservedSpecimen
-74.1196667,6.4384167,Universidad Industrial de Santander (UIS),CO,PreservedSpecimen
-74.0075,3.0075,Parques Nacionales Naturales de Colombia (PNN),CO,HumanObservation
-74.23676167,2.740135556,Parques Nacionales Naturales de Colombia (PNN),CO,HumanObservation
-74.23787278,2.744302222,Parques Nacionales Naturales de Colombia (PNN),CO,HumanObservation
-74.0075,3.0075,Parques Nacionales Naturales de Colombia (PNN),CO,HumanObservation
-74.22870611,2.74708,Parques Nacionales Naturales de Colombia (PNN),CO,HumanObservation
-74.23676167,2.740135556,Parques Nacionales Naturales de Colombia (PNN),CO,HumanObservation
-74.0075,3.0075,Parques Nacionales Naturales de Colombia (PNN),CO,HumanObservation
-74.23787278,2.744302222,Parques Nacionales Naturales de Colombia (PNN),CO,HumanObservation
-74.0075,3.0075,Parques Nacionales Naturales de Colombia (PNN),CO,HumanObservation
-74.23676167,2.740135556,Parques Nacionales Naturales de Colombia (PNN),CO,HumanObservation
-74.23787278,2.744302222,Parques Nacionales Naturales de Colombia (PNN),CO,HumanObservation
-74.23592833,2.740135556,Parques Nacionales Naturales de Colombia (PNN),CO,HumanObservation
-74.22870611,2.74708,Parques Nacionales Naturales de Colombia (PNN),CO,HumanObservation
-74.23787278,2.744302222,Parques Nacionales Naturales de Colombia (PNN),CO,HumanObservation
-74.23592833,2.740135556,Parques Nacionales Naturales de Colombia (PNN),CO,HumanObservation
-74.23592833,2.740135556,Parques Nacionales Naturales de Colombia (PNN),CO,HumanObservation
-74.23676167,2.740135556,Parques Nacionales Naturales de Colombia (PNN),CO,HumanObservation
-74.0075,3.0075,Parques Nacionales Naturales de Colombia (PNN),CO,HumanObservation
-74.23676167,2.740135556,Parques Nacionales Naturales de Colombia (PNN),CO,HumanObservation
-63.1725,-15.9258334,MO,BO,PreservedSpecimen
-63.2063889,-16.9297223,MO,BO,PreservedSpecimen
-63.2716667,-17.5397222,MO,BO,PreservedSpecimen
-63.2444444,-17.99,MO,BO,PreservedSpecimen
-47.713608,-23.295144,UTFPR-SL,,PreservedSpecimen
-65.93924125,18.35236338,Unknown,,HumanObservation
-75.64155497222222,3.1941289999999998,Unknown,,HumanObservation
-75.86229163,4.25220766,Unknown,,HumanObservation
-75.86229163,4.25220766,Unknown,,HumanObservation
-75.86229163,4.25220766,Unknown,,HumanObservation
-48.0299532,-15.860758199722222,Unknown,,HumanObservation
-65.93924125,18.35236338,Unknown,,HumanObservation
-66.79614897222223,10.433761972222223,Unknown,,HumanObservation
-65.93924125,18.35236338,Unknown,,HumanObservation
-45.45034738888889,-22.77806125,Unknown,,HumanObservation
-39.083333,-15.15,UESC,,PreservedSpecimen
110.4312437201,-7.62071301,iNaturalist,ID,HumanObservation
-75.42,4.1394444,Universidad Católica de Oriente (UCO),CO,PreservedSpecimen
-75.4166667,6.1666667,Universidad Católica de Oriente (UCO),CO,PreservedSpecimen
-75.3333333,6.2666667,Universidad Católica de Oriente (UCO),CO,PreservedSpecimen
-75.1679167,6.0256389,Universidad Católica de Oriente (UCO),CO,PreservedSpecimen
-75.4166667,6.1666667,Universidad Católica de Oriente (UCO),CO,PreservedSpecimen
-75.201277,6.622522,Universidad Católica de Oriente (UCO),CO,PreservedSpecimen
-75.201277,6.622522,Universidad Católica de Oriente (UCO),CO,PreservedSpecimen
-77.1416667,8.4091667,Universidad Católica de Oriente (UCO),CO,PreservedSpecimen
-75.1001667,6.7724444,Universidad Católica de Oriente (UCO),CO,PreservedSpecimen
-75.5851806,4.7320222,Universidad Católica de Oriente (UCO),CO,PreservedSpecimen
-75.3666667,6.15,Universidad Católica de Oriente (UCO),CO,PreservedSpecimen
-86.2666667,12.15,US,NI,PreservedSpecimen
-70.585666667,19.025833333,TEX,,PreservedSpecimen
-85.0,12.833333333,TEX,,PreservedSpecimen
-83.766666667,11.983333333,TEX,,PreservedSpecimen
-86.333333333,13.583333333,TEX,,PreservedSpecimen
-86.322222222,13.034166667,TEX,,PreservedSpecimen
-85.266666667,12.916666667,TEX,,PreservedSpecimen
-85.75,13.5,TEX,,PreservedSpecimen
-85.783333333,13.266666667,TEX,,PreservedSpecimen
-84.566666667,14.016666667,TEX,,PreservedSpecimen
-83.75,12.083333333,TEX,,PreservedSpecimen
-85.4,12.23333,TEX,,PreservedSpecimen
-70.9716667,19.295,MO,JM,PreservedSpecimen
110.4692332,-7.7002856,iNaturalist,ID,HumanObservation
-68.0,-10.0,UFAC,,PreservedSpecimen
-68.0,-10.0,UFAC,,PreservedSpecimen
-68.0,-10.0,UFAC,,PreservedSpecimen
-50.990556,-29.238611,UCS,,PreservedSpecimen
-86.166666667,13.25,TEX,,PreservedSpecimen
-89.15,14.35,TEX,,PreservedSpecimen
-83.983333333,10.43333,TEX,,PreservedSpecimen
-77.2333,18.15,TEX,,PreservedSpecimen
-79.65,9.06667,TEX,,PreservedSpecimen
-77.7005556,-1.3286111,QAP,EC,PreservedSpecimen
-84.7989416667,10.3423366667,iNaturalist,CR,HumanObservation
110.39412017,-7.67706986,iNaturalist,ID,HumanObservation
106.7268143333,-6.5576594444,iNaturalist,ID,HumanObservation
-78.948622942,-4.0620941018,iNaturalist,EC,HumanObservation
110.4595974451,-7.8094853798,iNaturalist,ID,HumanObservation
-71.1614033333,18.030805,iNaturalist,DO,HumanObservation
-70.7278333,5.5723056,Consorcio Casanare Biodiversa,CO,HumanObservation
-83.664062,9.885498,CM,CR,PreservedSpecimen
-66.75,-16.333333,CM,BO,PreservedSpecimen
-78.8333333333333,-0.333333333333333,CM,EC,PreservedSpecimen
-78.5,-0.416666666666667,CM,EC,PreservedSpecimen
-78.8333333333333,-0.25,CM,EC,PreservedSpecimen
-56.706944,-20.968611,Cenargen,,PreservedSpecimen
-52.736944,-21.152222,Cenargen,,PreservedSpecimen
105.663202,-10.445346,PERTH,AU,PRESERVED_SPECIMEN
105.660692,-10.449143,PERTH,AU,PRESERVED_SPECIMEN
110.4692332,-7.7002856,iNaturalist,ID,HumanObservation
110.13704439,-7.65453036,iNaturalist,ID,HumanObservation
-65.9899222222,18.0422611111,iNaturalist,PR,HumanObservation
-77.9783334,-1.5127778,ECUAMZ,EC,PreservedSpecimen
141.0167,-2.6,CANB,PG,PRESERVED_SPECIMEN
155.5333,-6.1833,CANB,PG,PRESERVED_SPECIMEN
141.2333,-2.7667,CANB,PG,PRESERVED_SPECIMEN
105.66296,-10.4454458,CANB,AU,PRESERVED_SPECIMEN
141.2347,-5.2914,CANB,PG,PRESERVED_SPECIMEN
141.2339,-5.2931,CANB,PG,PRESERVED_SPECIMEN
146.6108,-6.8981,CANB,PG,PRESERVED_SPECIMEN
141.3667,-2.7333,CANB,PG,PRESERVED_SPECIMEN
154.6169,-5.4006,CANB,PG,PRESERVED_SPECIMEN
141.2944,-6.1172,CANB,PG,PRESERVED_SPECIMEN
141.6381,-5.1256,CANB,PG,PRESERVED_SPECIMEN
143.5072,-3.5122,CANB,PG,PRESERVED_SPECIMEN
141.25,-2.7833,CANB,PG,PRESERVED_SPECIMEN
141.3003,-5.3478,CANB,PG,PRESERVED_SPECIMEN
141.1333,-5.6667,CANB,PG,PRESERVED_SPECIMEN
141.2331,-5.2953,CANB,PG,PRESERVED_SPECIMEN
131.3247,-1.0081,CANB,ID,PRESERVED_SPECIMEN
141.2781,-5.5303,CANB,PG,PRESERVED_SPECIMEN
141.1381,-5.6708,CANB,PG,PRESERVED_SPECIMEN
105.66296,-10.4454458,CANB,AU,PRESERVED_SPECIMEN
140.77,-2.6817,CANB,ID,PRESERVED_SPECIMEN
145.4606,-5.5897,CANB,PG,PRESERVED_SPECIMEN
141.0297,-5.6769,CANB,PG,PRESERVED_SPECIMEN
141.3,-6.1167,CANB,PG,PRESERVED_SPECIMEN
141.2944,-6.1172,CNS,PG,PRESERVED_SPECIMEN
160.7467,-8.8386,CANB,SB,PRESERVED_SPECIMEN
145.4606,-5.5894,CNS,PG,PRESERVED_SPECIMEN
146.6106,-6.8981,CNS,PG,PRESERVED_SPECIMEN
140.4028,-2.5194,CNS,ID,PRESERVED_SPECIMEN
141.3003,-5.3478,CNS,PG,PRESERVED_SPECIMEN
141.38,-2.7494,CNS,PG,PRESERVED_SPECIMEN
141.2441828,-2.7753961,CNS,PG,PRESERVED_SPECIMEN
141.2139,-5.2,CNS,PG,PRESERVED_SPECIMEN
147.3917,-9.4272,CNS,PG,PRESERVED_SPECIMEN
147.8319,-6.6083,CNS,PG,PRESERVED_SPECIMEN
141.2329,-5.29516,DNA,PG,PRESERVED_SPECIMEN
106.8279,-6.63732,DNA,ID,PRESERVED_SPECIMEN
105.66008,-10.4484,DNA,AU,PRESERVED_SPECIMEN
-52.3113733333,4.86551,iNaturalist,GF,HumanObservation
101.7365557328,3.7118760581,iNaturalist,MY,HumanObservation
101.7365557328,3.7118760581,iNaturalist,MY,HumanObservation
-61.127205,14.7336316667,iNaturalist,MQ,HumanObservation
-66.2198666667,18.1085166667,TAIF,185,PreservedSpecimen
-74.001833,1.991889,Corporación Paisajes Rurales (CPR),CO,HumanObservation
-78.5777778,1.1911111,QCNE,EC,PreservedSpecimen
100.3601854294,-0.3100048317,iNaturalist,ID,HumanObservation
110.4151526668,-7.7540138014,iNaturalist,ID,HumanObservation
-76.5513,3.3461,Universidad Icesi (ICESI),CO,PreservedSpecimen
-78.8493288044,-0.3520879396,iNaturalist,EC,HumanObservation
110.2970326302,-7.7355645623,iNaturalist,ID,HumanObservation
110.297545,-7.735209,iNaturalist,ID,HumanObservation
-73.284164,4.893608,Pontificia Universidad Javeriana (PUJ),CO,PreservedSpecimen
-73.25291,4.8594,Pontificia Universidad Javeriana (PUJ),CO,PreservedSpecimen
-73.25291,4.8594,Pontificia Universidad Javeriana (PUJ),CO,PreservedSpecimen
-75.581551,4.728921,Pontificia Universidad Javeriana (PUJ),CO,PreservedSpecimen
-44.852778,-23.3525,UNESP-RC,,PreservedSpecimen
-98.21667,20.28333,TEX,,PreservedSpecimen
-93.09111,16.79306,TEX,,PreservedSpecimen
-95.07,18.5,TEX,,PreservedSpecimen
-93.42,16.65,TEX,,PreservedSpecimen
-94.07,16.47278,TEX,,PreservedSpecimen
-93.09111,16.79306,TEX,,PreservedSpecimen
-95.07,18.5,TEX,,PreservedSpecimen
-95.06722,18.56889,TEX,,PreservedSpecimen
-96.3,17.68333,TEX,,PreservedSpecimen
-96.53333,16.01667,TEX,,PreservedSpecimen
-91.79,16.11,TEX,,PreservedSpecimen
-96.35,18.21667,TEX,,PreservedSpecimen
-91.96833,17.44944,TEX,,PreservedSpecimen
-92.42444,15.18722,TEX,,PreservedSpecimen
-92.09444,16.97444,TEX,,PreservedSpecimen
-96.91667,19.56667,TEX,,PreservedSpecimen
-88.88333,17.90278,TEX,,PreservedSpecimen
-92.09444,16.97444,TEX,,PreservedSpecimen
-93.09111,16.79306,TEX,,PreservedSpecimen
-73.25,6.8666667,MO,CO,PreservedSpecimen
97.6666667,3.6666667,MO,ID,PreservedSpecimen
-86.1874333,13.6745333,HULE,NI,PreservedSpecimen
127.5333333,-0.75,MO,ID,PreservedSpecimen
-82.4008865243,8.7626186373,iNaturalist,PA,HumanObservation
110.4126164722,-7.6259381944,iNaturalist,ID,HumanObservation
-61.10333333333333,14.762222222222222,Unknown,,HumanObservation
-47.762934303421076,-15.840159526732345,Unknown,,HumanObservation
-48.93775594,-16.30674825,Unknown,,HumanObservation
106.79078517693618,-6.318253249366909,Unknown,,HumanObservation
-52.4981248,4.9431867,Unknown,,HumanObservation
-80.9608097747,7.5921774288,iNaturalist,PA,HumanObservation
-38.504444,-13.0575,UFBA,,PreservedSpecimen
-52.1469444,-29.3541667,FUVATES,,PreservedSpecimen
-55.725556,-12.529444,UFMT,,PreservedSpecimen
-76.3962224441,-0.6787455871,iNaturalist,EC,HumanObservation
-77.8062089722,-0.901618,iNaturalist,EC,HumanObservation
-93.3166666,16.0419444,UNICACH,MX,PreservedSpecimen
-92.1635277,15.0707499,UNICACH,MX,PreservedSpecimen
-92.1101111,15.0619444,UNICACH,MX,PreservedSpecimen
-93.0508055,15.8059166,UNICACH,MX,PreservedSpecimen
-92.7055555,15.6844444,UNICACH,MX,PreservedSpecimen
-93.3774999,16.0152777,UNICACH,MX,PreservedSpecimen
-93.3438888,16.0533333,UNICACH,MX,PreservedSpecimen
-93.4152777,16.1166666,UNICACH,MX,PreservedSpecimen
-91.6708333,16.0791666,UNICACH,MX,PreservedSpecimen
-93.05725,15.8143055,UNICACH,MX,PreservedSpecimen
-92.3277777,17.2805555,UNICACH,MX,PreservedSpecimen
-93.3241666,15.9575,UNICACH,MX,PreservedSpecimen
-91.6708333,16.0791666,UNICACH,MX,PreservedSpecimen
-93.0333333,16.3244444,UNICACH,MX,PreservedSpecimen
-93.3241666,15.9575,UNICACH,MX,PreservedSpecimen
-93.0655555,17.1855555,UNICACH,MX,PreservedSpecimen
-93.0279083,17.4249416,UNICACH,MX,PreservedSpecimen
-93.4591666,15.9983333,UNICACH,MX,PreservedSpecimen
-93.2249999,16.9083333,UNICACH,MX,PreservedSpecimen
-93.3122222,16.01,UNICACH,MX,PreservedSpecimen
-92.6725833,15.6402222,UNICACH,MX,PreservedSpecimen
-93.3222222,16.0919444,UNICACH,MX,PreservedSpecimen
-93.3358333,15.9791666,UNICACH,MX,PreservedSpecimen
-93.7158333,17.1502777,UNICACH,MX,PreservedSpecimen
-93.5047222,16.0047222,UNICACH,MX,PreservedSpecimen
-93.4713888,16.0130555,UNICACH,MX,PreservedSpecimen
-93.05125,15.8498055,UNICACH,MX,PreservedSpecimen
-93.2749999,16.8083333,UNICACH,MX,PreservedSpecimen
-93.3263888,15.9958333,UNICACH,MX,PreservedSpecimen
-93.4299999,16.0833333,UNICACH,MX,PreservedSpecimen
-92.6583333,15.3772222,UNICACH,MX,PreservedSpecimen
-93.3333333,16.8666666,UNICACH,MX,PreservedSpecimen
-93.3163888,16.0105555,UNICACH,MX,PreservedSpecimen
-93.3036111,15.9480555,UNICACH,MX,PreservedSpecimen
-93.7299722,16.2418611,UNICACH,MX,PreservedSpecimen
-92.6575555,15.3904166,UNICACH,MX,PreservedSpecimen
-93.0333333,15.7555555,UNICACH,MX,PreservedSpecimen
-93.7158333,17.1502777,UNICACH,MX,PreservedSpecimen
-92.4852777,16.3077777,UNICACH,MX,PreservedSpecimen
-92.9816666,15.7011111,UNICACH,MX,PreservedSpecimen
-93.8041111,17.0533333,UNICACH,MX,PreservedSpecimen
-93.3277777,15.9722222,UNICACH,MX,PreservedSpecimen
-92.9361111,15.7697222,UNICACH,MX,PreservedSpecimen
-91.6708333,16.0791666,UNICACH,MX,PreservedSpecimen
-93.4105555,16.0055555,UNICACH,MX,PreservedSpecimen
-93.0639166,15.7994444,UNICACH,MX,PreservedSpecimen
-90.8666666,16.7033333,UNICACH,MX,PreservedSpecimen
-93.4638888,16.0077777,UNICACH,MX,PreservedSpecimen
-92.9696388,15.6056388,UNICACH,MX,PreservedSpecimen
-93.3044444,16.0144444,UNICACH,MX,PreservedSpecimen
-93.3708333,16.0638888,UNICACH,MX,PreservedSpecimen
-93.4299999,16.0833333,UNICACH,MX,PreservedSpecimen
-93.4419444,16.0002777,UNICACH,MX,PreservedSpecimen
-93.4298944,16.8282972,UNICACH,MX,PreservedSpecimen
-93.3561111,16.0525,UNICACH,MX,PreservedSpecimen
-93.3302777,15.9830555,UNICACH,MX,PreservedSpecimen
-93.4319444,16.1111111,UNICACH,MX,PreservedSpecimen
-93.4761111,16.0041666,UNICACH,MX,PreservedSpecimen
-92.1808055,15.1571111,UNICACH,MX,PreservedSpecimen
-91.8734166,16.5494166,UNICACH,MX,PreservedSpecimen
-92.2040555,15.1085,UNICACH,MX,PreservedSpecimen
-93.4627777,15.9933333,UNICACH,MX,PreservedSpecimen
-93.0305555,17.4277777,UNICACH,MX,PreservedSpecimen
-93.3299999,15.9899999,UNICACH,MX,PreservedSpecimen
-92.0955555,15.0572222,UNICACH,MX,PreservedSpecimen
-93.5047222,16.0047222,UNICACH,MX,PreservedSpecimen
-92.1861111,15.0995277,UNICACH,MX,PreservedSpecimen
-93.5055555,16.0138888,UNICACH,MX,PreservedSpecimen
-93.2883333,15.9841666,UNICACH,MX,PreservedSpecimen
-93.4613888,16.0033333,UNICACH,MX,PreservedSpecimen
-92.1953333,15.1059166,UNICACH,MX,PreservedSpecimen
-93.4298944,16.8282972,UNICACH,MX,PreservedSpecimen
-93.4638888,16.0077777,UNICACH,MX,PreservedSpecimen
-96.7958333,19.8869444,INECOL,MX,PreservedSpecimen
-92.7941666,15.7155555,NO DISPONIBLE,MX,PreservedSpecimen
-97.0833333,18.85,NO DISPONIBLE,MX,PreservedSpecimen
-97.0436111,19.4902777,INECOL,MX,PreservedSpecimen
-93.3708333,16.0638888,INECOL,MX,PreservedSpecimen
-93.4319444,16.1111111,INECOL,MX,PreservedSpecimen
-93.4105555,16.0005555,INECOL,MX,PreservedSpecimen
-97.67,19.97,INECOL,MX,PreservedSpecimen
-91.775,17.7463888,INECOL,MX,PreservedSpecimen
-97.1036111,18.8497222,RBG,MX,PreservedSpecimen
-97.9133333,20.225,INECOL,MX,PreservedSpecimen
-95.0738888,18.5847222,INECOL,MX,PreservedSpecimen
-96.8,19.4166666,INECOL,MX,PreservedSpecimen
-96.5833333,19.2333333,INECOL,MX,PreservedSpecimen
-96.6941666,19.5341666,INECOL,MX,PreservedSpecimen
-95.0227777,18.4361111,INECOL,MX,PreservedSpecimen
-95.0486111,18.5408333,INECOL,MX,PreservedSpecimen
-96.7766666,18.9155555,INECOL,MX,PreservedSpecimen
-96.9316666,18.8911111,INECOL,MX,PreservedSpecimen
-97.4166666,20.9833333,INECOL,MX,PreservedSpecimen
-96.7766666,18.9155555,INECOL,MX,PreservedSpecimen
-96.7766666,18.9155555,INECOL,MX,PreservedSpecimen
-96.9819444,18.6747222,INECOL,MX,PreservedSpecimen
-91.3066666,16.8125,INECOL,MX,PreservedSpecimen
-95.0227777,18.4361111,INECOL,MX,PreservedSpecimen
-91.6147222,16.9588888,INECOL,MX,PreservedSpecimen
-92.0688888,16.3902777,INECOL,MX,PreservedSpecimen
-93.1166666,16.7527777,INECOL,MX,PreservedSpecimen
-92.2666666,17.1,INECOL,MX,PreservedSpecimen
-103.75,19.3166666,INECOL,MX,PreservedSpecimen
-103.755,19.3283333,INECOL,MX,PreservedSpecimen
-92.1383333,16.93,INECOL,MX,PreservedSpecimen
-103.0,19.8666666,INECOL,MX,PreservedSpecimen
-92.4538888,16.8277777,INECOL,MX,PreservedSpecimen
-105.4262472,20.3836888,INECOL,MX,PreservedSpecimen
-105.2541666,20.5597222,INECOL,MX,PreservedSpecimen
-92.0833333,16.9,INECOL,MX,PreservedSpecimen
-90.9266666,16.12,INECOL,MX,PreservedSpecimen
-95.0738888,18.5847222,INECOL,MX,PreservedSpecimen
-91.35,16.9166666,INECOL,MX,PreservedSpecimen
-96.2097222,17.8602777,INECOL,MX,PreservedSpecimen
-86.1666666,13.25,INECOL,NI,PreservedSpecimen
-85.7916666,13.275,INECOL,NI,PreservedSpecimen
-97.8530555,20.2488888,INECOL,MX,PreservedSpecimen
-96.9275,19.54,INECOL,MX,PreservedSpecimen
-97.1902777,20.4625,INECOL,MX,PreservedSpecimen
-96.8833333,19.2166666,MNHN,MX,PreservedSpecimen
-92.1066666,15.505,INECOL,MX,PreservedSpecimen
-96.9316666,18.8911111,HU,MX,PreservedSpecimen
-97.1036111,18.8497222,MNHN,MX,PreservedSpecimen
-96.9316666,18.8911111,MNHN,MX,PreservedSpecimen
-97.1036111,18.8497222,RBG,MX,PreservedSpecimen
-96.8583333,19.925,INECOL,MX,PreservedSpecimen
-97.2566666,19.8969444,INECOL,MX,PreservedSpecimen
-96.675,19.2,NO DISPONIBLE,MX,PreservedSpecimen
-97.1036111,18.8497222,NO DISPONIBLE,MX,PreservedSpecimen
-96.8333333,19.2,NO DISPONIBLE,MX,PreservedSpecimen
-92.7941666,15.7155555,NO DISPONIBLE,MX,PreservedSpecimen
-97.1036111,18.8497222,NO DISPONIBLE,MX,PreservedSpecimen
-96.9871777,19.4029611,INECOL,MX,PreservedSpecimen
-97.3197222,20.9111111,INECOL,MX,PreservedSpecimen
-90.8788888,16.7388888,INECOL,MX,PreservedSpecimen
-90.905,16.8075,INECOL,MX,PreservedSpecimen
-98.8845611,18.4645166,INECOL,MX,PreservedSpecimen
-94.7375,18.3333333,INECOL,MX,PreservedSpecimen
-98.4166666,20.6333333,INECOL,MX,PreservedSpecimen
-97.1661111,19.8077777,INECOL,MX,PreservedSpecimen
-94.6913888,18.2613888,INECOL,MX,PreservedSpecimen
-96.7355555,19.5363888,INECOL,MX,PreservedSpecimen
-94.5466666,17.28,INECOL,MX,PreservedSpecimen
-97.2402777,19.9308333,INECOL,MX,PreservedSpecimen
-96.9602777,19.1497222,INECOL,MX,PreservedSpecimen
-96.9166666,18.8833333,INECOL,MX,PreservedSpecimen
-96.6833333,19.5333333,INECOL,MX,PreservedSpecimen
-94.4352777,18.1377777,INECOL,MX,PreservedSpecimen
-96.7666666,19.8666666,INECOL,MX,PreservedSpecimen
-97.2513888,19.9261111,INECOL,MX,PreservedSpecimen
-97.0438888,18.9155555,INECOL,MX,PreservedSpecimen
-95.0486111,18.5408333,INECOL,MX,PreservedSpecimen
-96.9,17.7333333,INECOL,MX,PreservedSpecimen
-104.95,22.0,INECOL,MX,PreservedSpecimen
-105.0608333,21.2077777,INECOL,MX,PreservedSpecimen
-94.43,18.1416666,INECOL,MX,PreservedSpecimen
-104.9388888,21.3888888,INECOL,MX,PreservedSpecimen
-96.3291666,17.6680555,INECOL,MX,PreservedSpecimen
-96.9038888,18.6647222,INECOL,MX,PreservedSpecimen
-94.8450733,18.2252502,INECOL,MX,PreservedSpecimen
-104.4369444,19.6116666,INECOL,MX,PreservedSpecimen
-97.6266666,19.8966666,INECOL,MX,PreservedSpecimen
-95.1783333,18.5777777,INECOL,MX,PreservedSpecimen
-103.6004416,18.7788277,INECOL,MX,PreservedSpecimen
-97.4016027,20.0966416,INECOL,MX,PreservedSpecimen
-97.4552777,19.9836111,INECOL,MX,PreservedSpecimen
-95.0535472,18.5922638,INECOL,MX,PreservedSpecimen
-95.0966666,18.6,INECOL,MX,PreservedSpecimen
-105.0208333,19.9791666,INECOL,MX,PreservedSpecimen
-97.4233333,20.0033333,INECOL,MX,PreservedSpecimen
-95.0752333,18.5748916,INECOL,MX,PreservedSpecimen
-96.0166666,17.25,INECOL,MX,PreservedSpecimen
-92.3166666,17.1666666,INECOL,MX,PreservedSpecimen
-101.5386111,17.6288888,INECOL,MX,PreservedSpecimen
-103.0,19.8666666,INECOL,MX,PreservedSpecimen
-95.1894444,18.5341666,INECOL,MX,PreservedSpecimen
-92.1166666,15.4341666,INECOL,MX,PreservedSpecimen
-93.005,17.345,INECOL,MX,PreservedSpecimen
-96.8266666,18.8416666,INECOL,MX,PreservedSpecimen
-96.9452777,18.7130555,INECOL,MX,PreservedSpecimen
-98.2166666,20.2833333,INECOL,MX,PreservedSpecimen
-92.1205555,17.2636111,INECOL,MX,PreservedSpecimen
-95.05,18.5316666,INECOL,MX,PreservedSpecimen
-96.7972222,18.6625,INECOL,MX,PreservedSpecimen
-96.8333333,19.9333333,INECOL,MX,PreservedSpecimen
-97.4844444,20.0113888,INECOL,MX,PreservedSpecimen
-93.005,17.345,INECOL,MX,PreservedSpecimen
-95.0630555,18.5933333,INECOL,MX,PreservedSpecimen
-93.4533333,16.8733333,INECOL,MX,PreservedSpecimen
-105.0022222,21.5130555,INECOL,MX,PreservedSpecimen
-96.9216666,18.9175,INECOL,MX,PreservedSpecimen
-98.1725,20.2777777,INECOL,MX,PreservedSpecimen
-97.0416666,19.3233333,INECOL,MX,PreservedSpecimen
-96.9316666,18.8911111,HU,MX,PreservedSpecimen
-96.9316666,18.8911111,HU,MX,PreservedSpecimen
-97.105,18.8483333,RBG,MX,PreservedSpecimen
-96.3336111,17.7166666,INECOL,MX,PreservedSpecimen
-96.9316666,18.8911111,HU,MX,PreservedSpecimen
-97.2166666,19.9666666,INECOL,MX,PreservedSpecimen
-96.7,19.85,INECOL,MX,PreservedSpecimen
-86.7,13.9,DAV,HN,PreservedSpecimen
-79.9764366843,8.801108338,iNaturalist,PA,HumanObservation
110.1811376,-7.6463076,iNaturalist,ID,HumanObservation
-75.4448006108,6.0140962605,iNaturalist,CO,HumanObservation
-39.8336111,-18.435,UFES,,PreservedSpecimen
-55.4969444,-20.4536111,UFMS,,PreservedSpecimen
-54.79,-20.5566667,UFMS,,PreservedSpecimen
-55.7513889,-20.7927777,UFMS,,PreservedSpecimen
-52.9861111,-19.055,UFMS,,PreservedSpecimen
-56.8519444,-20.5969444,UFMS,,PreservedSpecimen
-57.6783334,-17.7988889,UFMS,,PreservedSpecimen
-55.4902777,-20.4616667,UFMS,,PreservedSpecimen
-80.0,21.5,F,,PreservedSpecimen
-61.6667,12.1167,F,,PreservedSpecimen
-80.0,21.5,F,,PreservedSpecimen
-72.4903,18.9756,F,,PreservedSpecimen
-70.6667,19.0,F,,PreservedSpecimen
-77.1475,18.1869,F,,PreservedSpecimen
-65.9119,7.0758,F,,PreservedSpecimen
-78.1869,-1.4628,F,,PreservedSpecimen
-80.0,21.5,F,,PreservedSpecimen
-80.0,21.5,F,,PreservedSpecimen
-77.1475,18.1869,F,,PreservedSpecimen
-77.1475,18.1869,F,,PreservedSpecimen
-52.8731,-10.8339,F,,PreservedSpecimen
-78.1869,-1.4628,F,,PreservedSpecimen
-74.14,-9.1839,F,,PreservedSpecimen
-65.9119,7.0758,F,,PreservedSpecimen
-66.3242,18.2761,F,,PreservedSpecimen
-80.0,21.5,F,,PreservedSpecimen
-60.6667,11.25,F,,PreservedSpecimen
-70.6667,19.0,F,,PreservedSpecimen
-52.8731,-10.8339,F,,PreservedSpecimen
-66.3242,18.2761,F,,PreservedSpecimen
-78.1869,-1.4628,F,,PreservedSpecimen
-60.6667,11.25,F,,PreservedSpecimen
-77.1475,18.1869,F,,PreservedSpecimen
-77.1475,18.1869,F,,PreservedSpecimen
-80.0,21.5,F,,PreservedSpecimen
-80.0,21.5,F,,PreservedSpecimen
-52.8731,-10.8339,F,,PreservedSpecimen
-74.14,-9.1839,F,,PreservedSpecimen
-66.3242,18.2761,F,,PreservedSpecimen
-80.0,21.5,F,,PreservedSpecimen
-77.1475,18.1869,F,,PreservedSpecimen
-80.0,21.5,F,,PreservedSpecimen
-80.0,21.5,F,,PreservedSpecimen
-77.1475,18.1869,F,,PreservedSpecimen
-80.0,21.5,F,,PreservedSpecimen
-77.1475,18.1869,F,,PreservedSpecimen
-61.0,14.6667,F,,PreservedSpecimen
-52.8731,-10.8339,F,,PreservedSpecimen
-77.1475,18.1869,F,,PreservedSpecimen
-80.0,21.5,F,,PreservedSpecimen
-80.0,21.5,F,,PreservedSpecimen
-80.0,21.5,F,,PreservedSpecimen
-80.0,21.5,F,,PreservedSpecimen
-61.2,13.0833,F,,PreservedSpecimen
-61.3333,15.5,F,,PreservedSpecimen
-70.6667,19.0,F,,PreservedSpecimen
-60.6667,11.25,F,,PreservedSpecimen
-70.6667,19.0,F,,PreservedSpecimen
-80.0,21.5,F,,PreservedSpecimen
-77.1475,18.1869,F,,PreservedSpecimen
-60.6667,11.25,F,,PreservedSpecimen
-77.1475,18.1869,F,,PreservedSpecimen
-70.6667,19.0,F,,PreservedSpecimen
-70.6667,19.0,F,,PreservedSpecimen
-77.1475,18.1869,F,,PreservedSpecimen
-70.6667,19.0,F,,PreservedSpecimen
-61.25,10.5,F,,PreservedSpecimen
-80.0,21.5,F,,PreservedSpecimen
-66.3242,18.2761,F,,PreservedSpecimen
-80.0,21.5,F,,PreservedSpecimen
-80.0,21.5,F,,PreservedSpecimen
-72.4903,18.9756,F,,PreservedSpecimen
-72.4903,18.9756,F,,PreservedSpecimen
-80.0,21.5,F,,PreservedSpecimen
-80.0,21.5,F,,PreservedSpecimen
-77.1475,18.1869,F,,PreservedSpecimen
-77.1475,18.1869,F,,PreservedSpecimen
-80.0,21.5,F,,PreservedSpecimen
-72.4903,18.9756,F,,PreservedSpecimen
-77.1475,18.1869,F,,PreservedSpecimen
-103.8121160727,19.3643296754,iNaturalist,MX,HumanObservation
-47.8567068279,-15.6725265234,iNaturalist,BR,HumanObservation
-66.0736144666,18.3355668771,iNaturalist,PR,HumanObservation
-65.84815333,18.29812,iNaturalist,PR,HumanObservation
-73.4539632037,18.3129092907,iNaturalist,HT,HumanObservation
-69.67972,-18.22917,W,BOL,PreservedSpecimen
-179.75611,-19.15389,W,FJI,PreservedSpecimen
124.736299,6.3767958,iNaturalist,PH,HumanObservation
124.736299,6.3767958,iNaturalist,PH,HumanObservation
100.3660468385,-0.9268233894,iNaturalist,ID,HumanObservation
110.4140185,-7.7551436,iNaturalist,ID,HumanObservation
-78.13,-2.6,US,,PreservedSpecimen
-39.8319445,-18.4380555,UFES,,PreservedSpecimen
-39.8352777,-18.4325,UFES,,PreservedSpecimen
110.4221974454,-7.5857418116,iNaturalist,ID,HumanObservation
-43.5216667,-20.4380555,UFOP,,PreservedSpecimen
-39.444445,-7.916667,CPATSA,,PreservedSpecimen
123.97326667,0.42241333,iNaturalist,ID,HumanObservation
110.3771655613,-7.7659129391,iNaturalist,ID,HumanObservation
125.3806575296,7.0227306766,iNaturalist,PH,HumanObservation
110.436630249,-7.5899920464,iNaturalist,ID,HumanObservation
110.3628494381,-7.7111485126,iNaturalist,ID,HumanObservation
103.7833328247,1.4558333158,iNaturalist,SG,HumanObservation
101.6585006667,3.1262616944,iNaturalist,MY,HumanObservation
101.6602483333,3.1336383333,iNaturalist,MY,HumanObservation
101.65872,3.1263933333,iNaturalist,MY,HumanObservation
110.280090332,-7.7387990952,iNaturalist,ID,HumanObservation
101.7457999,3.6726415,iNaturalist,MY,HumanObservation
101.7356104593,3.7125924344,iNaturalist,MY,HumanObservation
103.7315593531,1.3671852156,iNaturalist,SG,HumanObservation
101.6576824,3.1359953,iNaturalist,MY,HumanObservation
-43.4205556,-22.9211111,JBRJ,BR,PreservedSpecimen
-72.7105,6.0026944,Universidad Pedagógica y Tecnológica de Colombia (UPTC),CO,HumanObservation
-72.65275,6.0928889,Universidad Pedagógica y Tecnológica de Colombia (UPTC),CO,HumanObservation
-51.1530556,-29.1636111,FURB,,PreservedSpecimen
-50.9288889,-29.2911111,FURB,,PreservedSpecimen
-47.4513889,-15.3602778,FURB,,PreservedSpecimen
-49.3191667,-28.3480555,UFSC,,PreservedSpecimen
-87.08166666666666,14.123055555555556,UZH:Z,,PreservedSpecimen
-42.858611,-20.801944,UFMG,,PreservedSpecimen
-42.858611,-20.801944,UFMG,,PreservedSpecimen
-47.856522426,-15.6725362077,iNaturalist,BR,HumanObservation
110.3063729452,-7.7337419851,iNaturalist,ID,HumanObservation
-88.20083,13.95722,LAGU,SLV,PreservedSpecimen
-78.95,-4.12,US,,PreservedSpecimen
97.67,3.67,US,,PreservedSpecimen
-67.5,-14.67,US,,PreservedSpecimen
-84.7303,14.1164,US,,PreservedSpecimen
-69.28,-12.83,US,,PreservedSpecimen
-76.97,-2.08,US,,PreservedSpecimen
-69.5105,9.51168,US,,PreservedSpecimen
-89.15,14.35,US,,PreservedSpecimen
-75.22,2.58,US,,PreservedSpecimen
-145.22,-4.43,US,,PreservedSpecimen
-75.6,4.08,US,,PreservedSpecimen
-83.48,10.08,US,,PreservedSpecimen
-76.0,6.73,US,,PreservedSpecimen
-76.35,6.77,US,,PreservedSpecimen
-70.37,9.45,US,,PreservedSpecimen
-55.9825,-22.6556,US,,PreservedSpecimen
-76.35,-0.25,US,,PreservedSpecimen
-54.0319,3.6983,US,,PreservedSpecimen
-69.6,9.692,US,,PreservedSpecimen
-71.53,-11.82,US,,PreservedSpecimen
-69.0,10.2417,US,,PreservedSpecimen
-75.7,6.42,US,,PreservedSpecimen
-66.88,2.0,US,,PreservedSpecimen
-69.6,9.692,US,,PreservedSpecimen
-75.5,5.5,US,,PreservedSpecimen
-83.88,14.38,US,,PreservedSpecimen
-70.72,8.87,US,,PreservedSpecimen
-90.3169,16.0133,US,,PreservedSpecimen
-84.042,12.167,US,,PreservedSpecimen
-78.83,-0.25,US,,PreservedSpecimen
-76.5,3.9,US,,PreservedSpecimen
-77.68,-2.87,US,,PreservedSpecimen
-63.0667,-17.4197,US,,PreservedSpecimen
-75.03,6.3,US,,PreservedSpecimen
-70.73,8.87,US,,PreservedSpecimen
-70.2561,9.4647,US,,PreservedSpecimen
-68.0167,10.43,US,,PreservedSpecimen
-69.5763,9.49987,US,,PreservedSpecimen
-78.83,-0.33,US,,PreservedSpecimen
-75.17,6.67,US,,PreservedSpecimen
-63.67,-17.4583,US,,PreservedSpecimen
-77.52,-2.35,US,,PreservedSpecimen
-61.0481,-14.7622,US,,PreservedSpecimen
-74.08,-6.9,US,,PreservedSpecimen
-89.37572,14.39014,LAGU,SLV,PreservedSpecimen
-41.6852777,-21.1077778,UFES,,PreservedSpecimen
-39.65,-16.370833,UESC,,PreservedSpecimen
-47.9263889,-15.7338889,JBRJ,BR,PreservedSpecimen
103.7807617188,1.3683730364,iNaturalist,SG,HumanObservation
-43.399722,-19.838333,UFMG,,PreservedSpecimen
-44.236944,-20.139167,UFMG,,PreservedSpecimen
-86.2182223,13.78625,HULE,NI,PreservedSpecimen
-47.9202029291,-15.737318228,iNaturalist,BR,HumanObservation
-43.1600140629,-22.9531453401,iNaturalist,BR,HumanObservation
-47.586111,-22.506944,UNESP-RC,,PreservedSpecimen
-42.741944,-20.0525,UTFPR-CP,,PreservedSpecimen
-44.065,-2.927778,UEMA,,PreservedSpecimen
38.66667,-5.08333,Unknown,,PreservedSpecimen
-64.36667,4.05,Unknown,,PreservedSpecimen
-59.41667,3.05,Unknown,,PreservedSpecimen
-52.15,4.53333,Unknown,,PreservedSpecimen
-75.35,7.48333,Unknown,,PreservedSpecimen
-90.23333,16.56667,Unknown,,PreservedSpecimen
-61.05,5.83333,Unknown,,PreservedSpecimen
-52.41667,4.71667,Unknown,,PreservedSpecimen
-53.96667,5.75,Unknown,,PreservedSpecimen
-42.87664,-20.75682,Unknown,,PreservedSpecimen
-75.7,5.71667,Unknown,,PreservedSpecimen
110.28333,1.31667,Unknown,,PreservedSpecimen
-77.0,-0.48333,Unknown,,PreservedSpecimen
-75.35,7.48333,Unknown,,PreservedSpecimen
-53.28333,4.83333,Unknown,,PreservedSpecimen
-58.25,6.41667,Unknown,,PreservedSpecimen
-76.0,6.73333,Unknown,,PreservedSpecimen
-63.06667,-17.76667,Unknown,,PreservedSpecimen
70.3,10.86667,Unknown,,PreservedSpecimen
-53.23333,3.6,Unknown,,PreservedSpecimen
-76.95,3.98333,Unknown,,PreservedSpecimen
-58.55,6.33333,Unknown,,PreservedSpecimen
-53.03333,5.31667,Unknown,,PreservedSpecimen
145.68333,-5.23333,Unknown,,PreservedSpecimen
-70.21667,18.6,Unknown,,PreservedSpecimen
-54.2,3.83333,Unknown,,PreservedSpecimen
-59.91667,7.7,Unknown,,PreservedSpecimen
-60.28333,4.8,Unknown,,PreservedSpecimen
-47.88517,-15.913,Unknown,,PreservedSpecimen
-76.95,3.98333,Unknown,,PreservedSpecimen
116.93975,-0.99092,Unknown,,PreservedSpecimen
-78.95,9.26667,Unknown,,PreservedSpecimen
-69.58333,18.83472,Unknown,,PreservedSpecimen
-76.03333,5.96667,Unknown,,PreservedSpecimen
-54.03778,5.48917,Unknown,,PreservedSpecimen
147.59861,-7.95389,Unknown,,PreservedSpecimen
146.98333,-6.55,Unknown,,PreservedSpecimen
-61.05,5.98333,Unknown,,PreservedSpecimen
-85.78333,13.26667,Unknown,,PreservedSpecimen
101.63333,3.23333,Unknown,,PreservedSpecimen
105.5,-6.8,Unknown,,PreservedSpecimen
-52.31667,4.93333,Unknown,,PreservedSpecimen
-76.5,4.95,Unknown,,PreservedSpecimen
146.98333,-6.55,Unknown,,PreservedSpecimen
-63.18333,3.55,Unknown,,PreservedSpecimen
-53.68333,5.35,Unknown,,PreservedSpecimen
-67.75,-15.55,Unknown,,PreservedSpecimen
-55.15905,5.84652,Unknown,,PreservedSpecimen
-60.02528,-3.11333,Unknown,,PreservedSpecimen
-52.9,5.38333,Unknown,,PreservedSpecimen
-63.53333,-18.16667,Unknown,,PreservedSpecimen
147.8,-6.44167,Unknown,,PreservedSpecimen
116.94014,-0.99044,Unknown,,PreservedSpecimen
125.07472,6.36056,Unknown,,PreservedSpecimen
117.13333,-0.56667,Unknown,,PreservedSpecimen
-103.86139,19.35139,Unknown,,PreservedSpecimen
-63.66667,-17.45833,Unknown,,PreservedSpecimen
-77.0,-0.48333,Unknown,,PreservedSpecimen
-59.3,2.45,Unknown,,PreservedSpecimen
-52.33333,4.93333,Unknown,,PreservedSpecimen
-76.71667,-2.56667,Unknown,,PreservedSpecimen
-75.06667,7.3,Unknown,,PreservedSpecimen
-55.15905,5.84652,Unknown,,PreservedSpecimen
-67.03333,18.2,Unknown,,PreservedSpecimen
-62.91667,-15.78333,Unknown,,PreservedSpecimen
-52.33333,4.93333,Unknown,,PreservedSpecimen
146.98333,-6.55,Unknown,,PreservedSpecimen
-86.16667,13.25,Unknown,,PreservedSpecimen
-53.16667,5.0,Unknown,,PreservedSpecimen
-48.47061,-1.43728,Unknown,,PreservedSpecimen
-84.73333,11.03333,Unknown,,PreservedSpecimen
-54.4,4.33333,Unknown,,PreservedSpecimen
-61.16667,4.98333,Unknown,,PreservedSpecimen
-55.15905,5.84652,Unknown,,PreservedSpecimen
-75.05,7.21667,Unknown,,PreservedSpecimen
-54.03333,3.65,Unknown,,PreservedSpecimen
-76.5,-8.18333,Unknown,,PreservedSpecimen
-70.95,18.35,Unknown,,PreservedSpecimen
-61.01667,5.88333,Unknown,,PreservedSpecimen
-85.26667,12.91667,Unknown,,PreservedSpecimen
-89.08333,14.33333,Unknown,,PreservedSpecimen
-55.15905,5.84652,Unknown,,PreservedSpecimen
-103.86139,19.35139,Unknown,,PreservedSpecimen
-76.71667,-2.56667,Unknown,,PreservedSpecimen
-38.91667,-14.01667,Unknown,,PreservedSpecimen
-57.95,5.71667,Unknown,,PreservedSpecimen
-55.15905,5.84652,Unknown,,PreservedSpecimen
-85.04167,12.875,Unknown,,PreservedSpecimen
-54.03333,3.65,Unknown,,PreservedSpecimen
-67.16667,-14.66667,Unknown,,PreservedSpecimen
147.59861,-7.95389,Unknown,,PreservedSpecimen
134.1,-1.11667,Unknown,,PreservedSpecimen
-88.76667,17.21667,Unknown,,PreservedSpecimen
-47.59306,-14.16333,Unknown,,PreservedSpecimen
147.8,-6.44167,Unknown,,PreservedSpecimen
-47.59306,-14.16333,Unknown,,PreservedSpecimen
122.08056,6.9,Unknown,,PreservedSpecimen
-54.64917,4.12778,Unknown,,PreservedSpecimen
127.90942,0.49072,Unknown,,PreservedSpecimen
100.51667,-0.95,Unknown,,PreservedSpecimen
116.65,3.4833,Unknown,,PreservedSpecimen
116.68,0.45,Unknown,,PreservedSpecimen
-68.15,-15.23333,Unknown,,PreservedSpecimen
117.0,-1.0,Unknown,,PreservedSpecimen
117.08333,-0.58333,Unknown,,PreservedSpecimen
117.63333,3.3,Unknown,,PreservedSpecimen
117.58333,0.83333,Unknown,,PreservedSpecimen
116.8333,-1.2833,Unknown,,PreservedSpecimen
100.51667,-0.95,Unknown,,PreservedSpecimen
117.15,-0.5,Unknown,,PreservedSpecimen
123.9,0.56667,Unknown,,PreservedSpecimen
116.94694,-0.99069,Unknown,,PreservedSpecimen
117.0,-1.0,Unknown,,PreservedSpecimen
145.21667,-4.43333,Unknown,,PreservedSpecimen
117.13333,-0.56667,Unknown,,PreservedSpecimen
147.0,-6.68333,Unknown,,PreservedSpecimen
-74.08333,-6.9,Unknown,,PreservedSpecimen
-54.13517,5.4035,Unknown,,PreservedSpecimen
147.41667,-2.0,Unknown,,PreservedSpecimen
146.63333,-7.16667,Unknown,,PreservedSpecimen
-55.22028,5.6225,Unknown,,PreservedSpecimen
117.0,-0.26667,Unknown,,PreservedSpecimen
123.9,0.56667,Unknown,,PreservedSpecimen
-76.6611111,5.6869444,IIAP,CO,HumanObservation
-76.6611111,5.6869444,IIAP,CO,HumanObservation
-76.6611111,5.6869444,IIAP,CO,HumanObservation
110.3146200138,-7.7363241738,iNaturalist,ID,HumanObservation
110.3191431239,-7.7370746928,iNaturalist,ID,HumanObservation
110.4102401733,-7.6267857552,iNaturalist,ID,HumanObservation
-49.316389,-20.708056,UEL,,PreservedSpecimen
-50.06475,-20.462861,UEL,,PreservedSpecimen
-49.41,-28.17,UEL,,PreservedSpecimen
-49.316389,-20.708056,UEL,,PreservedSpecimen
-46.686667,-22.696694,UEL,,PreservedSpecimen
-45.121083,-23.408861,UEL,,PreservedSpecimen
-49.409167,-28.709167,UEL,,PreservedSpecimen
-50.4,-26.639,UEL,,PreservedSpecimen
-50.301833,-26.216556,UEL,,PreservedSpecimen
-49.079444,-22.238889,UEL,,PreservedSpecimen
-50.966667,-23.533333,UEL,,PreservedSpecimen
-51.233333,-23.366667,UEL,,PreservedSpecimen
-48.645278,-26.907778,UEL,,PreservedSpecimen
-51.15,-23.883333,UEL,,PreservedSpecimen
-51.233333,-23.366667,UEL,,PreservedSpecimen
-48.388056,-25.553611,UEL,,PreservedSpecimen
-51.15,-23.933333,UEL,,PreservedSpecimen
-48.745833,-23.538333,UEL,,PreservedSpecimen
-51.133333,-23.933333,UEL,,PreservedSpecimen
-49.516667,-19.916667,UEL,,PreservedSpecimen
-55.483889,-20.461167,UEL,,PreservedSpecimen
-49.055278,-15.853889,UEL,,PreservedSpecimen
-49.380556,-20.81,UEL,,PreservedSpecimen
-49.217778,-24.320278,UEL,,PreservedSpecimen
-43.436222,-19.591389,UFMG,,PreservedSpecimen
-49.395556,-7.923056,UFS,,PreservedSpecimen
-49.855,-8.235,UFS,,PreservedSpecimen
-48.958553,-15.853803,UFS,,PreservedSpecimen
-49.066667,-11.716667,IPA/SP,,PreservedSpecimen
-48.777783,-24.687744,IPA/SP,,PreservedSpecimen
-48.777783,-24.687744,IPA/SP,,PreservedSpecimen
-46.628611,-23.445556,IPA/SP,,PreservedSpecimen
-49.571667,-16.1625,IPA/SP,,PreservedSpecimen
-49.380556,-20.81,IPA/SP,,PreservedSpecimen
-59.966667,-2.883333,IPA/SP,,PreservedSpecimen
-50.728889,-21.273611,IPA/SP,,PreservedSpecimen
-48.783333,-21.916667,IPA/SP,,PreservedSpecimen
-44.852889,-23.3525,IPA/SP,,PreservedSpecimen
-49.166667,-24.416667,IPA/SP,,PreservedSpecimen
-47.850833,-24.879444,IPA/SP,,PreservedSpecimen
-46.466667,-23.583333,IPA/SP,,PreservedSpecimen
-48.478694,-24.784611,IPA/SP,,PreservedSpecimen
-46.381944,-23.572222,IPA/SP,,PreservedSpecimen
-48.8675,-22.651111,IPA/SP,,PreservedSpecimen
-46.466667,-23.583333,IPA/SP,,PreservedSpecimen
-51.566667,-20.783333,IPA/SP,,PreservedSpecimen
-47.926806,-24.220028,IPA/SP,,PreservedSpecimen
-63.666667,-17.458333,IPA/SP,,PreservedSpecimen
-63.2,-18.041667,IPA/SP,,PreservedSpecimen
-76.733333,5.0,IPA/SP,,PreservedSpecimen
-47.9,-24.0,IPA/SP,,PreservedSpecimen
-48.75,-17.8,IPA/SP,,PreservedSpecimen
-41.023333,-20.388889,USP-IB,,PreservedSpecimen
-52.268306,-24.577833,UTFPR-CP,,PreservedSpecimen
-51.966667,-23.9,UFRPE,,PreservedSpecimen
-39.516667,-12.933333,UFRPE,,PreservedSpecimen
-47.961111,-15.914444,UFRPE,,PreservedSpecimen
-56.7205556,-21.1216667,UFMS,,PreservedSpecimen
-56.7077778,-20.9644444,UFMS,,PreservedSpecimen
-56.8163889,-20.8538889,UFMS,,PreservedSpecimen
-56.0,-20.0,UFMS,,PreservedSpecimen
-56.8336111,-21.0891666,UFMS,,PreservedSpecimen
-56.7655556,-21.2147222,UFMS,,PreservedSpecimen
-57.0105556,-20.0141667,UFMS,,PreservedSpecimen
-56.6108333,-21.3888889,UFMS,,PreservedSpecimen
-56.6313889,-21.1088889,UFMS,,PreservedSpecimen
-59.8,-21.1216667,UFMS,,PreservedSpecimen
-55.7513889,-20.7927777,UFMS,,PreservedSpecimen
-57.0116667,-19.5769445,UFMS,,PreservedSpecimen
-57.0091667,-19.5147222,UFMS,,PreservedSpecimen
-44.224444,-20.116111,UFMG,,PreservedSpecimen
-43.365333,-19.892556,UFMG,,PreservedSpecimen
-89.71667,13.83333,B,SV,PreservedSpecimen
-88.86667,14.13333,B,SV,PreservedSpecimen
-89.93333,13.81667,B,SV,PreservedSpecimen
-89.25,13.66667,B,SV,PreservedSpecimen
-78.95,-0.316667,MEL,EC,PRESERVED_SPECIMEN
-99.4,21.933333,MEL,MX,PRESERVED_SPECIMEN
-61.516667,10.7,MEL,TT,PRESERVED_SPECIMEN
-80.5,22.283333,MEL,CU,PRESERVED_SPECIMEN
-63.679167,-18.23,MEL,BO,PRESERVED_SPECIMEN
-62.75,17.333333,MEL,KN,PRESERVED_SPECIMEN
146.633333,-7.166667,MEL,PG,PRESERVED_SPECIMEN
-61.25,10.466667,MEL,TT,PRESERVED_SPECIMEN
-63.679167,-18.23,MEL,BO,PRESERVED_SPECIMEN
-38.426944,-12.926944,UFBA,,PreservedSpecimen
103.7886,1.415882,iNaturalist,SG,HumanObservation
-72.65275,6.092888889,Instituto de Investigación de Recursos Biológicos Alexander von Humboldt (IAvH),CO,MaterialSample
-72.7105,6.002694444,Instituto de Investigación de Recursos Biológicos Alexander von Humboldt (IAvH),CO,MaterialSample
-73.3739938,4.696281006,CORPOGUAVIO,CO,HumanObservation
-73.37141943,4.69531472,CORPOGUAVIO,CO,HumanObservation
-73.3738889,4.79305556,CORPOGUAVIO,CO,HumanObservation
-48.2977777,-25.1752778,UFPR,,PreservedSpecimen
-48.2266667,-25.4619444,UFPR,,PreservedSpecimen
-72.7105,6.002694444,Instituto de Investigación de Recursos Biológicos Alexander von Humboldt (IAvH),CO,PreservedSpecimen
-72.65275,6.092888889,Instituto de Investigación de Recursos Biológicos Alexander von Humboldt (IAvH),CO,PreservedSpecimen
-70.1886,9.28531,US,,PreservedSpecimen
-70.3347,9.47022,US,,PreservedSpecimen
-70.3,10.87,NY,,PreservedSpecimen
-62.98,-17.8,NY,,PreservedSpecimen
-54.75,2.48,NY,,PreservedSpecimen
-70.72,8.87,NY,,PreservedSpecimen
-64.4,-17.22,NY,,PreservedSpecimen
-52.3178,4.9481,NY,,PreservedSpecimen
-78.57,-3.45,NY,,PreservedSpecimen
-70.7,8.87,NY,,PreservedSpecimen
-63.68,-17.52,NY,,PreservedSpecimen
-77.67,-3.83,NY,,PreservedSpecimen
-59.15,2.82,NY,,PreservedSpecimen
-76.35,6.77,NY,,PreservedSpecimen
-71.18,8.45,NY,,PreservedSpecimen
-63.38,-17.98,NY,,PreservedSpecimen
-66.13,0.82,NY,,PreservedSpecimen
-58.17,6.42,NY,,PreservedSpecimen
-63.825,-17.42,NY,,PreservedSpecimen
-63.38,-17.98,NY,,PreservedSpecimen
-60.07,5.45,NY,,PreservedSpecimen
-61.02,5.88,NY,,PreservedSpecimen
-63.2717,-17.5397,NY,,PreservedSpecimen
-55.22,5.85,NY,,PreservedSpecimen
-72.08,7.97,NY,,PreservedSpecimen
-66.62,-14.5,NY,,PreservedSpecimen
-67.75,-15.55,NY,,PreservedSpecimen
-75.5,5.5,NY,,PreservedSpecimen
-76.5,-8.18,NY,,PreservedSpecimen
-72.92,9.6,NY,,PreservedSpecimen
-63.25,-17.925,NY,,PreservedSpecimen
-76.95,3.98,NY,,PreservedSpecimen
-78.42,0.33,NY,,PreservedSpecimen
-77.0,-0.48,NY,,PreservedSpecimen
-63.5194,-18.17,NY,,PreservedSpecimen
-69.52,9.68,NY,,PreservedSpecimen
-78.5,-0.42,NY,,PreservedSpecimen
146.98,-6.55,NY,,PreservedSpecimen
-75.22,2.58,NY,,PreservedSpecimen
-60.2833,4.8,NY,,PreservedSpecimen
-57.5531,-22.2692,NY,,PreservedSpecimen
-74.6589,-11.1772,NY,,PreservedSpecimen
-70.18,9.23,NY,,PreservedSpecimen
-75.332995,-11.061082,NY,,PreservedSpecimen
-76.35,-0.25,NY,,PreservedSpecimen
-75.42,-10.67,NY,,PreservedSpecimen
-64.13,-17.4,NY,,PreservedSpecimen
-63.1,-17.93,NY,,PreservedSpecimen
-66.7458,10.5086,NY,,PreservedSpecimen
-63.67,-17.4583,NY,,PreservedSpecimen
-63.7,-17.53,NY,,PreservedSpecimen
-63.42,-17.68,NY,,PreservedSpecimen
-71.78,8.83,NY,,PreservedSpecimen
-63.875,-17.2917,NY,,PreservedSpecimen
-61.05,4.75,NY,,PreservedSpecimen
-80.73,-1.82,NY,,PreservedSpecimen
-52.2,3.62,NY,,PreservedSpecimen
178.17527,-18.052536,NY,,PreservedSpecimen
-63.72,-17.63,NY,,PreservedSpecimen
-78.92,-0.37,NY,,PreservedSpecimen
-80.2,-0.27,NY,,PreservedSpecimen
-60.23,5.68,NY,,PreservedSpecimen
-78.3386,-5.0592,NY,,PreservedSpecimen
-62.78,-17.1917,NY,,PreservedSpecimen
-61.43,-15.87,NY,,PreservedSpecimen
-72.7789,-11.8633,NY,,PreservedSpecimen
-76.13,-5.83,NY,,PreservedSpecimen
-63.67417,-18.25872,NY,,PreservedSpecimen
-78.258155,-1.415652,NY,,PreservedSpecimen
-75.03,3.13,NY,,PreservedSpecimen
-79.12,-1.12,NY,,PreservedSpecimen
-63.5,-18.1,NY,,PreservedSpecimen
-63.92,-17.18,NY,,PreservedSpecimen
-64.32,10.02,NY,,PreservedSpecimen
-55.2147,5.6175,NY,,PreservedSpecimen
-78.83,-0.25,NY,,PreservedSpecimen
-63.53,-18.17,NY,,PreservedSpecimen
-61.0656,5.8339,NY,,PreservedSpecimen
-64.07,-17.37,NY,,PreservedSpecimen
-60.03,4.8,NY,,PreservedSpecimen
-76.42,-2.92,NY,,PreservedSpecimen
-63.25,-17.88,NY,,PreservedSpecimen
-74.67,7.58,NY,,PreservedSpecimen
-74.08,-6.9,NY,,PreservedSpecimen
-78.95,-0.32,NY,,PreservedSpecimen
-78.13,0.83,NY,,PreservedSpecimen
-75.5,5.5,NY,,PreservedSpecimen
-79.03,-2.15,NY,,PreservedSpecimen
-63.0694,-17.6083,NY,,PreservedSpecimen
-66.15,0.83,NY,,PreservedSpecimen
-75.332995,-11.061082,NY,,PreservedSpecimen
-52.2,3.62,NY,,PreservedSpecimen
-63.2,-18.0417,NY,,PreservedSpecimen
-76.47,-2.8,NY,,PreservedSpecimen
-50.8,4.7,NY,,PreservedSpecimen
-53.1619,4.0675,NY,,PreservedSpecimen
-67.52,-14.47,NY,,PreservedSpecimen
-70.02,9.03,NY,,PreservedSpecimen
178.075759,-17.972543,NY,,PreservedSpecimen
-78.1,-1.45,NY,,PreservedSpecimen
-79.03,0.08,NY,,PreservedSpecimen
-63.2,-17.45,NY,,PreservedSpecimen
-76.33,5.77,NY,,PreservedSpecimen
-62.05,-16.48,NY,,PreservedSpecimen
-75.03,-80.75,NY,,PreservedSpecimen
-58.25,6.42,NY,,PreservedSpecimen
-75.33,7.78,NY,,PreservedSpecimen
-78.3,1.02,NY,,PreservedSpecimen
-77.0,-0.48,NY,,PreservedSpecimen
-72.33,10.775,NY,,PreservedSpecimen
-78.58,-0.92,NY,,PreservedSpecimen
-76.73,5.0,NY,,PreservedSpecimen
-58.55,6.33,NY,,PreservedSpecimen
-63.18,-17.9583,NY,,PreservedSpecimen
-63.07,-17.58,NY,,PreservedSpecimen
-55.5281,-24.1336,NY,,PreservedSpecimen
-74.5,-4.53,NY,,PreservedSpecimen
-63.52,-18.15,NY,,PreservedSpecimen
-63.07,-17.77,NY,,PreservedSpecimen
-53.28,3.62,NY,,PreservedSpecimen
-59.57,5.0,NY,,PreservedSpecimen
-76.18,-9.28,NY,,PreservedSpecimen
-61.17,4.98,NY,,PreservedSpecimen
-63.73,-17.57,NY,,PreservedSpecimen
-64.58,3.82,NY,,PreservedSpecimen
-59.8092,4.6633,NY,,PreservedSpecimen
-75.17,6.67,NY,,PreservedSpecimen
-75.25955,-0.129249,NY,,PreservedSpecimen
-79.28,-1.78,NY,,PreservedSpecimen
-78.83,-0.33,NY,,PreservedSpecimen
-61.8133,-18.7686,NY,,PreservedSpecimen
-63.13,-17.58,NY,,PreservedSpecimen
-73.83,-4.92,NY,,PreservedSpecimen
-75.58,-10.08,NY,,PreservedSpecimen
-57.95,5.72,NY,,PreservedSpecimen
-53.27,3.6,NY,,PreservedSpecimen
-67.5,-14.42,NY,,PreservedSpecimen
-69.6264,9.695,NY,,PreservedSpecimen
-54.1,3.32,NY,,PreservedSpecimen
-66.15,0.83,NY,,PreservedSpecimen
-76.4,-6.48,NY,,PreservedSpecimen
-58.17,6.5,NY,,PreservedSpecimen
-59.92,7.7,NY,,PreservedSpecimen
-76.5,4.95,NY,,PreservedSpecimen
-70.2,9.22,NY,,PreservedSpecimen
-68.07,-14.33,NY,,PreservedSpecimen
-72.47,10.9,NY,,PreservedSpecimen
-79.03,0.08,NY,,PreservedSpecimen
-74.63,7.17,NY,,PreservedSpecimen
-76.25,4.25,NY,,PreservedSpecimen
-78.9,-5.0667,NY,,PreservedSpecimen
-63.02,-17.6917,NY,,PreservedSpecimen
-70.16929327148,9.2960354386393,NY,,PreservedSpecimen
-72.7789,-11.8633,NY,,PreservedSpecimen
-60.0,8.17,NY,,PreservedSpecimen
-70.58,8.52,NY,,PreservedSpecimen
-78.1,-1.45,NY,,PreservedSpecimen
-63.27,-17.35,NY,,PreservedSpecimen
-63.13,-17.5583,NY,,PreservedSpecimen
-70.37,9.45,NY,,PreservedSpecimen
-79.03,0.08,NY,,PreservedSpecimen
-78.5,0.08,NY,,PreservedSpecimen
-63.65,-17.48,NY,,PreservedSpecimen
-69.12,10.83,NY,,PreservedSpecimen
-70.73,8.87,NY,,PreservedSpecimen
-63.2917,-17.875,NY,,PreservedSpecimen
-59.53,-17.45,NY,,PreservedSpecimen
-72.4917,10.8694,NY,,PreservedSpecimen
-73.68,6.0,NY,,PreservedSpecimen
-63.08,-17.75,NY,,PreservedSpecimen
-77.67,-3.83,NY,,PreservedSpecimen
178.435028,-18.129435,NY,,PreservedSpecimen
-72.82,9.82,NY,,PreservedSpecimen
-59.3,2.45,NY,,PreservedSpecimen
-79.25,-0.08,NY,,PreservedSpecimen
-76.17,5.87,NY,,PreservedSpecimen
-53.03,3.73,NY,,PreservedSpecimen
-71.25,-12.67,NY,,PreservedSpecimen
-76.115974,-5.897021,NY,,PreservedSpecimen
-49.32,-7.56,JBRJ,BR,PreservedSpecimen
-60.3,-1.44,JBRJ,BR,PreservedSpecimen
106.9511565934,-6.4605404939,iNaturalist,ID,HumanObservation
-101.10253,18.02786,UCR,MX,PreservedSpecimen
-66.87042,18.09361,UCR,US,PreservedSpecimen
-66.21986,18.10853,UCR,US,PreservedSpecimen
-92.14306,16.91111,UCR,MX,PreservedSpecimen
-100.28333,17.28333,UCR,MX,PreservedSpecimen
-84.93333,9.78333,UCR,CR,PreservedSpecimen
-104.28444,19.35222,UCR,MX,PreservedSpecimen
-103.86139,19.35139,UCR,MX,PreservedSpecimen
-103.70833,19.45167,UCR,MX,PreservedSpecimen
-77.29944,18.14167,UCR,JM,PreservedSpecimen
-39.466667,-14.983333,UFBA,,PreservedSpecimen
-68.225925,-10.201853,UFAC,,PreservedSpecimen
-69.285186,-11.583333,UFAC,,PreservedSpecimen
-68.035186,-10.118519,UFAC,,PreservedSpecimen
-68.451853,-10.583333,UFAC,,PreservedSpecimen
-73.166667,-9.25,UFAC,,PreservedSpecimen
-72.975925,-8.059258,UFAC,,PreservedSpecimen
-60.035186,-2.392592,UFAC,,PreservedSpecimen
-68.333333,-10.618519,UFAC,,PreservedSpecimen
-43.674167,-19.973056,UFMG,,PreservedSpecimen
-43.657778,-20.110278,UFMG,,PreservedSpecimen
-83.651206,9.887746,NY,,PreservedSpecimen
-87.0,14.0,NY,,PreservedSpecimen
-84.042,12.167,NY,,PreservedSpecimen
-84.3047,9.9908,NY,,PreservedSpecimen
-97.3106,20.0056,NY,,PreservedSpecimen
-83.692948,9.352396,NY,,PreservedSpecimen
-88.4334484,17.366804,NY,,PreservedSpecimen
-103.8614,19.3514,NY,,PreservedSpecimen
-84.68,10.47,NY,,PreservedSpecimen
-83.692948,9.352396,NY,,PreservedSpecimen
-85.4757728,10.8893828,NY,,PreservedSpecimen
-98.08,17.2,NY,,PreservedSpecimen
-88.63,15.68,NY,,PreservedSpecimen
-89.0914014,16.9525597,NY,,PreservedSpecimen
-83.692948,9.352396,NY,,PreservedSpecimen
-96.65,19.52,NY,,PreservedSpecimen
-84.73,11.03,NY,,PreservedSpecimen
-85.93,11.83,NY,,PreservedSpecimen
-84.3306,10.9667,NY,,PreservedSpecimen
-88.65914,17.10989,NY,,PreservedSpecimen
-92.97,15.73,NY,,PreservedSpecimen
-83.48,10.08,NY,,PreservedSpecimen
-88.92,17.35,NY,,PreservedSpecimen
-88.63,15.68,NY,,PreservedSpecimen
-83.692948,9.352396,NY,,PreservedSpecimen
-85.8983,13.085,NY,,PreservedSpecimen
-86.75,15.73,NY,,PreservedSpecimen
-89.07,17.1,NY,,PreservedSpecimen
-89.05,15.72,NY,,PreservedSpecimen
-86.32,12.97,NY,,PreservedSpecimen
-96.5,17.75,NY,,PreservedSpecimen
-38.083333,-12.6425,UFBA,,PreservedSpecimen
-55.8603139,-1.7793778,MPEG,,PreservedSpecimen
-84.8,10.3166666667,GH,CR,PreservedSpecimen
-74.0833333333,-6.9,A,PE,PreservedSpecimen
-67.1666666667,-14.6666666667,GH,BO,PreservedSpecimen
-88.95,16.2333333333,GH,BZ,PreservedSpecimen
-78.7,-0.65,A,EC,PreservedSpecimen
-84.7333333333,11.0333333333,A,CR,PreservedSpecimen
-83.9833333333,10.4166666667,GH,CR,PreservedSpecimen
-88.9333333333,16.1666666667,GH,BZ,PreservedSpecimen
-78.8333333333,-0.25,GH,EC,PreservedSpecimen
-61.6113888889,-15.8563888889,GH,BO,PreservedSpecimen
-71.65,18.0833333333,A,DO,PreservedSpecimen
-60.0,8.1666666667,GH,GY,PreservedSpecimen
-63.6666666667,-17.4583333333,GH,BO,PreservedSpecimen
-78.8333333333,-0.3333333333,GH,EC,PreservedSpecimen
-52.0972222,-29.3763889,FUVATES,,PreservedSpecimen
-66.2256,18.2192,FTG,,PreservedSpecimen
-97.4515,20.03319,MO,MX,PreservedSpecimen
-97.54617,20.02942,MO,MX,PreservedSpecimen
-97.55378,19.95675,MO,MX,PreservedSpecimen
-47.9268255551,-15.7379360357,iNaturalist,BR,HumanObservation
0.0,0.0,UNOP,BR,PreservedSpecimen
0.0,0.0,UNOP,BR,PreservedSpecimen
-46.9394444444444,-23.6591666666667,UNOP,BR,PreservedSpecimen
-49.2363888888889,-25.4425,UNOP,BR,PreservedSpecimen
-51.9666666666667,-23.9,UNOP,BR,PreservedSpecimen
-53.9555555555556,-25.3069444444444,UNOP,BR,PreservedSpecimen
-53.9725,-25.26,UNOP,BR,PreservedSpecimen
0.0,0.0,UNOP,BR,PreservedSpecimen
-48.2641666666667,-1254.0,IAN,BR,PreservedSpecimen
-48.2547222222222,-1.25583333333333,IAN,BR,PreservedSpecimen
-46.0,-14.0,IAN,BR,PreservedSpecimen
-48.37,-3.25,IAN,BR,PreservedSpecimen
-59.1513888888889,-0.441388888888889,IAN,BR,PreservedSpecimen
-56.3,3.36,IAN,SR,PreservedSpecimen
-56.3,3.36,IAN,SR,PreservedSpecimen
-56.3,3.36,IAN,SR,PreservedSpecimen
-52.55,-0.55,IAN,BR,PreservedSpecimen
-53.4638888888889,-18.2516666666667,COR,BR,PreservedSpecimen
-56.6363888888889,-21.2538888888889,COR,BR,PreservedSpecimen
-57.6783333333333,-17.7986111111111,COR,BR,PreservedSpecimen
-56.7333333333333,-21.2394444444444,COR,BR,PreservedSpecimen
-56.6961111111111,-21.2836111111111,COR,BR,PreservedSpecimen
-56.5461111111111,-20.9722222222222,COR,BR,PreservedSpecimen
-56.5461111111111,-20.9733333333333,COR,BR,PreservedSpecimen
-56.4291666666667,-21.4358333333333,COR,BR,PreservedSpecimen
-56.7152777777778,-20.5391666666667,COR,BR,PreservedSpecimen
-35.46555555555556,-5.3275,UFRN,BR,PreservedSpecimen
0.0,0.0,EVB,BR,PreservedSpecimen
-98.65694,16.84598,MEXU,MX,PreservedSpecimen
-97.42944,20.06447,MO,MX,PreservedSpecimen
-103.641375,20.59366,iNaturalist,MX,HumanObservation
-51.824861,-25.960889,UTFPR-CP,,PreservedSpecimen
-51.861944,-25.917056,UTFPR-CP,,PreservedSpecimen
-51.735111,-24.770944,UTFPR-CP,,PreservedSpecimen
-52.57575,-24.698917,UTFPR-CP,,PreservedSpecimen
-52.568,-24.689722,UTFPR-CP,,PreservedSpecimen
-48.331667,-10.203889,UNITINS,,PreservedSpecimen
-49.68,-16.2,Cenargen,,PreservedSpecimen
-49.333611,-16.105749,Cenargen,,PreservedSpecimen
-48.959722,-16.199722,Cenargen,,PreservedSpecimen
-50.399722,-16.739722,Cenargen,,PreservedSpecimen
-48.810382,-15.926197,Cenargen,,PreservedSpecimen
-66.5,10.03,NY,,PreservedSpecimen
-49.356152,-20.780597,UNESP-IBILCE,,PreservedSpecimen
-56.8391666,-21.0608333,UFMS,,PreservedSpecimen
-55.5741667,-22.6166667,UFMS,,PreservedSpecimen
-55.4969444,-20.4536111,UFMS,,PreservedSpecimen
-52.7811111,-19.2480555,UFMS,,PreservedSpecimen
101.8418884277,3.4197249413,iNaturalist,MY,HumanObservation
-75.533333,6.233333,ASU,CO,PreservedSpecimen
-49.25833,-17.87778,ASU,BR,PreservedSpecimen
-97.425,20.06944,ASU,MX,PreservedSpecimen
-51.850361,-24.646667,UTFPR-CP,,PreservedSpecimen
-52.398944,-24.089194,UTFPR-CP,,PreservedSpecimen
-54.024083,-25.472472,UTFPR-CP,,PreservedSpecimen
-54.022639,-25.465333,UTFPR-CP,,PreservedSpecimen
-47.466667,-15.516667,UEG,,PreservedSpecimen
-47.85,-15.874444,UEG,,PreservedSpecimen
-47.95,-15.516667,UEG,,PreservedSpecimen
-50.116667,-15.9,UEG,,PreservedSpecimen
-86.3283889,13.7263056,HULE,NI,PreservedSpecimen
-86.443,13.6718611,HULE,NI,PreservedSpecimen
-78.6,1.0166667,DAV,EC,PreservedSpecimen
120.0288056,-1.4961389,BO,ID,PreservedSpecimen
-63.0666667,-17.4197223,MO,BO,PreservedSpecimen
100.8287778,-0.9360277,BO,ID,PreservedSpecimen
136.9050556,-4.60575,BO,ID,PreservedSpecimen
-84.0679445,10.0015556,CR,CR,PreservedSpecimen
-86.2182223,13.78625,HULE,NI,PreservedSpecimen
-75.575,-10.1833333,USM,PE,PreservedSpecimen
-93.1263889,17.3340833,MEXU,MX,PreservedSpecimen
-90.9299167,16.7907777,MEXU,MX,PreservedSpecimen
-90.9097222,16.8058333,MEXU,MX,PreservedSpecimen
-86.4534444,13.7207223,HULE,NI,PreservedSpecimen
-90.9299167,16.7907777,MEXU,MX,PreservedSpecimen
-84.9959166,12.9063056,HULE,NI,PreservedSpecimen
-63.3397222,-17.5588889,MO,BO,PreservedSpecimen
-86.3651667,12.9837777,HULE,NI,PreservedSpecimen
-86.4434166,13.7140278,HULE,NI,PreservedSpecimen
-83.575,9.8333333,MO,CR,PreservedSpecimen
-85.4013889,10.8805556,CR,CR,PreservedSpecimen
-85.4757729,10.8893829,MO,CR,PreservedSpecimen
-84.3047222,9.9908333,MO,CR,PreservedSpecimen
-77.6166667,8.4666667,MO,PA,PreservedSpecimen
-47.926645,-15.7385583333,iNaturalist,BR,HumanObservation
146.839933,-6.16255,MIN,PG,PreservedSpecimen
145.683333,-5.216667,MIN,PG,PreservedSpecimen
146.839933,-6.16255,MIN,PG,PreservedSpecimen
146.839933,-6.16255,MIN,PG,PreservedSpecimen
146.839933,-6.16255,MIN,PG,PreservedSpecimen
145.766667,-5.133333,MIN,PG,PreservedSpecimen
-66.391057,18.226596,MIN,PR,PreservedSpecimen
-64.21722222,-23.36527778,CORD,AR,preservedSpecimen
-61.0667,5.8167,NY,,PreservedSpecimen
123.9,0.56,"Cibinong Science Center, Herbarium Bogoriense",,MATERIAL_SAMPLE
-85.27,10.899,Area de Conservacion Guanacaste,,MATERIAL_SAMPLE
-85.27,10.899,Area de Conservacion Guanacaste,,MATERIAL_SAMPLE
-85.27,10.899,Area de Conservacion Guanacaste,,MATERIAL_SAMPLE
-72.64451,4.1877537,"Mined from GenBank, NCBI",,MATERIAL_SAMPLE
121.82209,15.586542,"Mined from GenBank, NCBI",,MATERIAL_SAMPLE
-66.494255,18.216225,"Mined from GenBank, NCBI",,MATERIAL_SAMPLE
-66.494255,18.216225,"Mined from GenBank, NCBI",,MATERIAL_SAMPLE
43.5805556,19.3938889,UFOP,,PreservedSpecimen
-77.8151092529,-0.9898861051,iNaturalist,EC,HumanObservation
-77.8151092529,-0.9898861051,iNaturalist,EC,HumanObservation
-77.8228816298,-0.9930994548,iNaturalist,EC,HumanObservation
-51.110806,-29.641261,IAP,,PreservedSpecimen
-56.8625,-20.5916666,UFMS,,PreservedSpecimen
-51.4402777,-20.3725,UFMS,,PreservedSpecimen
-56.6277778,-21.105,UFMS,,PreservedSpecimen
-56.6544444,-20.6280556,UFMS,,PreservedSpecimen
-56.5922222,-21.1677778,UFMS,,PreservedSpecimen
-56.7516667,-20.4605556,UFMS,,PreservedSpecimen
-56.7505556,-20.7847222,UFMS,,PreservedSpecimen
-56.6083333,-21.3919444,UFMS,,PreservedSpecimen
-57.0666667,-18.7166667,UFMS,,PreservedSpecimen
-56.6544444,-20.6280556,UFMS,,PreservedSpecimen
-56.7080556,-20.9686111,UFMS,,PreservedSpecimen
-56.7344444,-20.7755556,UFMS,,PreservedSpecimen
-56.4577778,-21.1980555,UFMS,,PreservedSpecimen
-56.8552778,-20.7022222,UFMS,,PreservedSpecimen
-54.6869444,-20.5475,UFMS,,PreservedSpecimen
-54.5072222,-20.5611111,UFMS,,PreservedSpecimen
-55.6972222,-20.3238889,UFMS,,PreservedSpecimen
-53.7483333,-18.1191667,UFMS,,PreservedSpecimen
-55.0383333,-23.9663889,UFMS,,PreservedSpecimen
-57.6005556,-19.0177778,UFMS,,PreservedSpecimen
-56.7197223,-21.2602778,UFMS,,PreservedSpecimen
-53.4027778,-18.1663889,UFMS,,PreservedSpecimen
-55.5741667,-22.6202778,UFMS,,PreservedSpecimen
-57.5575,-19.2238889,UFMS,,PreservedSpecimen
-55.3216667,-20.6741667,UFMS,,PreservedSpecimen
-56.5588889,-21.2666667,UFMS,,PreservedSpecimen
-55.6205556,-20.4363889,UFMS,,PreservedSpecimen
-54.2333333,-23.0597222,UFMS,,PreservedSpecimen
-55.735,-20.7961111,UFMS,,PreservedSpecimen
-55.7513889,-20.7927777,UFMS,,PreservedSpecimen
-55.735,-20.7961111,UFMS,,PreservedSpecimen
-55.735,-20.7961111,UFMS,,PreservedSpecimen
-54.6127778,-20.5072222,UFMS,,PreservedSpecimen
-55.4902777,-20.4616667,UFMS,,PreservedSpecimen
-55.4902777,-20.4616667,UFMS,,PreservedSpecimen
-55.4902777,-20.4616667,UFMS,,PreservedSpecimen
-55.4902777,-20.4616667,UFMS,,PreservedSpecimen
-55.4902777,-20.4608333,UFMS,,PreservedSpecimen
-55.4902777,-20.4616667,UFMS,,PreservedSpecimen
-54.3897222,-20.5047222,UFMS,,PreservedSpecimen
-55.5463889,-20.4741667,UFMS,,PreservedSpecimen
-56.3666667,-21.4,UFMS,,PreservedSpecimen
-56.7666667,-21.4,UFMS,,PreservedSpecimen
-52.9925,-18.4011111,UFMS,,PreservedSpecimen
-72.879555,6.99675,Instituto de Investigación de Recursos Biológicos Alexander von Humboldt (IAvH),CO,MaterialSample
-72.894916,6.9901111,Instituto de Investigación de Recursos Biológicos Alexander von Humboldt (IAvH),CO,MaterialSample
-74.2256944,6.1203333,Instituto de Investigación de Recursos Biológicos Alexander von Humboldt (IAvH),CO,MaterialSample
-74.2131111,6.0696944,Instituto de Investigación de Recursos Biológicos Alexander von Humboldt (IAvH),CO,MaterialSample
-74.1269167,6.4388333,Instituto de Investigación de Recursos Biológicos Alexander von Humboldt (IAvH),CO,MaterialSample
-74.1196667,6.4384167,Instituto de Investigación de Recursos Biológicos Alexander von Humboldt (IAvH),CO,MaterialSample
-74.1196667,6.4384167,Instituto de Investigación de Recursos Biológicos Alexander von Humboldt (IAvH),CO,MaterialSample
-74.2242778,6.0868056,Instituto de Investigación de Recursos Biológicos Alexander von Humboldt (IAvH),CO,MaterialSample
-51.136389,-24.726,UTFPR-CP,,PreservedSpecimen
-15.85,-15.8744,US,,PreservedSpecimen
-51.78,-17.2,US,,PreservedSpecimen
-59.9,-2.42,US,,PreservedSpecimen
-63.18,3.55,US,,PreservedSpecimen
-48.62,-3.42,US,,PreservedSpecimen
-49.33,-25.0,US,,PreservedSpecimen
-48.75,-17.8,US,,PreservedSpecimen
-49.07,-11.72,US,,PreservedSpecimen
-64.42,-0.42,US,,PreservedSpecimen
-60.08,-2.32,US,,PreservedSpecimen
-59.95,-2.37,US,,PreservedSpecimen
-64.37,-4.05,US,,PreservedSpecimen
-39.13,-16.38,US,,PreservedSpecimen
-50.12,-15.9,US,,PreservedSpecimen
-68.33,-10.75,US,,PreservedSpecimen
-72.501738,5.424166,Asociación de Becarios de Casanare (ABC),,HumanObservation
-83.9519,10.0114,F,,PreservedSpecimen
-90.1792,15.7422,F,,PreservedSpecimen
-96.6667,19.3333,F,,PreservedSpecimen
-83.9519,10.0114,F,,PreservedSpecimen
-84.8978,12.8614,F,,PreservedSpecimen
-90.1792,15.7422,F,,PreservedSpecimen
-84.8978,12.8614,F,,PreservedSpecimen
-90.1792,15.7422,F,,PreservedSpecimen
-92.5,16.5,F,,PreservedSpecimen
-84.8978,12.8614,F,,PreservedSpecimen
-96.6667,19.3333,F,,PreservedSpecimen
-90.1792,15.7422,F,,PreservedSpecimen
-90.1792,15.7422,F,,PreservedSpecimen
-96.6667,19.3333,F,,PreservedSpecimen
-79.9106,8.5714,F,,PreservedSpecimen
-90.1792,15.7422,F,,PreservedSpecimen
-90.1792,15.7422,F,,PreservedSpecimen
-86.4556,14.8364,F,,PreservedSpecimen
-96.6667,19.3333,F,,PreservedSpecimen
-103.6667,20.3333,F,,PreservedSpecimen
-83.9519,10.0114,F,,PreservedSpecimen
-90.1792,15.7422,F,,PreservedSpecimen
-84.8978,12.8614,F,,PreservedSpecimen
-103.6667,20.3333,F,,PreservedSpecimen
-84.8978,12.8614,F,,PreservedSpecimen
-90.1792,15.7422,F,,PreservedSpecimen
-88.6819,13.7825,F,,PreservedSpecimen
-90.1792,15.7422,F,,PreservedSpecimen
-83.9519,10.0114,F,,PreservedSpecimen
-90.1792,15.7422,F,,PreservedSpecimen
-88.6819,13.7825,F,,PreservedSpecimen
-88.6819,13.7825,F,,PreservedSpecimen
-103.6667,20.3333,F,,PreservedSpecimen
-90.1792,15.7422,F,,PreservedSpecimen
-83.9519,10.0114,F,,PreservedSpecimen
-84.8978,12.8614,F,,PreservedSpecimen
-84.8978,12.8614,F,,PreservedSpecimen
-98.0,18.8333,F,,PreservedSpecimen
-96.6667,19.3333,F,,PreservedSpecimen
-83.9519,10.0114,F,,PreservedSpecimen
-84.8978,12.8614,F,,PreservedSpecimen
-84.8978,12.8614,F,,PreservedSpecimen
-92.5,16.5,F,,PreservedSpecimen
-83.9519,10.0114,F,,PreservedSpecimen
-92.5,16.5,F,,PreservedSpecimen
-84.8978,12.8614,F,,PreservedSpecimen
-90.1792,15.7422,F,,PreservedSpecimen
-90.1792,15.7422,F,,PreservedSpecimen
-84.8978,12.8614,F,,PreservedSpecimen
-88.6819,13.7825,F,,PreservedSpecimen
-96.6667,19.3333,F,,PreservedSpecimen
-92.5,16.5,F,,PreservedSpecimen
-90.1792,15.7422,F,,PreservedSpecimen
-84.8978,12.8614,F,,PreservedSpecimen
-84.8978,12.8614,F,,PreservedSpecimen
-84.8978,12.8614,F,,PreservedSpecimen
-90.1792,15.7422,F,,PreservedSpecimen
-83.9519,10.0114,F,,PreservedSpecimen
-83.9519,10.0114,F,,PreservedSpecimen
-84.8978,12.8614,F,,PreservedSpecimen
-84.8978,12.8614,F,,PreservedSpecimen
-90.1792,15.7422,F,,PreservedSpecimen
-92.5,16.5,F,,PreservedSpecimen
-83.9519,10.0114,F,,PreservedSpecimen
-83.9519,10.0114,F,,PreservedSpecimen
-83.9519,10.0114,F,,PreservedSpecimen
-79.9106,8.5714,F,,PreservedSpecimen
-83.9519,10.0114,F,,PreservedSpecimen
-83.9519,10.0114,F,,PreservedSpecimen
-83.9519,10.0114,F,,PreservedSpecimen
-90.1792,15.7422,F,,PreservedSpecimen
-92.5,16.5,F,,PreservedSpecimen
-90.1792,15.7422,F,,PreservedSpecimen
-98.0,18.8333,F,,PreservedSpecimen
-83.9519,10.0114,F,,PreservedSpecimen
-84.8978,12.8614,F,,PreservedSpecimen
-90.1792,15.7422,F,,PreservedSpecimen
-100.5,22.5,F,,PreservedSpecimen
-84.8978,12.8614,F,,PreservedSpecimen
-98.0,18.8333,F,,PreservedSpecimen
-84.8978,12.8614,F,,PreservedSpecimen
-90.1792,15.7422,F,,PreservedSpecimen
-84.8978,12.8614,F,,PreservedSpecimen
-90.1792,15.7422,F,,PreservedSpecimen
-84.8978,12.8614,F,,PreservedSpecimen
-96.5,17.0,F,,PreservedSpecimen
-102.0,23.0,F,,PreservedSpecimen
-96.6667,19.3333,F,,PreservedSpecimen
-96.6667,19.3333,F,,PreservedSpecimen
-88.75,17.25,F,,PreservedSpecimen
-90.1792,15.7422,F,,PreservedSpecimen
-92.5,16.5,F,,PreservedSpecimen
-90.1792,15.7422,F,,PreservedSpecimen
-88.525,17.215,F,,PreservedSpecimen
-92.5,16.5,F,,PreservedSpecimen
-90.1792,15.7422,F,,PreservedSpecimen
-99.0,20.5,F,,PreservedSpecimen
-90.1792,15.7422,F,,PreservedSpecimen
-96.6667,19.3333,F,,PreservedSpecimen
-90.1792,15.7422,F,,PreservedSpecimen
-90.1792,15.7422,F,,PreservedSpecimen
-88.6819,13.7825,F,,PreservedSpecimen
-100.5,22.5,F,,PreservedSpecimen
-92.5,16.5,F,,PreservedSpecimen
-79.9106,8.5714,F,,PreservedSpecimen
-90.1792,15.7422,F,,PreservedSpecimen
-96.5,17.0,F,,PreservedSpecimen
-90.1792,15.7422,F,,PreservedSpecimen
-90.1792,15.7422,F,,PreservedSpecimen
-92.5,16.5,F,,PreservedSpecimen
-88.6819,13.7825,F,,PreservedSpecimen
-96.5,17.0,F,,PreservedSpecimen
-103.6667,20.3333,F,,PreservedSpecimen
-96.5,17.0,F,,PreservedSpecimen
-83.9519,10.0114,F,,PreservedSpecimen
-83.9519,10.0114,F,,PreservedSpecimen
-96.5,17.0,F,,PreservedSpecimen
-96.6667,19.3333,F,,PreservedSpecimen
-90.1792,15.7422,F,,PreservedSpecimen
-83.9519,10.0114,F,,PreservedSpecimen
-83.9519,10.0114,F,,PreservedSpecimen
-83.9519,10.0114,F,,PreservedSpecimen
-88.75,17.25,F,,PreservedSpecimen
-96.6667,19.3333,F,,PreservedSpecimen
-84.8978,12.8614,F,,PreservedSpecimen
-83.9519,10.0114,F,,PreservedSpecimen
-90.1792,15.7422,F,,PreservedSpecimen
-100.5,22.5,F,,PreservedSpecimen
-88.6819,13.7825,F,,PreservedSpecimen
-84.8978,12.8614,F,,PreservedSpecimen
-84.8978,12.8614,F,,PreservedSpecimen
-90.1792,15.7422,F,,PreservedSpecimen
-90.1792,15.7422,F,,PreservedSpecimen
-83.9519,10.0114,F,,PreservedSpecimen
-88.75,17.25,F,,PreservedSpecimen
-83.9519,10.0114,F,,PreservedSpecimen
-84.8978,12.8614,F,,PreservedSpecimen
-92.5,16.5,F,,PreservedSpecimen
-79.9106,8.5714,F,,PreservedSpecimen
-88.525,17.215,F,,PreservedSpecimen
-96.6667,19.3333,F,,PreservedSpecimen
-79.9106,8.5714,F,,PreservedSpecimen
-83.9519,10.0114,F,,PreservedSpecimen
-84.8978,12.8614,F,,PreservedSpecimen
-83.9519,10.0114,F,,PreservedSpecimen
-90.1792,15.7422,F,,PreservedSpecimen
-96.5,17.0,F,,PreservedSpecimen
-84.8978,12.8614,F,,PreservedSpecimen
-83.9519,10.0114,F,,PreservedSpecimen
-90.1792,15.7422,F,,PreservedSpecimen
-98.0,18.8333,F,,PreservedSpecimen
-90.1792,15.7422,F,,PreservedSpecimen
-90.1792,15.7422,F,,PreservedSpecimen
-84.8978,12.8614,F,,PreservedSpecimen
-84.8978,12.8614,F,,PreservedSpecimen
-90.1792,15.7422,F,,PreservedSpecimen
-84.8978,12.8614,F,,PreservedSpecimen
-84.8978,12.8614,F,,PreservedSpecimen
-83.9519,10.0114,F,,PreservedSpecimen
-103.6667,20.3333,F,,PreservedSpecimen
-90.1792,15.7422,F,,PreservedSpecimen
-96.6667,19.3333,F,,PreservedSpecimen
-92.5,16.5,F,,PreservedSpecimen
-92.5,16.5,F,,PreservedSpecimen
-100.0,17.6667,F,,PreservedSpecimen
-83.9519,10.0114,F,,PreservedSpecimen
-96.6667,19.3333,F,,PreservedSpecimen
-96.6667,19.3333,F,,PreservedSpecimen
-96.6667,19.3333,F,,PreservedSpecimen
-84.8978,12.8614,F,,PreservedSpecimen
-90.1792,15.7422,F,,PreservedSpecimen
-90.1792,15.7422,F,,PreservedSpecimen
-90.1792,15.7422,F,,PreservedSpecimen
-83.9519,10.0114,F,,PreservedSpecimen
-84.8978,12.8614,F,,PreservedSpecimen
-92.5,16.5,F,,PreservedSpecimen
-92.5,16.5,F,,PreservedSpecimen
-88.525,17.215,F,,PreservedSpecimen
-90.1792,15.7422,F,,PreservedSpecimen
-90.1792,15.7422,F,,PreservedSpecimen
-90.1792,15.7422,F,,PreservedSpecimen
-83.9519,10.0114,F,,PreservedSpecimen
-100.5,22.5,F,,PreservedSpecimen
-92.5,16.5,F,,PreservedSpecimen
-84.8978,12.8614,F,,PreservedSpecimen
-84.8978,12.8614,F,,PreservedSpecimen
-96.6667,19.3333,F,,PreservedSpecimen
-96.6667,19.3333,F,,PreservedSpecimen
-90.1792,15.7422,F,,PreservedSpecimen
-90.1792,15.7422,F,,PreservedSpecimen
-83.9519,10.0114,F,,PreservedSpecimen
-88.525,17.215,F,,PreservedSpecimen
-83.9519,10.0114,F,,PreservedSpecimen
-83.9519,10.0114,F,,PreservedSpecimen
-84.8978,12.8614,F,,PreservedSpecimen
-90.1792,15.7422,F,,PreservedSpecimen
-90.1792,15.7422,F,,PreservedSpecimen
-83.9519,10.0114,F,,PreservedSpecimen
-83.9519,10.0114,F,,PreservedSpecimen
-83.9519,10.0114,F,,PreservedSpecimen
-90.1792,15.7422,F,,PreservedSpecimen
-83.9519,10.0114,F,,PreservedSpecimen
-92.5,16.5,F,,PreservedSpecimen
-96.6667,19.3333,F,,PreservedSpecimen
-84.8978,12.8614,F,,PreservedSpecimen
-83.9519,10.0114,F,,PreservedSpecimen
-83.9519,10.0114,F,,PreservedSpecimen
-83.9519,10.0114,F,,PreservedSpecimen
-83.9519,10.0114,F,,PreservedSpecimen
-84.8978,12.8614,F,,PreservedSpecimen
-84.8978,12.8614,F,,PreservedSpecimen
-84.8978,12.8614,F,,PreservedSpecimen
-84.8978,12.8614,F,,PreservedSpecimen
-83.9519,10.0114,F,,PreservedSpecimen
-83.9519,10.0114,F,,PreservedSpecimen
-84.8978,12.8614,F,,PreservedSpecimen
-84.8978,12.8614,F,,PreservedSpecimen
-84.8978,12.8614,F,,PreservedSpecimen
-90.1792,15.7422,F,,PreservedSpecimen
-90.1792,15.7422,F,,PreservedSpecimen
-90.1792,15.7422,F,,PreservedSpecimen
-79.9106,8.5714,F,,PreservedSpecimen
-105.0,22.0,F,,PreservedSpecimen
-83.9519,10.0114,F,,PreservedSpecimen
-84.8978,12.8614,F,,PreservedSpecimen
-90.1792,15.7422,F,,PreservedSpecimen
-96.6667,19.3333,F,,PreservedSpecimen
-96.6667,19.3333,F,,PreservedSpecimen
-90.1792,15.7422,F,,PreservedSpecimen
-84.8978,12.8614,F,,PreservedSpecimen
-90.1792,15.7422,F,,PreservedSpecimen
-90.1792,15.7422,F,,PreservedSpecimen
-96.5,17.0,F,,PreservedSpecimen
-90.1792,15.7422,F,,PreservedSpecimen
-83.9519,10.0114,F,,PreservedSpecimen
-83.9519,10.0114,F,,PreservedSpecimen
-79.9106,8.5714,F,,PreservedSpecimen
-79.9106,8.5714,F,,PreservedSpecimen
-96.6667,19.3333,F,,PreservedSpecimen
-90.1792,15.7422,F,,PreservedSpecimen
-84.8978,12.8614,F,,PreservedSpecimen
-90.1792,15.7422,F,,PreservedSpecimen
-84.8978,12.8614,F,,PreservedSpecimen
-79.9106,8.5714,F,,PreservedSpecimen
-88.525,17.215,F,,PreservedSpecimen
-88.6819,13.7825,F,,PreservedSpecimen
-90.1792,15.7422,F,,PreservedSpecimen
-88.6819,13.7825,F,,PreservedSpecimen
-83.9519,10.0114,F,,PreservedSpecimen
-83.9519,10.0114,F,,PreservedSpecimen
-90.1792,15.7422,F,,PreservedSpecimen
-83.9519,10.0114,F,,PreservedSpecimen
-90.1792,15.7422,F,,PreservedSpecimen
-84.8978,12.8614,F,,PreservedSpecimen
-83.9519,10.0114,F,,PreservedSpecimen
-96.6667,19.3333,F,,PreservedSpecimen
-90.1792,15.7422,F,,PreservedSpecimen
-96.6667,19.3333,F,,PreservedSpecimen
-90.1792,15.7422,F,,PreservedSpecimen
-90.1792,15.7422,F,,PreservedSpecimen
-63.06667,-17.41972,W,BOL,PreservedSpecimen
-63.33972,-17.55889,W,BOL,PreservedSpecimen
-63.24444,-17.99,W,BOL,PreservedSpecimen
-67.8683334,-9.9588889,JBRJ,BR,PreservedSpecimen
-42.0433333,-22.4166667,JBRJ,BR,PreservedSpecimen
145.2125534847,-7.3590580266,iNaturalist,PG,HumanObservation
-56.78,-9.356667,UNEMAT,,PreservedSpecimen
-75.03119659,5.132699966,Universidad Nacional de Colombia (UNAL),CO,PreservedSpecimen
-60.0844064679,-3.0156440378,iNaturalist,BR,HumanObservation
-75.8337473,5.61106054,iNaturalist,CO,HumanObservation
-72.879555,6.99675,Instituto de Investigación de Recursos Biológicos Alexander von Humboldt (IAvH),CO,PreservedSpecimen
-72.894916,6.9901111,Instituto de Investigación de Recursos Biológicos Alexander von Humboldt (IAvH),CO,PreservedSpecimen
-74.2131111,6.0696944,Instituto de Investigación de Recursos Biológicos Alexander von Humboldt (IAvH),CO,PreservedSpecimen
-74.2256944,6.1203333,Instituto de Investigación de Recursos Biológicos Alexander von Humboldt (IAvH),CO,PreservedSpecimen
-74.2242778,6.0868056,Instituto de Investigación de Recursos Biológicos Alexander von Humboldt (IAvH),CO,PreservedSpecimen
-74.1196667,6.4384167,Instituto de Investigación de Recursos Biológicos Alexander von Humboldt (IAvH),CO,PreservedSpecimen
-74.1196667,6.4384167,Instituto de Investigación de Recursos Biológicos Alexander von Humboldt (IAvH),CO,PreservedSpecimen
-74.1269167,6.4388333,Instituto de Investigación de Recursos Biológicos Alexander von Humboldt (IAvH),CO,PreservedSpecimen
-76.5791111,3.770676,Universidad del Valle (UV),CO,PreservedSpecimen
-76.572136,3.774425,Universidad del Valle (UV),CO,PreservedSpecimen
-76.572011,3.782862,Universidad del Valle (UV),CO,PreservedSpecimen
-76.57559,3.768894,Universidad del Valle (UV),CO,PreservedSpecimen
-76.575573,3.769166,Universidad del Valle (UV),CO,PreservedSpecimen
-76.578681,3.77168,Universidad del Valle (UV),CO,PreservedSpecimen
-76.571934,3.773784,Universidad del Valle (UV),CO,PreservedSpecimen
-76.576597,3.764458,Universidad del Valle (UV),CO,PreservedSpecimen
-76.575213,3.764608,Universidad del Valle (UV),CO,PreservedSpecimen
-76.571934,3.773784,Universidad del Valle (UV),CO,PreservedSpecimen
-76.579746,3.771093,Universidad del Valle (UV),CO,PreservedSpecimen
-76.576696,3.766168,Universidad del Valle (UV),CO,PreservedSpecimen
-76.1158333,4.5861111,Universidad del Valle (UV),CO,PreservedSpecimen
-76.1158333,4.5861111,Universidad del Valle (UV),CO,PreservedSpecimen
-76.584056,3.578526,Universidad del Valle (UV),CO,PreservedSpecimen
-76.6758888,3.7299444,Universidad del Valle (UV),CO,PreservedSpecimen
-76.6758888,3.7299444,Universidad del Valle (UV),CO,PreservedSpecimen
-88.0,15.4167,F,,PreservedSpecimen
-87.0,15.6667,F,,PreservedSpecimen
-87.1667,14.25,F,,PreservedSpecimen
-87.1667,14.25,F,,PreservedSpecimen
-87.1667,14.25,F,,PreservedSpecimen
-87.1667,14.25,F,,PreservedSpecimen
-87.0833,13.3333,F,,PreservedSpecimen
-88.5833,14.5,F,,PreservedSpecimen
-87.1667,14.25,F,,PreservedSpecimen
-88.1667,14.3333,F,,PreservedSpecimen
-88.0,15.4167,F,,PreservedSpecimen
-87.6667,14.5833,F,,PreservedSpecimen
-87.0,15.6667,F,,PreservedSpecimen
-87.6667,14.5833,F,,PreservedSpecimen
-87.1667,15.25,F,,PreservedSpecimen
-87.0,15.6667,F,,PreservedSpecimen
-88.0,15.4167,F,,PreservedSpecimen
-89.0,14.5,F,,PreservedSpecimen
-87.6667,14.5833,F,,PreservedSpecimen
-87.6667,14.5833,F,,PreservedSpecimen
-87.6667,14.5833,F,,PreservedSpecimen
-87.0833,13.3333,F,,PreservedSpecimen
-87.1667,14.25,F,,PreservedSpecimen
-88.0,15.4167,F,,PreservedSpecimen
-87.6667,14.5833,F,,PreservedSpecimen
-87.6667,14.5833,F,,PreservedSpecimen
-87.0,15.6667,F,,PreservedSpecimen
-88.0,15.4167,F,,PreservedSpecimen
-87.6667,14.5833,F,,PreservedSpecimen
-87.1667,14.25,F,,PreservedSpecimen
-88.0,15.4167,F,,PreservedSpecimen
-88.3333,15.0833,F,,PreservedSpecimen
-87.6667,14.5833,F,,PreservedSpecimen
-87.1667,14.25,F,,PreservedSpecimen
-87.6667,14.5833,F,,PreservedSpecimen
-87.6667,14.5833,F,,PreservedSpecimen
-88.3333,15.0833,F,,PreservedSpecimen
-87.6667,14.5833,F,,PreservedSpecimen
-87.0,15.6667,F,,PreservedSpecimen
-87.6667,14.5833,F,,PreservedSpecimen
-87.0,15.6667,F,,PreservedSpecimen
-87.1667,15.25,F,,PreservedSpecimen
-87.6667,14.5833,F,,PreservedSpecimen
-87.6667,14.5833,F,,PreservedSpecimen
-87.6667,14.5833,F,,PreservedSpecimen
-87.1667,14.25,F,,PreservedSpecimen
-87.1667,14.25,F,,PreservedSpecimen
-87.6667,14.5833,F,,PreservedSpecimen
-87.0,15.6667,F,,PreservedSpecimen
-87.0,15.6667,F,,PreservedSpecimen
-88.0,15.4167,F,,PreservedSpecimen
-87.0,15.6667,F,,PreservedSpecimen
-87.6667,14.5833,F,,PreservedSpecimen
-87.1667,15.25,F,,PreservedSpecimen
-87.6667,14.5833,F,,PreservedSpecimen
-87.0833,13.3333,F,,PreservedSpecimen
-87.1667,14.25,F,,PreservedSpecimen
-88.0,15.4167,F,,PreservedSpecimen
-49.500278,-20.288333,UNESP-IBILCE,,PreservedSpecimen
-49.246389,-20.543611,UNESP-IBILCE,,PreservedSpecimen
-50.348611,-20.926111,UNESP-IBILCE,,PreservedSpecimen
-48.537222,-21.620556,UNESP-IBILCE,,PreservedSpecimen
-48.917778,-21.22,UNESP-IBILCE,,PreservedSpecimen
-49.356152,-20.780597,UNESP-IBILCE,,PreservedSpecimen
-49.3544444,-20.77694444,UNESP-IBILCE,,PreservedSpecimen
-49.380556,-20.81,UNESP-IBILCE,,PreservedSpecimen
-49.380556,-20.81,UNESP-IBILCE,,PreservedSpecimen
-49.380556,-20.81,UNESP-IBILCE,,PreservedSpecimen
-49.380556,-20.81,UNESP-IBILCE,,PreservedSpecimen
-49.380556,-20.81,UNESP-IBILCE,,PreservedSpecimen
-49.380556,-20.81,UNESP-IBILCE,,PreservedSpecimen
-49.3544444,-20.77694444,UNESP-IBILCE,,PreservedSpecimen
-49.516667,-19.916667,UNESP-IBILCE,,PreservedSpecimen
-89.15,14.35,MICH,,PreservedSpecimen
-87.83268,14.598,MICH,,PreservedSpecimen
-87.86796,14.51512,MICH,,PreservedSpecimen
-87.83268,14.598,MICH,,PreservedSpecimen
101.762974,3.1624608,iNaturalist,MY,HumanObservation
-79.479471,-1.514285,Unknown,EC,HumanObservation
-77.104662,-0.601018,Unknown,EC,HumanObservation
-80.109026,-3.987519,Unknown,EC,HumanObservation
-78.923718,-4.61165,Unknown,EC,HumanObservation
-40.609514,-19.990989,INMA,,PreservedSpecimen
-40.8177778,-19.6022222,UFES,,PreservedSpecimen
-39.24,-16.020556,CEPLAC,,PreservedSpecimen
-39.959444,-13.139722,CEPLAC,,PreservedSpecimen
-39.420278,-16.379722,CEPLAC,,PreservedSpecimen
-39.017778,-14.223611,CEPLAC,,PreservedSpecimen
-39.50436,-13.57511,UESB,,PreservedSpecimen
-47.014167,-23.495278,USP-IB,,PreservedSpecimen
-48.311111,-15.776111,Cenargen,,PreservedSpecimen
-48.311111,-15.776111,Cenargen,,PreservedSpecimen
-48.311111,-15.776111,Cenargen,,PreservedSpecimen
-48.016111,-15.825555,Cenargen,,PreservedSpecimen
-36.574436,-9.51895,IMA,,PreservedSpecimen
-36.408836,-9.660672,IMA,,PreservedSpecimen
-36.408836,-9.660672,IMA,,PreservedSpecimen
-36.408836,-9.660672,IMA,,PreservedSpecimen
-49.32,-24.66,FURB,,PreservedSpecimen
-52.8731,-10.8339,F,,PreservedSpecimen
-74.14,-9.1839,F,,PreservedSpecimen
-74.14,-9.1839,F,,PreservedSpecimen
-74.14,-9.1839,F,,PreservedSpecimen
-64.435,-16.7261,F,,PreservedSpecimen
-74.14,-9.1839,F,,PreservedSpecimen
-74.14,-9.1839,F,,PreservedSpecimen
-74.14,-9.1839,F,,PreservedSpecimen
-74.14,-9.1839,F,,PreservedSpecimen
-64.435,-16.7261,F,,PreservedSpecimen
-64.435,-16.7261,F,,PreservedSpecimen
-64.435,-16.7261,F,,PreservedSpecimen
-74.14,-9.1839,F,,PreservedSpecimen
-72.5,5.5,F,,PreservedSpecimen
-74.14,-9.1839,F,,PreservedSpecimen
-74.14,-9.1839,F,,PreservedSpecimen
-64.435,-16.7261,F,,PreservedSpecimen
-64.435,-16.7261,F,,PreservedSpecimen
-74.14,-9.1839,F,,PreservedSpecimen
-64.435,-16.7261,F,,PreservedSpecimen
-64.435,-16.7261,F,,PreservedSpecimen
-74.14,-9.1839,F,,PreservedSpecimen
-74.14,-9.1839,F,,PreservedSpecimen
-64.435,-16.7261,F,,PreservedSpecimen
-74.14,-9.1839,F,,PreservedSpecimen
-74.14,-9.1839,F,,PreservedSpecimen
-64.435,-16.7261,F,,PreservedSpecimen
-66.6167,-14.5,MA,BOL,PreservedSpecimen
-66.6167,-14.5,MA,BOL,PreservedSpecimen
-83.3947,9.5303,MA,CRI,PreservedSpecimen
-85.5017,11.4625,MA,NIC,PreservedSpecimen
-83.3947,8.5303,MA,CRI,PreservedSpecimen
-81.5333,7.7667,MA,PAN,PreservedSpecimen
-81.5167,7.7,MA,PAN,PreservedSpecimen
-54.6166666667,-25.5166666667,MA,PRY,PreservedSpecimen
-92.9667,15.7333,MA,MEX,PreservedSpecimen
-84.3,12.1666666667,CAS,,PreservedSpecimen
-70.7166666667,8.8666666667,CAS,,PreservedSpecimen
-70.7333333333,8.8666666667,CAS,,PreservedSpecimen
-86.2891666667,13.2283333333,CAS,,PreservedSpecimen
-63.8166666667,-18.1333333333,CAS,,PreservedSpecimen
-71.1833333333,8.45,CAS,,PreservedSpecimen
-63.55,-18.1833333333,CAS,,PreservedSpecimen
-83.85,11.6,CAS,,PreservedSpecimen
-86.2666666667,13.2166666667,CAS,,PreservedSpecimen
-63.55,-18.1833333333,CAS,,PreservedSpecimen
-63.675,-18.1555555556,CAS,,PreservedSpecimen
-62.2235833333,-10.7213333333,CAS,,PreservedSpecimen
-97.0833333333,16.15,CAS,,PreservedSpecimen
-97.1166666667,16.3,CAS,,PreservedSpecimen
-97.0833333333,16.15,CAS,,PreservedSpecimen
-95.9833333333,15.85,CAS,,PreservedSpecimen
-95.9833333333,15.85,CAS,,PreservedSpecimen
-96.35,18.2166666667,CAS,,PreservedSpecimen
-96.3,17.6833333333,CAS,,PreservedSpecimen
-96.8166666667,16.1833333333,CAS,,PreservedSpecimen
-96.8166666667,16.1833333333,CAS,,PreservedSpecimen
-96.35,18.2166666667,CAS,,PreservedSpecimen
-95.9833333333,15.85,CAS,,PreservedSpecimen
-97.1166666667,16.3,CAS,,PreservedSpecimen
-96.9,17.7333333333,CAS,,PreservedSpecimen
-95.9833333333,15.85,CAS,,PreservedSpecimen
-73.916666667,3.2833333333,Instituto Amazónico de Investigaciones Científicas (SINCHI),CO,HumanObservation
-72.539194444,2.5689166667,Instituto Amazónico de Investigaciones Científicas (SINCHI),CO,HumanObservation
-72.39897,5.53873,Instituto Amazónico de Investigaciones Científicas (SINCHI),CO,HumanObservation
-71.640716667,4.7835,Instituto Amazónico de Investigaciones Científicas (SINCHI),CO,HumanObservation
-73.76806,2.25444,Instituto Amazónico de Investigaciones Científicas (SINCHI),CO,HumanObservation
-73.79404,4.07392,Instituto Amazónico de Investigaciones Científicas (SINCHI),CO,HumanObservation
-72.73333,2.43332,Instituto Amazónico de Investigaciones Científicas (SINCHI),CO,HumanObservation
-72.3666667,5.5333333,Instituto Amazónico de Investigaciones Científicas (SINCHI),CO,HumanObservation
-73.924258333,3.2863666667,Instituto Amazónico de Investigaciones Científicas (SINCHI),CO,HumanObservation
-73.316666667,4.7666666667,Instituto Amazónico de Investigaciones Científicas (SINCHI),CO,HumanObservation
-72.45444,2.68667,Instituto Amazónico de Investigaciones Científicas (SINCHI),CO,HumanObservation
-73.3,4.8333333333,Instituto Amazónico de Investigaciones Científicas (SINCHI),CO,HumanObservation
-68.36,3.91,Instituto Amazónico de Investigaciones Científicas (SINCHI),CO,HumanObservation
-74.33333,2.58333,Instituto Amazónico de Investigaciones Científicas (SINCHI),CO,HumanObservation
-72.73333,2.3,Instituto Amazónico de Investigaciones Científicas (SINCHI),CO,HumanObservation
-72.5,5.33333,Instituto Amazónico de Investigaciones Científicas (SINCHI),CO,HumanObservation
-72.7585,2.33628,Instituto Amazónico de Investigaciones Científicas (SINCHI),CO,HumanObservation
-74.1674,2.6857,Instituto Amazónico de Investigaciones Científicas (SINCHI),CO,HumanObservation
-74.567705556,2.3582972222,Instituto Amazónico de Investigaciones Científicas (SINCHI),CO,HumanObservation
-73.757,3.5608055556,Instituto Amazónico de Investigaciones Científicas (SINCHI),CO,HumanObservation
-74.1674,2.6857,Instituto Amazónico de Investigaciones Científicas (SINCHI),CO,HumanObservation
-74.2767,3.1817,Instituto Amazónico de Investigaciones Científicas (SINCHI),CO,HumanObservation
-73.757,3.5608055556,Instituto Amazónico de Investigaciones Científicas (SINCHI),CO,HumanObservation
-72.45444,2.68667,Instituto Amazónico de Investigaciones Científicas (SINCHI),CO,HumanObservation
-73.76806,2.25444,Instituto Amazónico de Investigaciones Científicas (SINCHI),CO,HumanObservation
-72.73333,2.43332,Instituto Amazónico de Investigaciones Científicas (SINCHI),CO,HumanObservation
-71.38089,6.03106,Instituto Amazónico de Investigaciones Científicas (SINCHI),CO,HumanObservation
-74.09778,3.59389,Instituto Amazónico de Investigaciones Científicas (SINCHI),CO,HumanObservation
-72.69167,2.47222,Instituto Amazónico de Investigaciones Científicas (SINCHI),CO,HumanObservation
-73.57811111,1.683361111,Instituto Amazónico de Investigaciones Científicas - SINCHI,CO,PreservedSpecimen
-74.33333,2.58333,Instituto Amazónico de Investigaciones Científicas - SINCHI,CO,PreservedSpecimen
-72.73333,2.3,Instituto Amazónico de Investigaciones Científicas - SINCHI,CO,PreservedSpecimen
-74.76616,-0.15832,Instituto Amazónico de Investigaciones Científicas - SINCHI,CO,PreservedSpecimen
-72.803,-1.43117,Instituto Amazónico de Investigaciones Científicas - SINCHI,CO,PreservedSpecimen
-44.608101,-22.454642,UNESP-RC,,PreservedSpecimen
-51.839472,-25.951028,UTFPR-CP,,PreservedSpecimen
-68.8,18.73,NY,,PreservedSpecimen
-47.9294,-15.7797,NY,,PreservedSpecimen
-47.8636,-15.5881,NY,,PreservedSpecimen
-43.5058333,-20.3874,NY,,PreservedSpecimen
-66.68361,18.31696,NY,,PreservedSpecimen
-48.8086111,-16.03204,NY,,PreservedSpecimen
-39.039072,-15.159747,NY,,PreservedSpecimen
-70.72456,19.07683,NY,,PreservedSpecimen
-59.1222,5.3736,NY,,PreservedSpecimen
-39.2273659,-14.771874,NY,,PreservedSpecimen
-75.738379,20.441815,NY,,PreservedSpecimen
-65.78,18.28,NY,,PreservedSpecimen
-76.358244,18.037842,NY,,PreservedSpecimen
-46.7597,-22.7003,NY,,PreservedSpecimen
-60.025,-3.10194,NY,,PreservedSpecimen
-59.986249,-3.097461,NY,,PreservedSpecimen
-76.63495,18.022802,NY,,PreservedSpecimen
-46.63,-23.5403,NY,,PreservedSpecimen
-63.3397,-17.5589,NY,,PreservedSpecimen
-66.62,-14.5,NY,,PreservedSpecimen
-70.365586,19.190526,NY,,PreservedSpecimen
-63.0804759,-7.6396461,NY,,PreservedSpecimen
-38.92,-14.02,NY,,PreservedSpecimen
-64.37,4.05,NY,,PreservedSpecimen
-72.284462,18.578699,NY,,PreservedSpecimen
-47.31,-22.9403,NY,,PreservedSpecimen
-69.95,19.18,NY,,PreservedSpecimen
-42.9086,-20.4164,NY,,PreservedSpecimen
-38.92,-14.02,NY,,PreservedSpecimen
-47.9294,-15.7797,NY,,PreservedSpecimen
-65.32546,-10.596416,NY,,PreservedSpecimen
-63.55,-18.18,NY,,PreservedSpecimen
-72.33,18.5,NY,,PreservedSpecimen
-44.4467,-22.4692,NY,,PreservedSpecimen
-63.7642,-18.8314,NY,,PreservedSpecimen
-46.537506,-1.765546,NY,,PreservedSpecimen
-39.0492,-14.7892,NY,,PreservedSpecimen
-69.58,18.8417,NY,,PreservedSpecimen
-52.3369,-14.48581,NY,,PreservedSpecimen
-46.621883,-23.654505,NY,,PreservedSpecimen
-52.3831,-24.0458,NY,,PreservedSpecimen
-63.55,-18.18,NY,,PreservedSpecimen
-71.65,18.08,NY,,PreservedSpecimen
-46.618358,-23.646109,NY,,PreservedSpecimen
-46.9914,-20.9169,NY,,PreservedSpecimen
-68.8,-10.85,NY,,PreservedSpecimen
-71.102287,18.2117,NY,,PreservedSpecimen
-65.75,18.0,NY,,PreservedSpecimen
-70.238858,18.48072,NY,,PreservedSpecimen
-52.23,-15.28,NY,,PreservedSpecimen
-48.6008,-8.5006,NY,,PreservedSpecimen
-60.0580502,-3.001413,NY,,PreservedSpecimen
-73.75,-4.92,NY,,PreservedSpecimen
-70.47,19.02,NY,,PreservedSpecimen
-63.27,-16.93,NY,,PreservedSpecimen
-48.3828,-1.1458,NY,,PreservedSpecimen
-70.2,18.42,NY,,PreservedSpecimen
-69.61151,19.230699,NY,,PreservedSpecimen
-49.2539,-16.6786,NY,,PreservedSpecimen
-51.81666667,-17.0566,NY,,PreservedSpecimen
-48.8083,-15.9236,NY,,PreservedSpecimen
-59.986249,-3.097461,NY,,PreservedSpecimen
-51.97,-23.92,NY,,PreservedSpecimen
-66.7161,18.336,NY,,PreservedSpecimen
-62.22358,-10.72133,NY,,PreservedSpecimen
-63.85,-17.55,NY,,PreservedSpecimen
-48.4447503,-1.4380977,NY,,PreservedSpecimen
-81.327749,22.856303,NY,,PreservedSpecimen
-39.5506,-18.0867,NY,,PreservedSpecimen
-82.478251,23.087973,NY,,PreservedSpecimen
-77.6,-1.07,NY,,PreservedSpecimen
-61.75,3.75,NY,,PreservedSpecimen
-70.22,18.6,NY,,PreservedSpecimen
-47.9294,-15.7797,NY,,PreservedSpecimen
-48.255,-15.9397,NY,,PreservedSpecimen
-70.58,18.62,NY,,PreservedSpecimen
-69.67,19.2917,NY,,PreservedSpecimen
-78.2,-2.67,NY,,PreservedSpecimen
-52.152517,4.544767,NY,,PreservedSpecimen
-67.03,18.2083,NY,,PreservedSpecimen
-69.275,19.02,NY,,PreservedSpecimen
-67.5,-14.67,NY,,PreservedSpecimen
-43.676328,-19.820266,NY,,PreservedSpecimen
-39.1,-13.94,NY,,PreservedSpecimen
-64.416667,-0.416667,NY,,PreservedSpecimen
-63.18,-16.98,NY,,PreservedSpecimen
-39.2843628,-14.6904677,NY,,PreservedSpecimen
-41.9492,-18.8511,NY,,PreservedSpecimen
-48.6247,-17.7419,NY,,PreservedSpecimen
-71.5158,-8.5867,NY,,PreservedSpecimen
-59.42,3.07,NY,,PreservedSpecimen
-48.77,-15.8,NY,,PreservedSpecimen
-48.4447503,-1.4380977,NY,,PreservedSpecimen
-47.5103,-14.1103,NY,,PreservedSpecimen
-77.261529,18.19804,NY,,PreservedSpecimen
-49.2539,-16.6786,NY,,PreservedSpecimen
-47.8167,-15.96885,NY,,PreservedSpecimen
-52.19058,-15.82579,NY,,PreservedSpecimen
-69.25,19.2917,NY,,PreservedSpecimen
-71.3,19.25,NY,,PreservedSpecimen
-47.9294,-15.7797,NY,,PreservedSpecimen
-65.75,18.33,NY,,PreservedSpecimen
-48.0,-24.6903,NY,,PreservedSpecimen
-47.5,-14.73,NY,,PreservedSpecimen
-70.2,9.22,NY,,PreservedSpecimen
-47.9294,-15.7797,NY,,PreservedSpecimen
-42.0081,-21.9556,NY,,PreservedSpecimen
-70.25,19.0,NY,,PreservedSpecimen
-43.5611111,-18.17235,NY,,PreservedSpecimen
-65.78,18.28,NY,,PreservedSpecimen
-47.58153,-14.1167,NY,,PreservedSpecimen
-66.7096,18.3736,NY,,PreservedSpecimen
-52.5231,-25.8558,NY,,PreservedSpecimen
-51.8103,-16.9569,NY,,PreservedSpecimen
-66.654611,18.0841511,NY,,PreservedSpecimen
-78.67,1.25,NY,,PreservedSpecimen
-40.5747,-15.2647,NY,,PreservedSpecimen
-67.0902778,-9.9580556,NY,,PreservedSpecimen
-60.5911,5.8661,NY,,PreservedSpecimen
-54.5881,-25.5481,NY,,PreservedSpecimen
-89.03,18.0,NY,,PreservedSpecimen
-70.225636,18.4847,NY,,PreservedSpecimen
-46.63,-23.5403,NY,,PreservedSpecimen
-83.649496,22.391446,NY,,PreservedSpecimen
-91.5675,17.2353,NY,,PreservedSpecimen
-70.34,19.3417,NY,,PreservedSpecimen
-69.02306,-10.98528,NY,,PreservedSpecimen
-78.63,-3.45,NY,,PreservedSpecimen
-47.9294,-15.7797,NY,,PreservedSpecimen
-39.75,-16.717,NY,,PreservedSpecimen
-70.48,18.48,NY,,PreservedSpecimen
-51.77,-17.25,NY,,PreservedSpecimen
-51.0997,-20.63,NY,,PreservedSpecimen
-72.289529,18.512915,NY,,PreservedSpecimen
-42.9086,-20.4164,NY,,PreservedSpecimen
-70.08,18.58,NY,,PreservedSpecimen
-39.2281,-14.7536,NY,,PreservedSpecimen
-75.2,-10.15,NY,,PreservedSpecimen
-52.3531,-14.6733,NY,,PreservedSpecimen
-75.848011,20.187122,NY,,PreservedSpecimen
-72.425714,19.763597,NY,,PreservedSpecimen
-63.13,-17.4933,NY,,PreservedSpecimen
-70.408,18.983,NY,,PreservedSpecimen
-54.5881,-25.5481,NY,,PreservedSpecimen
-72.470856,19.597639,NY,,PreservedSpecimen
-70.7417,19.575,NY,,PreservedSpecimen
-65.0886,-9.7047,NY,,PreservedSpecimen
-76.424301,18.091944,NY,,PreservedSpecimen
-48.8842,-15.8175,NY,,PreservedSpecimen
-60.025,-3.10194,NY,,PreservedSpecimen
-49.33,-25.0,NY,,PreservedSpecimen
-57.65,-19.02,NY,,PreservedSpecimen
-39.22095,-14.7739696,NY,,PreservedSpecimen
-77.5078636,17.9583934,NY,,PreservedSpecimen
-70.3,18.575,NY,,PreservedSpecimen
-70.5,18.73,NY,,PreservedSpecimen
-39.33,-17.18,NY,,PreservedSpecimen
-42.868031,-20.7613428,NY,,PreservedSpecimen
-63.67,-14.83,NY,,PreservedSpecimen
-68.1481,-9.7292,NY,,PreservedSpecimen
-65.48045,18.13755,NY,,PreservedSpecimen
-48.77,-15.8,NY,,PreservedSpecimen
-42.8567,-20.6511,NY,,PreservedSpecimen
-77.65,-1.07,NY,,PreservedSpecimen
-51.797206,3.854254,NY,,PreservedSpecimen
-82.645172,22.952896,NY,,PreservedSpecimen
-47.75172,-15.62355,NY,,PreservedSpecimen
-63.87,-17.47,NY,,PreservedSpecimen
-76.47,-8.2,NY,,PreservedSpecimen
-71.207812,18.1905,NY,,PreservedSpecimen
-69.97,18.48,NY,,PreservedSpecimen
-48.45,-14.57653,NY,,PreservedSpecimen
-48.2,-7.18,NY,,PreservedSpecimen
-50.1083,-16.0819,NY,,PreservedSpecimen
-96.85,19.2,NY,,PreservedSpecimen
-47.9197,-25.0103,NY,,PreservedSpecimen
-83.717595,22.667878,NY,,PreservedSpecimen
-73.75,-7.6,NY,,PreservedSpecimen
-67.63,-9.75,NY,,PreservedSpecimen
-51.77,-17.3,NY,,PreservedSpecimen
-68.33,-10.75,NY,,PreservedSpecimen
-67.83,-2.88,NY,,PreservedSpecimen
-59.9048156,-2.4341821,NY,,PreservedSpecimen
-72.067441,18.779874,NY,,PreservedSpecimen
-60.025,-3.10194,NY,,PreservedSpecimen
-62.1,-9.18,NY,,PreservedSpecimen
-76.3664823,18.05842,NY,,PreservedSpecimen
-68.6706018,0.2819527,NY,,PreservedSpecimen
-60.6187391,-0.5799481,NY,,PreservedSpecimen
-63.18,3.55,NY,,PreservedSpecimen
-51.835,3.84306,NY,,PreservedSpecimen
-83.17,22.75,NY,,PreservedSpecimen
-67.81,-9.97472,NY,,PreservedSpecimen
-41.9108,-21.5756,NY,,PreservedSpecimen
-46.621883,-23.654505,NY,,PreservedSpecimen
-70.32,19.05,NY,,PreservedSpecimen
-47.81634,-18.03893,NY,,PreservedSpecimen
-66.9,18.07,NY,,PreservedSpecimen
-47.2647,-13.83967,NY,,PreservedSpecimen
-70.47,19.73,NY,,PreservedSpecimen
-59.9532133,-2.8767633,NY,,PreservedSpecimen
-69.28,-12.83,NY,,PreservedSpecimen
-74.565833,20.355629,NY,,PreservedSpecimen
-39.039072,-15.159747,NY,,PreservedSpecimen
-39.5506,-18.0867,NY,,PreservedSpecimen
-54.5881,-25.5481,NY,,PreservedSpecimen
-72.289529,18.512915,NY,,PreservedSpecimen
-59.9909091,-3.0855691,NY,,PreservedSpecimen
-66.6997747,18.3393558,NY,,PreservedSpecimen
-47.945508,-25.095643,NY,,PreservedSpecimen
-48.0806,-13.5642,NY,,PreservedSpecimen
-39.0144,-14.1033,NY,,PreservedSpecimen
-78.17,-3.5,NY,,PreservedSpecimen
-74.2767,3.1817,NY,,PreservedSpecimen
-48.5044,-1.45583,NY,,PreservedSpecimen
-70.18,18.7417,NY,,PreservedSpecimen
-39.13,-16.38,NY,,PreservedSpecimen
-70.47,18.475,NY,,PreservedSpecimen
-53.052633,5.29442,NY,,PreservedSpecimen
-88.95,16.23,NY,,PreservedSpecimen
-77.643986,21.727869,NY,,PreservedSpecimen
-46.52313,-1.776309,NY,,PreservedSpecimen
-48.12,-15.55,NY,,PreservedSpecimen
-47.9294,-15.7797,NY,,PreservedSpecimen
-71.28,19.23,NY,,PreservedSpecimen
-88.93,16.17,NY,,PreservedSpecimen
-70.58,18.62,NY,,PreservedSpecimen
-48.8086,-15.9236,NY,,PreservedSpecimen
-158.05367,21.636117,NY,,PreservedSpecimen
-52.25,-15.83812,NY,,PreservedSpecimen
-67.15,10.48,NY,,PreservedSpecimen
-47.5,-13.89039,NY,,PreservedSpecimen
-48.5044,-1.45583,NY,,PreservedSpecimen
-64.6664071,-3.3656727,NY,,PreservedSpecimen
-66.9,18.07,NY,,PreservedSpecimen
-71.525,19.2417,NY,,PreservedSpecimen
-47.5167,-13.5744,NY,,PreservedSpecimen
-72.47061994,5.406333831,Asociación de Becarios de Casanare (ABC),,HumanObservation
-72.46697724,5.403168827,Asociación de Becarios de Casanare (ABC),,HumanObservation
-72.47036574,5.406308068,Asociación de Becarios de Casanare (ABC),,HumanObservation
-52.575028,-24.505861,UTFPR-CP,,PreservedSpecimen
-52.450861,-24.281139,UTFPR-CP,,PreservedSpecimen
43.1711111,20.2030556,UFOP,,PreservedSpecimen
-56.631388,-21.108888,Cenargen,,PreservedSpecimen
-47.6391666,-23.4311111,IF,,PreservedSpecimen
-48.8966666,-23.0975,IF,,PreservedSpecimen
-48.9036111,-23.1005556,IF,,PreservedSpecimen
-50.418889,-6.353611,UFMG,,PreservedSpecimen
101.7471162427,3.715021166,iNaturalist,MY,HumanObservation
-74.30394745,5.587080956,Universidad Nacional de Colombia (UNAL),CO,PreservedSpecimen
-76.1666667,5.8666667,Universidad Nacional de Colombia (UNAL),CO,PreservedSpecimen
-75.670031,2.255499,Universidad Nacional de Colombia (UNAL),CO,PreservedSpecimen
-75.45971844,4.645871,Universidad Nacional de Colombia (UNAL),CO,PreservedSpecimen
-74.90200043,5.204899788,Universidad Nacional de Colombia (UNAL),CO,PreservedSpecimen
150.230083333333,-5.77102777777778,AK,"PG, Occupies eastern half of New Guinea island; largely tropical with thick forests and exotic flora and fauna; inhabited by many tribes representing hundreds of linguistic groups; sighted by Portuguese in 16th century; claimed by Britain and Australia in the 19th century; official language is English, though pidgin English and many indigenous languages are also spoken.",PreservedSpecimen
178.531694444444,-18.0342222222222,AK,"FJ, Comprises over 800 islands; area was settled by Austronesian-speaking people in 2nd millennium BCE; development of pottery by 1300 BCE; sighted by Dutch Tasman 1643, visited by British in 18th century; was haven for escaped convicts from Australia by 1804; official language is English, though most speak Bauan or Hindustani.",PreservedSpecimen
147.4,-9.4,AK,"PG, Occupies eastern half of New Guinea island; largely tropical with thick forests and exotic flora and fauna; inhabited by many tribes representing hundreds of linguistic groups; sighted by Portuguese in 16th century; claimed by Britain and Australia in the 19th century; official language is English, though pidgin English and many indigenous languages are also spoken.",PreservedSpecimen
146.890444444444,-6.69330555555556,AK,"PG, Occupies eastern half of New Guinea island; largely tropical with thick forests and exotic flora and fauna; inhabited by many tribes representing hundreds of linguistic groups; sighted by Portuguese in 16th century; claimed by Britain and Australia in the 19th century; official language is English, though pidgin English and many indigenous languages are also spoken.",PreservedSpecimen
177.116666666667,-17.3,AK,"FJ, Comprises over 800 islands; area was settled by Austronesian-speaking people in 2nd millennium BCE; development of pottery by 1300 BCE; sighted by Dutch Tasman 1643, visited by British in 18th century; was haven for escaped convicts from Australia by 1804; official language is English, though most speak Bauan or Hindustani.",PreservedSpecimen
-102.7496583,21.9410333,UAA,MX,PreservedSpecimen
-96.2065277,17.8293888,UAMI,MX,PreservedSpecimen
-96.4304444,17.6312222,UAMI,MX,PreservedSpecimen
-96.1817499,17.3555555,UAMI,MX,PreservedSpecimen
-96.3800833,17.6486111,UAMI,MX,PreservedSpecimen
-96.4035,17.6316666,UAMI,MX,PreservedSpecimen
-96.1685277,17.3133611,UAMI,MX,PreservedSpecimen
-103.0208333,19.9930555,INECOL,MX,PreservedSpecimen
-97.3105555,20.0055555,INECOL,MX,PreservedSpecimen
-97.9321111,16.9420833,INECOL,MX,PreservedSpecimen
-97.3125,20.0069444,INECOL,MX,PreservedSpecimen
-91.2597222,16.9633333,INECOL,MX,PreservedSpecimen
-97.4233333,20.0033333,FCB-BUAP,MX,PreservedSpecimen
-97.4416667,20.0966667,FCB-BUAP,MX,PreservedSpecimen
-97.67,19.97,FCB-BUAP,MX,PreservedSpecimen
-97.67,19.97,FCB-BUAP,MX,PreservedSpecimen
-97.4486111,19.9777778,FCB-BUAP,MX,PreservedSpecimen
-97.9133333,20.225,FCB-BUAP,MX,PreservedSpecimen
-97.6266667,19.8966667,FCB-BUAP,MX,PreservedSpecimen
-105.0022222,21.5130556,ENCB-IPN,MX,PreservedSpecimen
-104.9752777,21.5227777,IBUNAM,MX,PreservedSpecimen
-100.01,17.7933333,FC-UNAM,MX,PreservedSpecimen
-99.9383333,17.82,FC-UNAM,MX,PreservedSpecimen
-99.9461111,17.7780556,FC-UNAM,MX,PreservedSpecimen
-104.9136278,21.3678889,TEX,MX,PreservedSpecimen
-95.0672222,18.5688889,TEX,MX,PreservedSpecimen
-98.2166667,20.2833333,TEX,MX,PreservedSpecimen
-93.1529461,16.138562,LL,MX,PreservedSpecimen
-93.0911111,16.7930556,TEX,MX,PreservedSpecimen
-95.07,18.5,LL,MX,PreservedSpecimen
-92.7564167,16.9398889,TEX,MX,PreservedSpecimen
-96.9166667,19.5666667,LL,MX,PreservedSpecimen
-98.9666694,21.5955611,TEX,MX,PreservedSpecimen
-91.9683333,17.4494444,LL,MX,PreservedSpecimen
-96.5333333,16.0166667,TEX,MX,PreservedSpecimen
-92.0944444,16.9744444,LL,MX,PreservedSpecimen
-92.4244444,15.1872222,LL,MX,PreservedSpecimen
-91.9895694,15.9173528,TEX,MX,PreservedSpecimen
-97.9113194,17.0409694,TEX,MX,PreservedSpecimen
-92.4769389,16.8716694,LL,MX,PreservedSpecimen
-99.0772194,21.5655611,TEX,MX,PreservedSpecimen
-92.1349333,17.0191611,TEX,MX,PreservedSpecimen
-98.9391694,21.1525,TEX,MX,PreservedSpecimen
-91.695,16.1077694,LL,MX,PreservedSpecimen
-91.79,16.11,LL,MX,PreservedSpecimen
-97.7737389,16.7937389,TEX,MX,PreservedSpecimen
-96.3276306,17.6838611,TEX,MX,PreservedSpecimen
-93.0911111,16.7930556,TEX,MX,PreservedSpecimen
-98.941925,21.4324889,TEX,MX,PreservedSpecimen
-98.9827028,21.1302972,TEX,MX,PreservedSpecimen
-94.0229278,16.4723167,LL,MX,PreservedSpecimen
-92.0944444,16.9744444,LL,MX,PreservedSpecimen
-93.0911111,16.7930556,TEX,MX,PreservedSpecimen
-93.42,16.65,LL,MX,PreservedSpecimen
-97.9666667,20.3166667,TEX,MX,PreservedSpecimen
-97.03,19.02,TEX,MX,PreservedSpecimen
-92.5333333,16.8666667,LL,MX,PreservedSpecimen
-104.9952611,21.1517167,TEX,MX,PreservedSpecimen
-97.9137611,16.9490694,TEX,MX,PreservedSpecimen
-97.45,19.8833333,TEX,MX,PreservedSpecimen
-102.0787611,19.3526639,TEX,MX,PreservedSpecimen
-97.8852806,17.0416667,TEX,MX,PreservedSpecimen
-105.2326556,20.6210778,TEX,MX,PreservedSpecimen
-103.443325,19.5226417,TEX,MX,PreservedSpecimen
-101.2833412,17.9500025,TEX,MX,PreservedSpecimen
-96.1705611,17.9466694,LL,MX,PreservedSpecimen
-92.9744444,15.8236111,SEMAHN,MX,PreservedSpecimen
-93.7155555,16.2136111,SEMAHN,MX,PreservedSpecimen
-91.1302777,16.7605555,SEMAHN,MX,PreservedSpecimen
-93.3694444,17.9016666,SEMAHN,MX,PreservedSpecimen
-93.1,16.7269444,SEMAHN,MX,PreservedSpecimen
-93.0294444,17.4283333,SEMAHN,MX,PreservedSpecimen
-92.7563888,16.9372222,SEMAHN,MX,PreservedSpecimen
-92.5655555,17.0108333,SEMAHN,MX,PreservedSpecimen
-92.2672222,17.6588888,SEMAHN,MX,PreservedSpecimen
-92.2672222,17.6588888,SEMAHN,MX,PreservedSpecimen
-92.1522222,15.0452777,SEMAHN,MX,PreservedSpecimen
-94.075,16.9158333,SEMAHN,MX,PreservedSpecimen
-91.9233333,16.1175,SEMAHN,MX,PreservedSpecimen
-92.9402777,16.0241666,SEMAHN,MX,PreservedSpecimen
-92.1967742,15.6686172,SEMAHN,MX,PreservedSpecimen
-92.3708333,16.8916666,SEMAHN,MX,PreservedSpecimen
-92.5655555,17.0108333,SEMAHN,MX,PreservedSpecimen
-92.8333333,17.3361111,SEMAHN,MX,PreservedSpecimen
-92.2999022,17.1425731,SEMAHN,MX,PreservedSpecimen
-92.1388888,16.9280555,SEMAHN,MX,PreservedSpecimen
-92.5655555,17.0108333,SEMAHN,MX,PreservedSpecimen
-98.5583333,20.975,FC-UNAM,MX,PreservedSpecimen
-106.3791667,24.1666667,FA-UAS,MX,PreservedSpecimen
-106.7597222,24.3961111,FA-UAS,MX,PreservedSpecimen
-105.8708333,23.4055556,FA-UAS,MX,PreservedSpecimen
-92.0461958,17.4841824,ECOSUR,MX,PreservedSpecimen
-93.3416666,17.6083333,UJAT,MX,PreservedSpecimen
-92.5813888,17.9188888,UJAT,MX,PreservedSpecimen
-92.5266666,17.9311111,UJAT,MX,PreservedSpecimen
-93.7783333,17.9305555,UJAT,MX,PreservedSpecimen
-92.5324166,17.9327777,UJAT,MX,PreservedSpecimen
-93.7022194,16.2361083,Unknown,MX,MaterialCitation
-96.9492738,16.2138459,IBUNAM,MX,MaterialCitation
-92.6083333,15.425,MICH,MX,MaterialCitation
-99.8805556,17.55,FC-UNAM,MX,PreservedSpecimen
-99.9461111,17.7780556,ENCB-IPN,MX,PreservedSpecimen
-99.9383333,17.82,ENCB-IPN,MX,PreservedSpecimen
-100.01,17.7933333,ENCB-IPN,MX,PreservedSpecimen
-99.7558333,17.8641667,FC-UNAM,MX,PreservedSpecimen
-97.0649467,20.0681831,IGL-UNAM,MX,PreservedSpecimen
-95.2,18.555,INECOL,MX,PreservedSpecimen
-95.2116667,18.4483333,INECOL,MX,PreservedSpecimen
-104.4366667,19.6016667,INECOL,MX,PreservedSpecimen
-104.275,21.1583333,INECOL,MX,PreservedSpecimen
-106.4266667,23.9383333,INECOL,MX,PreservedSpecimen
-104.1016667,20.5183333,INECOL,MX,PreservedSpecimen
-103.6633333,18.6883333,INECOL,MX,PreservedSpecimen
-96.5916667,19.21,INECOL,MX,PreservedSpecimen
-96.5833333,18.1516667,INECOL,MX,PreservedSpecimen
-92.4066667,15.1186111,INECOL,MX,PreservedSpecimen
-91.4444757,16.8141122,INECOL,MX,PreservedSpecimen
-105.2311111,20.6133333,INECOL,MX,PreservedSpecimen
-96.7933333,19.4233333,INECOL,MX,PreservedSpecimen
-105.0116667,22.4266667,INECOL,MX,PreservedSpecimen
-95.07,18.585,INECOL,MX,PreservedSpecimen
-92.3683333,16.8933333,INECOL,MX,PreservedSpecimen
-103.76,19.3202778,INECOL,MX,PreservedSpecimen
-104.715,19.9083333,INECOL,MX,PreservedSpecimen
-104.4366667,19.6016667,INECOL,MX,PreservedSpecimen
-103.2666667,18.7333333,INECOL,MX,PreservedSpecimen
-105.4027778,20.3805556,INECOL,MX,PreservedSpecimen
-94.7383333,18.3483333,INECOL,MX,PreservedSpecimen
-97.6583333,19.82,INECOL,MX,PreservedSpecimen
-93.035,17.43,INECOL,MX,PreservedSpecimen
-97.6216667,19.8983333,INECOL,MX,PreservedSpecimen
-97.4183333,20.015,INECOL,MX,PreservedSpecimen
-97.8661111,17.9691667,INECOL,MX,PreservedSpecimen
-93.035,17.43,INECOL,MX,PreservedSpecimen
-98.7775076,18.4691726,INECOL,MX,PreservedSpecimen
-99.5008333,17.5513889,INECOL,MX,PreservedSpecimen
-97.4955169,20.0165135,INECOL,MX,PreservedSpecimen
-103.2891667,20.195,INECOL,MX,PreservedSpecimen
-98.1483333,20.275,INECOL,MX,PreservedSpecimen
-104.2916667,21.125,INECOL,MX,PreservedSpecimen
-98.0066667,20.1366667,INECOL,MX,PreservedSpecimen
-94.105,17.0833333,FC-UNAM,MX,PreservedSpecimen
-99.0602778,18.4069444,CIByC-UAEM,MX,PreservedSpecimen
-96.125,18.0916667,ENCB-IPN,MX,PreservedSpecimen
-95.2,18.55,CIHS-UAC,MX,PreservedSpecimen
-96.8055556,19.4180556,CIHS-UAC,MX,PreservedSpecimen
-90.3763889,19.9430556,CIHS-UAC,MX,PreservedSpecimen
-96.7972222,18.6638889,CIHS-UAC,MX,PreservedSpecimen
-91.775,17.7458333,CIHS-UAC,MX,PreservedSpecimen
-89.2883333,18.0563889,CIHS-UAC,MX,PreservedSpecimen
-76.927033,3.880108,Universidad Nacional de Colombia (UNAL),CO,PreservedSpecimen
-74.107086,6.51855,Universidad Nacional de Colombia (UNAL),CO,PreservedSpecimen
-76.64722222,5.721388889,Universidad Nacional de Colombia (UNAL),CO,PreservedSpecimen
-74.05,11.29,Universidad Nacional de Colombia (UNAL),CO,PreservedSpecimen
-77.08,7.73,Universidad Nacional de Colombia (UNAL),CO,PreservedSpecimen
-75.06666565,7.300000191,Universidad Nacional de Colombia (UNAL),CO,PreservedSpecimen
-75.05000305,7.216670036,Universidad Nacional de Colombia (UNAL),CO,PreservedSpecimen
-73.8825,11.095,Universidad Nacional de Colombia (UNAL),CO,PreservedSpecimen
-76.7,4.983611111,Universidad Nacional de Colombia (UNAL),CO,PreservedSpecimen
-73.257824,6.126363,Universidad Nacional de Colombia (UNAL),CO,PreservedSpecimen
-77.148574,7.900475,Universidad Nacional de Colombia (UNAL),CO,PreservedSpecimen
-77.19555556,7.676111111,Universidad Nacional de Colombia (UNAL),CO,PreservedSpecimen
-77.13194444,7.897222222,Universidad Nacional de Colombia (UNAL),CO,PreservedSpecimen
-70.23388889,1.256944444,Universidad Nacional de Colombia (UNAL),CO,PreservedSpecimen
-46.1597222,-19.1941666,JBRJ,BR,PreservedSpecimen
-52.450528,-24.282694,UTFPR-CP,,PreservedSpecimen
-52.406306,-24.017667,UTFPR-CP,,PreservedSpecimen
-54.453556,-25.624639,UTFPR-CP,,PreservedSpecimen
-35.020833,-7.785556,IPA,,PreservedSpecimen
-49.3922222,-28.1563889,UNESC,,PreservedSpecimen
-53.266944,-25.648056,UTFPR-CP,,PreservedSpecimen
-55.530833,-10.83,UFMT,,PreservedSpecimen
-78.466,0.783,AU,EC,PreservedSpecimen
-49.25447,-24.82258,W,BRA,PreservedSpecimen
-39.019444,-14.218333,UEFS,,PreservedSpecimen
-75.517164,5.790628,Corporación Autónoma Regional de las Cuencas de los Ríos Negro y Nare - CORNARE,CO,HumanObservation
-75.517164,5.790628,Corporación Autónoma Regional de las Cuencas de los Ríos Negro y Nare - CORNARE,CO,HumanObservation
-52.8731,-10.8339,F,,PreservedSpecimen
-72.8667,3.8811,F,,PreservedSpecimen
-65.9119,7.0758,F,,PreservedSpecimen
-78.1869,-1.4628,F,,PreservedSpecimen
-72.8667,3.8811,F,,PreservedSpecimen
-52.9708,3.8558,F,,PreservedSpecimen
-78.1869,-1.4628,F,,PreservedSpecimen
-78.1869,-1.4628,F,,PreservedSpecimen
-78.1869,-1.4628,F,,PreservedSpecimen
-72.8667,3.8811,F,,PreservedSpecimen
-52.8731,-10.8339,F,,PreservedSpecimen
-52.8731,-10.8339,F,,PreservedSpecimen
-72.8667,3.8811,F,,PreservedSpecimen
-78.1869,-1.4628,F,,PreservedSpecimen
-74.14,-9.1839,F,,PreservedSpecimen
-52.8731,-10.8339,F,,PreservedSpecimen
-52.8731,-10.8339,F,,PreservedSpecimen
-72.8667,3.8811,F,,PreservedSpecimen
-72.8667,3.8811,F,,PreservedSpecimen
-64.435,-16.7261,F,,PreservedSpecimen
-65.9119,7.0758,F,,PreservedSpecimen
-78.1869,-1.4628,F,,PreservedSpecimen
-65.9119,7.0758,F,,PreservedSpecimen
-52.8731,-10.8339,F,,PreservedSpecimen
-74.14,-9.1839,F,,PreservedSpecimen
-72.8667,3.8811,F,,PreservedSpecimen
-55.625,4.1006,F,,PreservedSpecimen
-59.0,5.0,F,,PreservedSpecimen
-52.8731,-10.8339,F,,PreservedSpecimen
-74.14,-9.1839,F,,PreservedSpecimen
-65.9119,7.0758,F,,PreservedSpecimen
-66.834625,10.504197,F,,PreservedSpecimen
-74.14,-9.1839,F,,PreservedSpecimen
-72.8667,3.8811,F,,PreservedSpecimen
-78.1869,-1.4628,F,,PreservedSpecimen
-76.773404,-6.357086,F,,PreservedSpecimen
-72.8667,3.8811,F,,PreservedSpecimen
-74.14,-9.1839,F,,PreservedSpecimen
-76.0,5.0,F,,PreservedSpecimen
-74.14,-9.1839,F,,PreservedSpecimen
-72.8667,3.8811,F,,PreservedSpecimen
-65.9119,7.0758,F,,PreservedSpecimen
-72.8667,3.8811,F,,PreservedSpecimen
-72.8667,3.8811,F,,PreservedSpecimen
-74.14,-9.1839,F,,PreservedSpecimen
-65.9119,7.0758,F,,PreservedSpecimen
-58.1689,-23.2025,F,,PreservedSpecimen
-78.1869,-1.4628,F,,PreservedSpecimen
-78.1869,-1.4628,F,,PreservedSpecimen
-74.14,-9.1839,F,,PreservedSpecimen
-78.1869,-1.4628,F,,PreservedSpecimen
-65.9119,7.0758,F,,PreservedSpecimen
-65.9119,7.0758,F,,PreservedSpecimen
-64.435,-16.7261,F,,PreservedSpecimen
-55.625,4.1006,F,,PreservedSpecimen
-65.9119,7.0758,F,,PreservedSpecimen
-78.1869,-1.4628,F,,PreservedSpecimen
-78.1869,-1.4628,F,,PreservedSpecimen
-72.8667,3.8811,F,,PreservedSpecimen
-78.1869,-1.4628,F,,PreservedSpecimen
-72.8667,3.8811,F,,PreservedSpecimen
-72.8667,3.8811,F,,PreservedSpecimen
-74.14,-9.1839,F,,PreservedSpecimen
-74.14,-9.1839,F,,PreservedSpecimen
-64.435,-16.7261,F,,PreservedSpecimen
-72.8667,3.8811,F,,PreservedSpecimen
-72.8667,3.8811,F,,PreservedSpecimen
-78.1869,-1.4628,F,,PreservedSpecimen
-65.9119,7.0758,F,,PreservedSpecimen
-74.14,-9.1839,F,,PreservedSpecimen
-72.8667,3.8811,F,,PreservedSpecimen
-65.9119,7.0758,F,,PreservedSpecimen
-65.9119,7.0758,F,,PreservedSpecimen
-65.9119,7.0758,F,,PreservedSpecimen
-72.8667,3.8811,F,,PreservedSpecimen
-78.1869,-1.4628,F,,PreservedSpecimen
-64.9208,-35.3869,F,,PreservedSpecimen
-78.1869,-1.4628,F,,PreservedSpecimen
-72.8667,3.8811,F,,PreservedSpecimen
-52.8731,-10.8339,F,,PreservedSpecimen
-65.9119,7.0758,F,,PreservedSpecimen
-74.14,-9.1839,F,,PreservedSpecimen
-52.8731,-10.8339,F,,PreservedSpecimen
-52.8731,-10.8339,F,,PreservedSpecimen
-52.8731,-10.8339,F,,PreservedSpecimen
-65.9119,7.0758,F,,PreservedSpecimen
-65.9119,7.0758,F,,PreservedSpecimen
-52.8731,-10.8339,F,,PreservedSpecimen
-72.8667,3.8811,F,,PreservedSpecimen
-74.14,-9.1839,F,,PreservedSpecimen
-65.9119,7.0758,F,,PreservedSpecimen
-64.435,-16.7261,F,,PreservedSpecimen
-65.9119,7.0758,F,,PreservedSpecimen
-52.8731,-10.8339,F,,PreservedSpecimen
-65.9119,7.0758,F,,PreservedSpecimen
-72.8667,3.8811,F,,PreservedSpecimen
-65.9119,7.0758,F,,PreservedSpecimen
-78.1869,-1.4628,F,,PreservedSpecimen
-72.8667,3.8811,F,,PreservedSpecimen
-58.7017,4.7364,F,,PreservedSpecimen
-74.14,-9.1839,F,,PreservedSpecimen
-64.435,-16.7261,F,,PreservedSpecimen
-52.8731,-10.8339,F,,PreservedSpecimen
-72.8667,3.8811,F,,PreservedSpecimen
-65.9119,7.0758,F,,PreservedSpecimen
-74.14,-9.1839,F,,PreservedSpecimen
-78.1869,-1.4628,F,,PreservedSpecimen
-78.1869,-1.4628,F,,PreservedSpecimen
-72.8667,3.8811,F,,PreservedSpecimen
-74.14,-9.1839,F,,PreservedSpecimen
-65.9119,7.0758,F,,PreservedSpecimen
-72.8667,3.8811,F,,PreservedSpecimen
-72.8667,3.8811,F,,PreservedSpecimen
-72.8667,3.8811,F,,PreservedSpecimen
-65.9119,7.0758,F,,PreservedSpecimen
-65.9119,7.0758,F,,PreservedSpecimen
-72.8667,3.8811,F,,PreservedSpecimen
-76.362943,-6.491659,F,,PreservedSpecimen
-65.9119,7.0758,F,,PreservedSpecimen
-55.625,4.1006,F,,PreservedSpecimen
-65.9119,7.0758,F,,PreservedSpecimen
-78.1869,-1.4628,F,,PreservedSpecimen
-72.8667,3.8811,F,,PreservedSpecimen
-74.14,-9.1839,F,,PreservedSpecimen
-65.9119,7.0758,F,,PreservedSpecimen
-65.9119,7.0758,F,,PreservedSpecimen
-72.8667,3.8811,F,,PreservedSpecimen
-75.5,7.0,F,,PreservedSpecimen
-64.435,-16.7261,F,,PreservedSpecimen
-72.8667,3.8811,F,,PreservedSpecimen
-65.9119,7.0758,F,,PreservedSpecimen
-52.8731,-10.8339,F,,PreservedSpecimen
-74.14,-9.1839,F,,PreservedSpecimen
-65.9119,7.0758,F,,PreservedSpecimen
-65.9119,7.0758,F,,PreservedSpecimen
-65.9119,7.0758,F,,PreservedSpecimen
-58.1689,-23.2025,F,,PreservedSpecimen
-72.8667,3.8811,F,,PreservedSpecimen
-74.14,-9.1839,F,,PreservedSpecimen
-52.8731,-10.8339,F,,PreservedSpecimen
-74.14,-9.1839,F,,PreservedSpecimen
-72.8667,3.8811,F,,PreservedSpecimen
-72.8667,3.8811,F,,PreservedSpecimen
-55.625,4.1006,F,,PreservedSpecimen
-78.1869,-1.4628,F,,PreservedSpecimen
-72.8667,3.8811,F,,PreservedSpecimen
-72.8667,3.8811,F,,PreservedSpecimen
-76.8333,2.5,F,,PreservedSpecimen
-65.9119,7.0758,F,,PreservedSpecimen
-74.14,-9.1839,F,,PreservedSpecimen
-52.8731,-10.8339,F,,PreservedSpecimen
-78.1869,-1.4628,F,,PreservedSpecimen
-72.8667,3.8811,F,,PreservedSpecimen
-65.9119,7.0758,F,,PreservedSpecimen
-55.625,4.1006,F,,PreservedSpecimen
-74.14,-9.1839,F,,PreservedSpecimen
-65.9119,7.0758,F,,PreservedSpecimen
-52.8731,-10.8339,F,,PreservedSpecimen
-78.1869,-1.4628,F,,PreservedSpecimen
-72.8667,3.8811,F,,PreservedSpecimen
-52.8731,-10.8339,F,,PreservedSpecimen
-78.1869,-1.4628,F,,PreservedSpecimen
-74.14,-9.1839,F,,PreservedSpecimen
-65.9119,7.0758,F,,PreservedSpecimen
-72.8667,3.8811,F,,PreservedSpecimen
-52.8731,-10.8339,F,,PreservedSpecimen
-78.1869,-1.4628,F,,PreservedSpecimen
-74.14,-9.1839,F,,PreservedSpecimen
-78.1869,-1.4628,F,,PreservedSpecimen
-72.8667,3.8811,F,,PreservedSpecimen
-65.9119,7.0758,F,,PreservedSpecimen
-78.1869,-1.4628,F,,PreservedSpecimen
-65.9119,7.0758,F,,PreservedSpecimen
-65.9119,7.0758,F,,PreservedSpecimen
-64.435,-16.7261,F,,PreservedSpecimen
-74.14,-9.1839,F,,PreservedSpecimen
-65.9119,7.0758,F,,PreservedSpecimen
-64.435,-16.7261,F,,PreservedSpecimen
-52.8731,-10.8339,F,,PreservedSpecimen
-64.435,-16.7261,F,,PreservedSpecimen
-72.8667,3.8811,F,,PreservedSpecimen
-65.9119,7.0758,F,,PreservedSpecimen
-74.14,-9.1839,F,,PreservedSpecimen
-78.1869,-1.4628,F,,PreservedSpecimen
-52.8731,-10.8339,F,,PreservedSpecimen
-72.8667,3.8811,F,,PreservedSpecimen
-74.14,-9.1839,F,,PreservedSpecimen
-78.1869,-1.4628,F,,PreservedSpecimen
-72.8667,3.8811,F,,PreservedSpecimen
-72.8667,3.8811,F,,PreservedSpecimen
-65.9119,7.0758,F,,PreservedSpecimen
-78.1869,-1.4628,F,,PreservedSpecimen
-65.9119,7.0758,F,,PreservedSpecimen
-74.14,-9.1839,F,,PreservedSpecimen
-76.362943,-6.491659,F,,PreservedSpecimen
-74.14,-9.1839,F,,PreservedSpecimen
-74.14,-9.1839,F,,PreservedSpecimen
-74.14,-9.1839,F,,PreservedSpecimen
-65.9119,7.0758,F,,PreservedSpecimen
-74.14,-9.1839,F,,PreservedSpecimen
-74.14,-9.1839,F,,PreservedSpecimen
-72.8667,3.8811,F,,PreservedSpecimen
-52.9708,3.8558,F,,PreservedSpecimen
-74.14,-9.1839,F,,PreservedSpecimen
-52.8731,-10.8339,F,,PreservedSpecimen
-74.14,-9.1839,F,,PreservedSpecimen
-74.14,-9.1839,F,,PreservedSpecimen
-72.8667,3.8811,F,,PreservedSpecimen
-78.1869,-1.4628,F,,PreservedSpecimen
-74.14,-9.1839,F,,PreservedSpecimen
-72.8667,3.8811,F,,PreservedSpecimen
-65.9119,7.0758,F,,PreservedSpecimen
-65.9119,7.0758,F,,PreservedSpecimen
-65.9119,7.0758,F,,PreservedSpecimen
-64.435,-16.7261,F,,PreservedSpecimen
-72.8667,3.8811,F,,PreservedSpecimen
-55.625,4.1006,F,,PreservedSpecimen
-72.8667,3.8811,F,,PreservedSpecimen
-76.5,3.75,F,,PreservedSpecimen
-52.9708,3.8558,F,,PreservedSpecimen
-52.8731,-10.8339,F,,PreservedSpecimen
-78.1869,-1.4628,F,,PreservedSpecimen
-65.9119,7.0758,F,,PreservedSpecimen
-74.14,-9.1839,F,,PreservedSpecimen
-65.9119,7.0758,F,,PreservedSpecimen
-74.14,-9.1839,F,,PreservedSpecimen
-72.8667,3.8811,F,,PreservedSpecimen
-74.00105,10.23682,Universidad del Magdalena (UNIMAG),CO,HumanObservation
-100.428621,18.777875,DES,MX,PreservedSpecimen
-72.43638889,7.354444444,Universidad Nacional de Colombia (UNAL),CO,PreservedSpecimen
-74.352215,4.590077,Universidad Nacional de Colombia (UNAL),CO,PreservedSpecimen
-72.663705,7.151283,Universidad Nacional de Colombia (UNAL),CO,PreservedSpecimen
-70.23388889,1.256944444,Universidad Nacional de Colombia (UNAL),CO,PreservedSpecimen
-77.09111111,8.040277778,Universidad Nacional de Colombia (UNAL),CO,PreservedSpecimen
-77.27805556,6.091944444,Universidad Nacional de Colombia (UNAL),CO,PreservedSpecimen
-75.03119659,5.132699966,Universidad Nacional de Colombia (UNAL),CO,PreservedSpecimen
-49.685,-28.9155556,UNESC,,PreservedSpecimen
-49.685,-28.9155556,UNESC,,PreservedSpecimen
-50.7802778,-18.5011111,UFJ,,PreservedSpecimen
-98.035,20.2933,USF,,PreservedSpecimen
-99.0,20.5,USF,,PreservedSpecimen
-105.242,21.5296,USF,,PreservedSpecimen
-104.933,21.5333,USF,,PreservedSpecimen
38.63611,-5.091667,CABI,TZ,HumanObservation
-39.147778,-14.802778,UESC,,PreservedSpecimen
-47.85,-15.8666667,JBRJ,BR,PreservedSpecimen
-47.85,-15.8666667,JBRJ,BR,PreservedSpecimen
-47.8402777,-15.8872222,JBRJ,BR,PreservedSpecimen
-46.631167,-23.639486,USP-IB,,PreservedSpecimen
-46.731019,-23.566392,USP-IB,,PreservedSpecimen
-76.311111,-6.466111,USP-IB,,PreservedSpecimen
-75.61132,6.2171966667,iNaturalist,CO,HumanObservation
-51.436111,-29.8675,IAP,,PreservedSpecimen
-49.098333,-27.027222,IAP,,PreservedSpecimen
-52.403389,-24.016028,UTFPR-CP,,PreservedSpecimen
-52.1066667,-29.3777778,FUVATES,,PreservedSpecimen
-76.082028,19.96944,Moscow State University,CU,PreservedSpecimen
-75.6705061431343,4.6694674130073,Universidad del Quindío (UniQuindío),CO,PreservedSpecimen
-75.74758,4.62685,Universidad del Quindío (UniQuindío),CO,PreservedSpecimen
-74.342761,4.594469,Universidad del Quindío (UniQuindío),CO,PreservedSpecimen
-75.74758,4.62685,Universidad del Quindío (UniQuindío),CO,PreservedSpecimen
-75.7278681341286,4.4967621202561,Universidad del Quindío (UniQuindío),CO,PreservedSpecimen
-75.7278681341286,4.4967621202561,Universidad del Quindío (UniQuindío),CO,PreservedSpecimen
-75.7278681341286,4.4967621202561,Universidad del Quindío (UniQuindío),CO,PreservedSpecimen
-75.7278681341286,4.4967621202561,Universidad del Quindío (UniQuindío),CO,PreservedSpecimen
-75.84974,4.62618,Universidad del Quindío (UniQuindío),CO,PreservedSpecimen
-75.84355,4.33008,Universidad del Quindío (UniQuindío),CO,PreservedSpecimen
-75.65869,4.55973,Universidad del Quindío (UniQuindío),CO,PreservedSpecimen
-75.67341,4.56282,Universidad del Quindío (UniQuindío),CO,PreservedSpecimen
-75.66746,4.55056,Universidad del Quindío (UniQuindío),CO,PreservedSpecimen
-75.5066667,2.3127778,Instituto de Investigación de Recursos Biológicos Alexander von Humboldt (IAvH),CO,PreservedSpecimen
-76.1131389,1.8775,Instituto de Investigación de Recursos Biológicos Alexander von Humboldt (IAvH),CO,PreservedSpecimen
-75.1828333,2.6319722,Instituto de Investigación de Recursos Biológicos Alexander von Humboldt (IAvH),CO,PreservedSpecimen
-75.6027778,4.7472222,Instituto de Investigación de Recursos Biológicos Alexander von Humboldt (IAvH),CO,PreservedSpecimen
-75.6666667,5.4166667,Instituto de Investigación de Recursos Biológicos Alexander von Humboldt (IAvH),CO,PreservedSpecimen
-75.6666667,5.4166667,Instituto de Investigación de Recursos Biológicos Alexander von Humboldt (IAvH),CO,PreservedSpecimen
-76.0149722,1.8098333,Instituto de Investigación de Recursos Biológicos Alexander von Humboldt (IAvH),CO,PreservedSpecimen
-76.0151389,1.8105,Instituto de Investigación de Recursos Biológicos Alexander von Humboldt (IAvH),CO,PreservedSpecimen
-75.5466667,4.8675,Instituto de Investigación de Recursos Biológicos Alexander von Humboldt (IAvH),CO,PreservedSpecimen
-75.5466667,4.8675,Instituto de Investigación de Recursos Biológicos Alexander von Humboldt (IAvH),CO,PreservedSpecimen
-75.4940833,5.3116667,Instituto de Investigación de Recursos Biológicos Alexander von Humboldt (IAvH),CO,PreservedSpecimen
-73.5520556,5.6435278,Instituto de Investigación de Recursos Biológicos Alexander von Humboldt (IAvH),CO,PreservedSpecimen
-75.7170833,5.6734722,Instituto de Investigación de Recursos Biológicos Alexander von Humboldt (IAvH),CO,PreservedSpecimen
-76.2293778,4.7449306,Instituto de Investigación de Recursos Biológicos Alexander von Humboldt (IAvH),CO,PreservedSpecimen
-75.605,4.7419444,Instituto de Investigación de Recursos Biológicos Alexander von Humboldt (IAvH),CO,PreservedSpecimen
-75.6666667,4.6833333,Instituto de Investigación de Recursos Biológicos Alexander von Humboldt (IAvH),CO,PreservedSpecimen
-72.3666667,5.5333333,Instituto de Investigación de Recursos Biológicos Alexander von Humboldt (IAvH),CO,PreservedSpecimen
-72.5,5.3333333,Instituto de Investigación de Recursos Biológicos Alexander von Humboldt (IAvH),CO,PreservedSpecimen
-72.5,5.3333333,Instituto de Investigación de Recursos Biológicos Alexander von Humboldt (IAvH),CO,PreservedSpecimen
-72.3666667,5.5333333,Instituto de Investigación de Recursos Biológicos Alexander von Humboldt (IAvH),CO,PreservedSpecimen
-72.3666667,5.5333333,Instituto de Investigación de Recursos Biológicos Alexander von Humboldt (IAvH),CO,PreservedSpecimen
-76.4333333,6.35,Instituto de Investigación de Recursos Biológicos Alexander von Humboldt (IAvH),CO,PreservedSpecimen
-76.6898333,3.6441667,Instituto de Investigación de Recursos Biológicos Alexander von Humboldt (IAvH),CO,PreservedSpecimen
-73.359,7.268,Instituto de Investigación de Recursos Biológicos Alexander von Humboldt (IAvH),CO,PreservedSpecimen
-71.6407167,4.7835,Instituto de Investigación de Recursos Biológicos Alexander von Humboldt (IAvH),CO,PreservedSpecimen
-73.2438333,8.1682778,Instituto de Investigación de Recursos Biológicos Alexander von Humboldt (IAvH),CO,PreservedSpecimen
-77.0252778,2.145,Instituto de Investigación de Recursos Biológicos Alexander von Humboldt (IAvH),CO,PreservedSpecimen
-71.3808889,6.0310556,Instituto de Investigación de Recursos Biológicos Alexander von Humboldt (IAvH),CO,PreservedSpecimen
166.9230852,-15.35034696,Unknown,,PreservedSpecimen
166.8992,-15.44415,Unknown,,PreservedSpecimen
166.95067,-15.16163,Unknown,,PreservedSpecimen
166.8992,-15.44415,Unknown,,PreservedSpecimen
-72.390485,7.1549475,Universidad Distrital Francisco José de Caldas (UDistrital),CO,PreservedSpecimen
-72.4877239,7.3672806,Universidad Distrital Francisco José de Caldas (UDistrital),CO,PreservedSpecimen
-72.5894417,7.4927028,Universidad Distrital Francisco José de Caldas (UDistrital),CO,PreservedSpecimen
-72.4882414,7.3665603,Universidad Distrital Francisco José de Caldas (UDistrital),CO,PreservedSpecimen
-72.0,7.1,Universidad Distrital Francisco José de Caldas (UDistrital),CO,PreservedSpecimen
-72.4948378,7.3758397,Universidad Distrital Francisco José de Caldas (UDistrital),CO,PreservedSpecimen
-72.4833333,7.35,Universidad Distrital Francisco José de Caldas (UDistrital),CO,PreservedSpecimen
-72.4318889,7.2052583,Universidad Distrital Francisco José de Caldas (UDistrital),CO,PreservedSpecimen
-72.2245736,7.0762342,Universidad Distrital Francisco José de Caldas (UDistrital),CO,PreservedSpecimen
-72.4874244,7.3510094,Universidad Distrital Francisco José de Caldas (UDistrital),CO,PreservedSpecimen
-70.1936,9.2061,US,,PreservedSpecimen
-49.003889,-25.330556,UTFPR-CP,,PreservedSpecimen
-52.406111,-24.017778,UTFPR-CP,,PreservedSpecimen
-44.3745,-13.245861,UNIVASF,,PreservedSpecimen
-40.192416,-10.364444,UNIVASF,,PreservedSpecimen
-39.453333,-7.249722,UNIVASF,,PreservedSpecimen
-35.899683,-8.955641,UNIVASF,,PreservedSpecimen
-35.899683,-8.955641,UNIVASF,,PreservedSpecimen
-74.14375,4.4353056,Jardín Botánico José Celestino Mutis (JBBJCM),CO,PreservedSpecimen
-62.2236111,-10.7213889,JBRJ,BR,PreservedSpecimen
-54.004639,-25.446139,UTFPR-CP,,PreservedSpecimen
-47.94,-15.725556,UNITINS,,PreservedSpecimen
-47.493056,-15.978333,UNITINS,,PreservedSpecimen
-53.2175,-17.301944,UFG,,PreservedSpecimen
-156.08,20.82,US,,PreservedSpecimen
-53905.0,-24.31028,PUCPR,,PreservedSpecimen
-97.1298806,20.2745069,iNaturalist,MX,HumanObservation
-39.151667,-13.876389,UFBA,,PreservedSpecimen
-14.241667,-20.0,UFV,,PreservedSpecimen
-48.0,-20.0,UFV,,PreservedSpecimen
-48.859722,-16.956667,UFG,,PreservedSpecimen
-48.754722,-17.781111,UFG,,PreservedSpecimen
-89.38472,13.65083,LAGU,SLV,PreservedSpecimen
-39.24,-16.0205556,JBRJ,BR,PreservedSpecimen
-79.55,8.98333,USF,,PreservedSpecimen
-54.9733,5.06077,USF,,PreservedSpecimen
-73.4333,7.11667,USF,,PreservedSpecimen
-98.035,20.2933,USF,,PreservedSpecimen
-98.035,20.2933,USF,,PreservedSpecimen
-66.9167,10.5,USF,,PreservedSpecimen
-96.3933,17.8467,USF,,PreservedSpecimen
-96.3933,17.8467,USF,,PreservedSpecimen
-79.223,-0.111,USF,,PreservedSpecimen
-79.223,-0.111,USF,,PreservedSpecimen
-104.244,19.5544,USF,,PreservedSpecimen
-104.084,19.6517,USF,,PreservedSpecimen
-88.5667,15.25,USF,,PreservedSpecimen
-88.25,15.6333,USF,,PreservedSpecimen
-86.7903,15.7819,USF,,PreservedSpecimen
-87.1667,14.25,USF,,PreservedSpecimen
-87.1667,14.25,USF,,PreservedSpecimen
-87.1667,14.25,USF,,PreservedSpecimen
-88.5667,15.25,USF,,PreservedSpecimen
-86.7903,15.7819,USF,,PreservedSpecimen
-79.7565,-1.43795,USF,,PreservedSpecimen
-97.5833,21.0667,USF,,PreservedSpecimen
-79.65,9.06667,USF,,PreservedSpecimen
-96.4033985138,17.7549809358,iNaturalist,MX,HumanObservation
-51.900917,-24.356611,UTFPR-CP,,PreservedSpecimen
-47.493055,-15.978333,Cenargen,,PreservedSpecimen
-47.926388,-15.733888,Cenargen,,PreservedSpecimen
-47.94,-15.725555,Cenargen,,PreservedSpecimen
-64.677777,-9.3211111,Cenargen,,PreservedSpecimen
-48.149722,-15.7425,Cenargen,,PreservedSpecimen
-47.585555,-15.748611,Cenargen,,PreservedSpecimen
-48.149722,-15.7425,Cenargen,,PreservedSpecimen
-48.123611,-15.950555,Cenargen,,PreservedSpecimen
-48.123888,-15.950555,Cenargen,,PreservedSpecimen
-62.1,-9.18,Cenargen,,PreservedSpecimen
-47.4513889,-15.3602778,JBRJ,BR,PreservedSpecimen
-43.0475,-22.9313889,JBRJ,BR,PreservedSpecimen
-88.07808,13.94206,LAGU,SLV,PreservedSpecimen
-88.07722,13.93639,LAGU,SLV,PreservedSpecimen
-89.99922,13.82331,LAGU,SLV,PreservedSpecimen
-88.20078,13.7615,LAGU,SLV,PreservedSpecimen
-89.386,14.36517,LAGU,SLV,PreservedSpecimen
-88.86667,14.13333,LAGU,SLV,PreservedSpecimen
-89.71667,13.83333,LAGU,SLV,PreservedSpecimen
-89.14388,14.27514,LAGU,SLV,PreservedSpecimen
-88.1,13.91667,LAGU,SLV,PreservedSpecimen
-88.06667,13.93333,LAGU,SLV,PreservedSpecimen
-89.142,14.30978,LAGU,SLV,PreservedSpecimen
-89.25,13.66667,LAGU,SLV,PreservedSpecimen
-89.0,14.21667,LAGU,SLV,PreservedSpecimen
-87.8275,13.27833,LAGU,SLV,PreservedSpecimen
-88.09,13.96667,LAGU,SLV,PreservedSpecimen
-88.09639,13.94694,LAGU,SLV,PreservedSpecimen
-89.67778,14.09444,LAGU,SLV,PreservedSpecimen
-89.67778,14.09444,LAGU,SLV,PreservedSpecimen
-89.93333,13.81667,LAGU,SLV,PreservedSpecimen
-89.35,14.41667,LAGU,SLV,PreservedSpecimen
-88.13333,13.93333,LAGU,SLV,PreservedSpecimen
-89.25,13.66667,LAGU,SLV,PreservedSpecimen
-52.238361,-24.742667,UTFPR-CP,,PreservedSpecimen
-47.084753,-23.371953,UFV,,PreservedSpecimen
-50.0,-20.0,UFV,,PreservedSpecimen
-47.135556,-23.138611,UFV,,PreservedSpecimen
-47.0,-22.0,UFV,,PreservedSpecimen
-77.4826389,1.6691111,CPR,CO,HumanObservation
-77.5175833,1.6780556,CPR,CO,HumanObservation
-77.5175833,1.6780556,CPR,CO,HumanObservation
-77.5175833,1.6780556,CPR,CO,HumanObservation
-77.5175833,1.6780556,CPR,CO,HumanObservation
-77.5175833,1.6780556,CPR,CO,HumanObservation
-77.5175833,1.6780556,CPR,CO,HumanObservation
-77.5175833,1.6780556,CPR,CO,HumanObservation
-77.5175833,1.6780556,CPR,CO,HumanObservation
-77.5175833,1.6780556,CPR,CO,HumanObservation
-77.5175833,1.6780556,CPR,CO,HumanObservation
-77.5175833,1.6780556,CPR,CO,HumanObservation
-77.5175833,1.6780556,CPR,CO,HumanObservation
-77.5175833,1.6780556,CPR,CO,HumanObservation
-77.5175833,1.6780556,CPR,CO,HumanObservation
-77.5175833,1.6780556,CPR,CO,HumanObservation
-77.5175833,1.6780556,CPR,CO,HumanObservation
-77.5175833,1.6780556,CPR,CO,HumanObservation
-77.5175833,1.6780556,CPR,CO,HumanObservation
-77.465,1.5749167,CPR,CO,HumanObservation
-77.465,1.5749167,CPR,CO,HumanObservation
-77.465,1.5749167,CPR,CO,HumanObservation
-77.465,1.5749167,CPR,CO,HumanObservation
-77.465,1.5749167,CPR,CO,HumanObservation
-77.465,1.5749167,CPR,CO,HumanObservation
-77.465,1.5749167,CPR,CO,HumanObservation
-77.465,1.5749167,CPR,CO,HumanObservation
-77.465,1.5749167,CPR,CO,HumanObservation
-77.465,1.5749167,CPR,CO,HumanObservation
-77.465,1.5749167,CPR,CO,HumanObservation
-77.465,1.5749167,CPR,CO,HumanObservation
-77.465,1.5749167,CPR,CO,HumanObservation
-77.465,1.5749167,CPR,CO,HumanObservation
-77.465,1.5749167,CPR,CO,HumanObservation
-77.465,1.5749167,CPR,CO,HumanObservation
-77.465,1.5749167,CPR,CO,HumanObservation
-77.465,1.5749167,CPR,CO,HumanObservation
-77.465,1.5749167,CPR,CO,HumanObservation
-77.465,1.5749167,CPR,CO,HumanObservation
-77.465,1.5749167,CPR,CO,HumanObservation
-77.465,1.5749167,CPR,CO,HumanObservation
-77.465,1.5749167,CPR,CO,HumanObservation
-77.465,1.5749167,CPR,CO,HumanObservation
-77.465,1.5749167,CPR,CO,HumanObservation
-77.465,1.5749167,CPR,CO,HumanObservation
-77.465,1.5749167,CPR,CO,HumanObservation
-77.465,1.5749167,CPR,CO,HumanObservation
-77.465,1.5749167,CPR,CO,HumanObservation
-77.465,1.5749167,CPR,CO,HumanObservation
-77.465,1.5749167,CPR,CO,HumanObservation
-77.465,1.5749167,CPR,CO,HumanObservation
-77.465,1.5749167,CPR,CO,HumanObservation
-77.465,1.5749167,CPR,CO,HumanObservation
-77.465,1.5749167,CPR,CO,HumanObservation
-77.465,1.5749167,CPR,CO,HumanObservation
-77.465,1.5749167,CPR,CO,HumanObservation
-77.465,1.5749167,CPR,CO,HumanObservation
-77.465,1.5749167,CPR,CO,HumanObservation
-77.465,1.5749167,CPR,CO,HumanObservation
-77.465,1.5749167,CPR,CO,HumanObservation
-77.465,1.5749167,CPR,CO,HumanObservation
-77.465,1.5749167,CPR,CO,HumanObservation
-77.465,1.5749167,CPR,CO,HumanObservation
-77.465,1.5749167,CPR,CO,HumanObservation
-77.465,1.5749167,CPR,CO,HumanObservation
-77.465,1.5749167,CPR,CO,HumanObservation
-77.465,1.5749167,CPR,CO,HumanObservation
-77.465,1.5749167,CPR,CO,HumanObservation
-77.465,1.5749167,CPR,CO,HumanObservation
-77.465,1.5749167,CPR,CO,HumanObservation
-77.465,1.5749167,CPR,CO,HumanObservation
-77.465,1.5749167,CPR,CO,HumanObservation
-77.465,1.5749167,CPR,CO,HumanObservation
-77.465,1.5749167,CPR,CO,HumanObservation
-77.465,1.5749167,CPR,CO,HumanObservation
-77.465,1.5749167,CPR,CO,HumanObservation
-77.465,1.5749167,CPR,CO,HumanObservation
-77.465,1.5749167,CPR,CO,HumanObservation
-77.465,1.5749167,CPR,CO,HumanObservation
-77.465,1.5749167,CPR,CO,HumanObservation
-77.465,1.5749167,CPR,CO,HumanObservation
-77.465,1.5749167,CPR,CO,HumanObservation
-77.465,1.5749167,CPR,CO,HumanObservation
-77.465,1.5749167,CPR,CO,HumanObservation
-77.465,1.5749167,CPR,CO,HumanObservation
-77.465,1.5749167,CPR,CO,HumanObservation
-77.465,1.5749167,CPR,CO,HumanObservation
-77.465,1.5749167,CPR,CO,HumanObservation
-77.465,1.5749167,CPR,CO,HumanObservation
-77.465,1.5749167,CPR,CO,HumanObservation
-77.465,1.5749167,CPR,CO,HumanObservation
-77.465,1.5749167,CPR,CO,HumanObservation
-77.465,1.5749167,CPR,CO,HumanObservation
-77.465,1.5749167,CPR,CO,HumanObservation
-77.465,1.5749167,CPR,CO,HumanObservation
-77.465,1.5749167,CPR,CO,HumanObservation
-77.465,1.5749167,CPR,CO,HumanObservation
-77.465,1.5749167,CPR,CO,HumanObservation
-77.465,1.5749167,CPR,CO,HumanObservation
-77.465,1.5749167,CPR,CO,HumanObservation
-77.465,1.5749167,CPR,CO,HumanObservation
-77.465,1.5749167,CPR,CO,HumanObservation
-77.465,1.5749167,CPR,CO,HumanObservation
-77.465,1.5749167,CPR,CO,HumanObservation
-77.465,1.5749167,CPR,CO,HumanObservation
-83.21667,8.68333,WU,CRI,PreservedSpecimen
-83.21667,8.68333,WU,CRI,PreservedSpecimen
-75.41405556,5.018416667,Universidad de Caldas (UCaldas),CO,PreservedSpecimen
-75.41816667,5.019527778,Universidad de Caldas (UCaldas),CO,PreservedSpecimen
-75.00455536,5.506116618,Universidad de Caldas (UCaldas),CO,PreservedSpecimen
-75.49527778,5.1625,Universidad de Caldas (UCaldas),CO,PreservedSpecimen
-75.4393868,5.008196819,Universidad de Caldas (UCaldas),CO,PreservedSpecimen
-75.51219604,5.058020172,Universidad de Caldas (UCaldas),CO,PreservedSpecimen
-75.61653398,4.997495318,Universidad de Caldas (UCaldas),CO,PreservedSpecimen
-75.49444444,5.056388889,Universidad de Caldas (UCaldas),CO,PreservedSpecimen
-75.65822932,5.397348474,Universidad de Caldas (UCaldas),CO,PreservedSpecimen
-75.5093638,5.0315459,Universidad de Caldas (UCaldas),CO,PreservedSpecimen
-75.534998,4.980825,Universidad de Caldas (UCaldas),CO,PreservedSpecimen
-75.597435,4.988008,Universidad de Caldas (UCaldas),CO,PreservedSpecimen
-75.67930937,5.102499909,Universidad de Caldas (UCaldas),CO,PreservedSpecimen
-75.597435,4.988008,Universidad de Caldas (UCaldas),CO,PreservedSpecimen
-75.597435,4.988008,Universidad de Caldas (UCaldas),CO,PreservedSpecimen
-75.59323776,5.025238561,Universidad de Caldas (UCaldas),CO,PreservedSpecimen
-75.68840027,5.869915009,Universidad de Caldas (UCaldas),CO,PreservedSpecimen
-75.59631129,4.998848369,Universidad de Caldas (UCaldas),CO,PreservedSpecimen
-75.49290161,5.055947089,Universidad de Caldas (UCaldas),CO,PreservedSpecimen
-75.584465,5.075833,Universidad de Caldas (UCaldas),CO,PreservedSpecimen
-75.59899077,5.125911784,Universidad de Caldas (UCaldas),CO,PreservedSpecimen
-75.49444444,5.056388889,Universidad de Caldas (UCaldas),CO,PreservedSpecimen
-75.7023192,5.110451237,Universidad de Caldas (UCaldas),CO,PreservedSpecimen
-76.62848,3.44167,Universidad de Caldas (UCaldas),CO,PreservedSpecimen
-75.67930937,5.102499909,Universidad de Caldas (UCaldas),CO,PreservedSpecimen
-75.43397075,5.0301318,Universidad de Caldas (UCaldas),CO,PreservedSpecimen
-75.47990869,5.043586227,Universidad de Caldas (UCaldas),CO,PreservedSpecimen
-75.100306,5.2844,Universidad de Caldas (UCaldas),CO,PreservedSpecimen
-75.67930937,5.102499909,Universidad de Caldas (UCaldas),CO,PreservedSpecimen
-75.43397075,5.0301318,Universidad de Caldas (UCaldas),CO,PreservedSpecimen
-75.57501964,5.059788078,Universidad de Caldas (UCaldas),CO,PreservedSpecimen
-75.66600588,5.080457688,Universidad de Caldas (UCaldas),CO,PreservedSpecimen
-75.54102453,5.093902174,Universidad de Caldas (UCaldas),CO,PreservedSpecimen
-75.5093638,5.0315459,Universidad de Caldas (UCaldas),CO,PreservedSpecimen
-75.66600588,5.080457688,Universidad de Caldas (UCaldas),CO,PreservedSpecimen
-75.597435,4.988008,Universidad de Caldas (UCaldas),CO,PreservedSpecimen
-76.62848,3.44167,Universidad de Caldas (UCaldas),CO,PreservedSpecimen
-75.68872539,5.086718795,Universidad de Caldas (UCaldas),CO,PreservedSpecimen
-75.4937382,5.0563395,Universidad de Caldas (UCaldas),CO,PreservedSpecimen
-75.757233,4.669713,Universidad de Caldas (UCaldas),CO,PreservedSpecimen
-76.61844,3.4699,Universidad de Caldas (UCaldas),CO,PreservedSpecimen
-75.68872539,5.086718795,Universidad de Caldas (UCaldas),CO,PreservedSpecimen
-75.54102453,5.093902174,Universidad de Caldas (UCaldas),CO,PreservedSpecimen
-60.0,-15.0,JBRJ,BR,PreservedSpecimen
-52.4702778,-26.8197223,JBRJ,BR,PreservedSpecimen
-48.7066667,-25.3208334,JBRJ,BR,PreservedSpecimen
-49.6261111,-28.3402777,UNESC,,PreservedSpecimen
-49.4316667,-28.5958333,UNESC,,PreservedSpecimen
-49.6819445,-28.9277778,UNESC,,PreservedSpecimen
-51.8455,-24.439972,UTFPR-CP,,PreservedSpecimen
-34.57031,-7.5734,UESB,,PreservedSpecimen
-41.0208,-11.6844,UESB,,PreservedSpecimen
-39.416667,-15.233333,UESC,,PreservedSpecimen
-71.9132917,6.3799583,Universidad Nacional de Colombia (UNAL),CO,PreservedSpecimen
-71.7927556,6.79335,Universidad Nacional de Colombia (UNAL),CO,PreservedSpecimen
-49.2325,-25.4455555,JBRJ,BR,PreservedSpecimen
-71.5652778,6.2223333,Instituto de Investigación de Recursos Biológicos Alexander von Humboldt (IAvH),CO,HumanObservation
-49.9508333,-26.1494444,FURB,,PreservedSpecimen
-43.0211111,-22.9525,JBRJ,BR,PreservedSpecimen
-46.6297223,-23.3272223,JBRJ,BR,PreservedSpecimen
-42.9902777,-22.4527778,JBRJ,BR,PreservedSpecimen
-43.1872222,-22.5158333,JBRJ,BR,PreservedSpecimen
-43.1041666,-22.9461111,JBRJ,BR,PreservedSpecimen
-77.2333,18.15,USF,,PreservedSpecimen
-80.3106,25.6151,USF,,PreservedSpecimen
-80.3106,25.6151,USF,,PreservedSpecimen
-70.2167,18.6,USF,,PreservedSpecimen
-70.3,18.575,USF,,PreservedSpecimen
-80.9333,25.7333,USF,,PreservedSpecimen
-70.0833,19.25,USF,,PreservedSpecimen
-70.25,19.0,USF,,PreservedSpecimen
-69.9312,18.4861,USF,,PreservedSpecimen
-78.2833,18.3,USF,,PreservedSpecimen
-53.031778,-24.067528,UTFPR-CP,,PreservedSpecimen
-41.02333,-20.38889,MNHN,br,PreservedSpecimen
-44.7697223,-22.3652778,JBRJ,BR,PreservedSpecimen
-52.25,4.88,US,,PreservedSpecimen
-59.3,2.45,US,,PreservedSpecimen
-66.15,0.83,US,,PreservedSpecimen
-58.65,6.4,US,,PreservedSpecimen
-72.0833,7.96667,US,,PreservedSpecimen
-59.8092,4.66333,US,,PreservedSpecimen
-59.18,5.33,US,,PreservedSpecimen
-61.0656,5.83389,US,,PreservedSpecimen
-59.925,7.7,US,,PreservedSpecimen
-58.1667,6.5,US,,PreservedSpecimen
-61.6813,12.1031,US,,PreservedSpecimen
-58.9808,5.34139,US,,PreservedSpecimen
-64.9,6.98,US,,PreservedSpecimen
-66.15,0.83,US,,PreservedSpecimen
-61.16,4.98,US,,PreservedSpecimen
-55.21,5.85,US,,PreservedSpecimen
-58.11,6.48,US,,PreservedSpecimen
-60.2333,5.68333,US,,PreservedSpecimen
-59.8,4.7,US,,PreservedSpecimen
-58.1667,6.41667,US,,PreservedSpecimen
-59.08,2.83,US,,PreservedSpecimen
-60.2833,4.8,US,,PreservedSpecimen
-67.06,1.93,US,,PreservedSpecimen
-52.3,4.9,US,,PreservedSpecimen
-55.16,5.83,US,,PreservedSpecimen
-59.0,5.36,US,,PreservedSpecimen
-54.03,3.69,US,,PreservedSpecimen
-58.55,6.33333,US,,PreservedSpecimen
-60.0667,5.45,US,,PreservedSpecimen
-59.4167,3.06667,US,,PreservedSpecimen
-59.98,8.16,US,,PreservedSpecimen
-61.05,5.98333,US,,PreservedSpecimen
-59.5667,5.0,US,,PreservedSpecimen
-57.95,5.71667,US,,PreservedSpecimen
-58.55,5.98,US,,PreservedSpecimen
-54.96,5.06,US,,PreservedSpecimen
-61.0203,5.89472,US,,PreservedSpecimen
-76.0671,3.6590353,CVC,CO,HumanObservation
-76.095172,3.634252,CVC,CO,HumanObservation
-41.6852777,-21.1077778,JBRJ,BR,PreservedSpecimen
-49.0511111,-25.8372222,JBRJ,BR,PreservedSpecimen
-52.6461111,-23.9347222,JBRJ,BR,PreservedSpecimen
-45.0136111,-23.2630556,IF,,PreservedSpecimen
-51.929444,-23.4275,UEM,,PreservedSpecimen
-49.388583,-25.749,UTFPR-CP,,PreservedSpecimen
-74.416014,4.272793,iNaturalist,CO,HumanObservation
-76.3111111,-6.4661111,JBRJ,,PreservedSpecimen
-43.0202778,-22.9508333,JBRJ,BR,PreservedSpecimen
-42.9980555,-22.9280556,JBRJ,BR,PreservedSpecimen
-43.0394444,-22.9236111,JBRJ,BR,PreservedSpecimen
-105.400001525879,20.2299995422363,SALA,MX,PreservedSpecimen
-39.7266667,-17.5725,JBRJ,BR,PreservedSpecimen
-76.705472,3.651028,Instituto de Investigación de Recursos Biológicos Alexander von Humboldt (IAvH),,HumanObservation
-76.705472,3.651028,Instituto de Investigación de Recursos Biológicos Alexander von Humboldt (IAvH),,HumanObservation
-76.697161,3.735183,Instituto de Investigación de Recursos Biológicos Alexander von Humboldt (IAvH),,HumanObservation
-71.53005701,5.999426991,Instituto de Investigación de Recursos Biológicos Alexander von Humboldt (IAvH),CO,HumanObservation
-74.0710833,11.0,Instituto de Investigación de Recursos Biológicos Alexander von Humboldt (IAvH),,MaterialSample
-74.0710833,11.0,Instituto de Investigación de Recursos Biológicos Alexander von Humboldt (IAvH),,HumanObservation
-92.6725,15.6402777778,CAS,,PreservedSpecimen
-93.1286111111,16.9116666667,CAS,,PreservedSpecimen
-74.5,10.0,F,,PreservedSpecimen
-43.95,-19.55,JBRJ,BR,PreservedSpecimen
-44.5936111,-13.6975,JBRJ,BR,PreservedSpecimen
-43.0219445,-22.955,JBRJ,BR,PreservedSpecimen
-41.0,-21.0,JBRJ,BR,PreservedSpecimen
-41.0,-21.0,JBRJ,BR,PreservedSpecimen
-41.0,-21.0,JBRJ,BR,PreservedSpecimen
-42.0,-21.0,JBRJ,BR,PreservedSpecimen
-44.17972,-23.18305,JBRJ,BR,PreservedSpecimen
-43.0855555,-22.9283334,JBRJ,BR,PreservedSpecimen
-43.5088889,-22.8358333,JBRJ,BR,PreservedSpecimen
-43.0213889,-22.9541667,JBRJ,BR,PreservedSpecimen
-43.4741667,-22.4763889,JBRJ,BR,PreservedSpecimen
-68.1375,-9.7163889,JBRJ,BR,PreservedSpecimen
-65.0886111,-9.7047222,JBRJ,BR,PreservedSpecimen
-40.8366666,-19.9736111,JBRJ,BR,PreservedSpecimen
-51.945,-23.3908333,JBRJ,BR,PreservedSpecimen
-48.6111111,-25.7386111,JBRJ,BR,PreservedSpecimen
-40.82944,-19.94388,JBRJ,BR,PreservedSpecimen
-41.9516667,-21.9172223,JBRJ,BR,PreservedSpecimen
-35.86,-8.6952777,JBRJ,BR,PreservedSpecimen
-47.4166667,-21.8166667,JBRJ,BR,PreservedSpecimen
-46.5111111,-22.8375,JBRJ,BR,PreservedSpecimen
-46.5111111,-22.8375,JBRJ,BR,PreservedSpecimen
-46.5111111,-22.8375,JBRJ,BR,PreservedSpecimen
-46.5111111,-22.8375,JBRJ,BR,PreservedSpecimen
-50.1858333,-16.0994444,JBRJ,BR,PreservedSpecimen
-44.2369444,-20.1391666,JBRJ,BR,PreservedSpecimen
-44.2186111,-20.1261111,JBRJ,BR,PreservedSpecimen
-44.2244445,-20.1161111,JBRJ,BR,PreservedSpecimen
-41.7330556,-20.4677778,JBRJ,BR,PreservedSpecimen
-50.4,-26.64,JBRJ,BR,PreservedSpecimen
-49.1586111,-25.3158333,JBRJ,BR,PreservedSpecimen
-49.1258334,-25.3119444,JBRJ,BR,PreservedSpecimen
-48.8697223,-28.1647222,JBRJ,BR,PreservedSpecimen
-49.1463889,-25.2980555,JBRJ,BR,PreservedSpecimen
-48.7808334,-27.81,JBRJ,BR,PreservedSpecimen
-49.8591667,-28.9794445,JBRJ,BR,PreservedSpecimen
-49.3786111,-26.2505556,JBRJ,BR,PreservedSpecimen
-43.6513889,-20.3908333,JBRJ,BR,PreservedSpecimen
-52.7702777,-21.1522222,JBRJ,BR,PreservedSpecimen
-53.1383333,-22.5363889,JBRJ,BR,PreservedSpecimen
-47.0055556,-24.3538889,JBRJ,BR,PreservedSpecimen
-63.7280556,-18.195,JBRJ,,PreservedSpecimen
-67.0847222,-10.2741667,JBRJ,BR,PreservedSpecimen
-49.3208334,-28.8902777,JBRJ,BR,PreservedSpecimen
-47.8402777,-15.8872222,JBRJ,BR,PreservedSpecimen
-43.6119444,-19.3141667,JBRJ,BR,PreservedSpecimen
-49.3191667,-28.3480555,JBRJ,BR,PreservedSpecimen
-49.41,-28.17,JBRJ,BR,PreservedSpecimen
-49.0477777,-26.1925,JBRJ,BR,PreservedSpecimen
-50.1305556,-27.0002778,JBRJ,BR,PreservedSpecimen
-42.7027778,-19.7052778,JBRJ,BR,PreservedSpecimen
-48.69,-27.81,JBRJ,BR,PreservedSpecimen
-48.87,-28.08,JBRJ,BR,PreservedSpecimen
-50.0380555,-27.0922222,JBRJ,BR,PreservedSpecimen
-49.6783334,-26.9086111,JBRJ,BR,PreservedSpecimen
-56.6758334,-20.9208334,JBRJ,BR,PreservedSpecimen
-56.6313889,-21.1088889,JBRJ,BR,PreservedSpecimen
-48.9738889,-26.77,JBRJ,BR,PreservedSpecimen
-49.86,-28.89,JBRJ,BR,PreservedSpecimen
-47.8166667,-15.85,JBRJ,BR,PreservedSpecimen
-47.8863889,-15.9216667,JBRJ,BR,PreservedSpecimen
-47.6758334,-15.6477777,JBRJ,BR,PreservedSpecimen
-47.8877777,-15.7444444,JBRJ,BR,PreservedSpecimen
-47.8833333,-15.75,JBRJ,BR,PreservedSpecimen
-46.6591667,-23.4452777,JBRJ,BR,PreservedSpecimen
-46.6802778,-11.6641667,JBRJ,BR,PreservedSpecimen
-38.4416666,-12.9916666,JBRJ,BR,PreservedSpecimen
-40.8647222,-19.4566667,JBRJ,BR,PreservedSpecimen
-54.9,-22.2,JBRJ,BR,PreservedSpecimen
-54.9,-22.2,JBRJ,BR,PreservedSpecimen
-43.0280556,-22.3733334,JBRJ,BR,PreservedSpecimen
-48.8980555,-15.8519444,JBRJ,BR,PreservedSpecimen
-48.8841666,-15.8175,JBRJ,BR,PreservedSpecimen
-51.975,-27.4055556,JBRJ,BR,PreservedSpecimen
-53.2861111,-26.9966666,JBRJ,BR,PreservedSpecimen
-53.415,-27.0888889,JBRJ,BR,PreservedSpecimen
-52.0197223,-27.2716667,JBRJ,BR,PreservedSpecimen
-51.5722223,-27.0897222,JBRJ,BR,PreservedSpecimen
-51.93,-27.27,JBRJ,BR,PreservedSpecimen
-52.3794445,-27.045,JBRJ,BR,PreservedSpecimen
-52.515,-27.225,JBRJ,BR,PreservedSpecimen
-52.4697223,-27.135,JBRJ,BR,PreservedSpecimen
-53.4161111,-27.0475,JBRJ,BR,PreservedSpecimen
-43.4452777,-19.0730556,JBRJ,BR,PreservedSpecimen
-41.8186111,-13.6158333,JBRJ,BR,PreservedSpecimen
-47.4577778,-13.8227778,JBRJ,BR,PreservedSpecimen
-45.1266667,-23.4216667,JBRJ,BR,PreservedSpecimen
-46.6808,-22.6819,JBRJ,BR,PreservedSpecimen
-47.0675,-22.8633,JBRJ,BR,PreservedSpecimen
-50.06475,-20.46294,JBRJ,BR,PreservedSpecimen
-50.06475,-20.46286,JBRJ,BR,PreservedSpecimen
-40.4438889,-18.7769445,JBRJ,BR,PreservedSpecimen
-46.67591,-22.69938,JBRJ,BR,PreservedSpecimen
-67.0902777,-9.9580556,JBRJ,BR,PreservedSpecimen
-56.5588889,-21.2666667,JBRJ,BR,PreservedSpecimen
-47.85,-15.8666667,JBRJ,BR,PreservedSpecimen
-54.3072222,-21.9091667,JBRJ,BR,PreservedSpecimen
-39.06,-15.2825,JBRJ,BR,PreservedSpecimen
-46.2652778,-21.3661111,JBRJ,BR,PreservedSpecimen
-39.0177778,-14.2236111,JBRJ,BR,PreservedSpecimen
-45.04,-23.2216667,JBRJ,BR,PreservedSpecimen
-50.1855555,-16.1,JBRJ,BR,PreservedSpecimen
-43.0136111,-22.4619444,JBRJ,BR,PreservedSpecimen
-43.3316667,-22.1605556,JBRJ,BR,PreservedSpecimen
-43.0136111,-22.4619444,JBRJ,BR,PreservedSpecimen
-39.0833333,-14.0833333,JBRJ,BR,PreservedSpecimen
-39.1666667,-16.3833333,JBRJ,BR,PreservedSpecimen
-39.0833333,-15.15,JBRJ,BR,PreservedSpecimen
-44.7377777,-22.2247223,JBRJ,BR,PreservedSpecimen
-47.72083,-19.1375,JBRJ,BR,PreservedSpecimen
-41.9833333,-20.6166667,JBRJ,BR,PreservedSpecimen
-42.5738889,-19.5780556,JBRJ,BR,PreservedSpecimen
-45.6738889,-20.3597222,JBRJ,BR,PreservedSpecimen
-48.3991666,-6.0983333,JBRJ,BR,PreservedSpecimen
-39.0833333,-15.15,JBRJ,BR,PreservedSpecimen
-50.1083333,-16.0819445,JBRJ,BR,PreservedSpecimen
-49.5716667,-16.1625,JBRJ,BR,PreservedSpecimen
-47.9,-24.3666667,JBRJ,BR,PreservedSpecimen
-56.35,-14.7333333,JBRJ,BR,PreservedSpecimen
-39.0833333,-15.15,JBRJ,BR,PreservedSpecimen
-52.3333333,-15.6833333,JBRJ,BR,PreservedSpecimen
-47.9077778,-15.9122222,JBRJ,BR,PreservedSpecimen
-47.8783334,-15.9741667,JBRJ,BR,PreservedSpecimen
-40.6833333,-20.6333333,JBRJ,BR,PreservedSpecimen
-40.1352777,-14.385,JBRJ,BR,PreservedSpecimen
-75.5,-6.25,JBRJ,CO,PreservedSpecimen
-46.4666667,-23.5833333,JBRJ,BR,PreservedSpecimen
-46.4666667,-23.5833333,JBRJ,BR,PreservedSpecimen
-47.8508333,-24.8794445,JBRJ,BR,PreservedSpecimen
-49.1666667,-24.9166667,JBRJ,BR,PreservedSpecimen
-44.8527778,-23.3525,JBRJ,BR,PreservedSpecimen
-52.8952777,-22.4619444,JBRJ,BR,PreservedSpecimen
-51.5666667,-20.7833333,JBRJ,BR,PreservedSpecimen
-50.7288889,-21.2736111,JBRJ,BR,PreservedSpecimen
-48.8675,-22.6511111,JBRJ,BR,PreservedSpecimen
-48.5536111,-21.6283334,JBRJ,BR,PreservedSpecimen
-48.4786111,-24.7961111,JBRJ,BR,PreservedSpecimen
-47.9269445,-24.22,JBRJ,BR,PreservedSpecimen
-45.8333333,-3.6666667,JBRJ,BR,PreservedSpecimen
-91.2597222,16.9633333,JBRJ,MX,PreservedSpecimen
-47.9613889,-15.9147222,JBRJ,BR,PreservedSpecimen
-39.1333333,-16.3833333,JBRJ,BR,PreservedSpecimen
-44.6666667,-13.25,JBRJ,BR,PreservedSpecimen
-48.55,-14.1166667,JBRJ,BR,PreservedSpecimen
-43.4055556,-20.1030556,JBRJ,BR,PreservedSpecimen
-48.7952777,-15.9019444,JBRJ,BR,PreservedSpecimen
-49.05,-14.7333333,JBRJ,BR,PreservedSpecimen
-39.1333333,-16.3833333,JBRJ,BR,PreservedSpecimen
-60.0,-15.0,JBRJ,BR,PreservedSpecimen
-48.3,-14.0166667,JBRJ,BR,PreservedSpecimen
-49.05,-14.7333333,JBRJ,BR,PreservedSpecimen
-48.3833333,-13.95,JBRJ,BR,PreservedSpecimen
-48.8063889,-15.3627778,JBRJ,BR,PreservedSpecimen
-63.6666667,-17.4583333,JBRJ,,PreservedSpecimen
-63.1833333,3.55,JBRJ,BR,PreservedSpecimen
-48.8333333,-16.0,JBRJ,BR,PreservedSpecimen
-48.1166667,-15.55,JBRJ,BR,PreservedSpecimen
-47.8852777,-15.9447222,JBRJ,BR,PreservedSpecimen
-48.9833333,-14.65,JBRJ,BR,PreservedSpecimen
-48.0666667,-14.1333333,JBRJ,BR,PreservedSpecimen
-59.9666667,-2.8833333,JBRJ,BR,PreservedSpecimen
-49.0166667,-14.3333333,JBRJ,BR,PreservedSpecimen
-39.6666667,-16.7166667,JBRJ,BR,PreservedSpecimen
-48.0666667,-14.1333333,JBRJ,BR,PreservedSpecimen
-48.3,-14.0166667,JBRJ,BR,PreservedSpecimen
-42.4833333,-20.7166667,JBRJ,BR,PreservedSpecimen
-47.6191667,-22.6266667,JBRJ,BR,PreservedSpecimen
-55.2166667,5.85,JBRJ,SR,PreservedSpecimen
-49.3333333,-25.0,JBRJ,BR,PreservedSpecimen
-51.9333333,-23.9,JBRJ,BR,PreservedSpecimen
-42.9141667,-22.9233334,JBRJ,BR,PreservedSpecimen
-62.1,-9.18,JBRJ,BR,PreservedSpecimen
-41.0233334,-20.3888889,JBRJ,BR,PreservedSpecimen
-47.8666667,-24.6,JBRJ,BR,PreservedSpecimen
-48.4472222,-24.2708334,JBRJ,BR,PreservedSpecimen
-45.0336111,-23.2122222,JBRJ,BR,PreservedSpecimen
-48.35,-24.3,JBRJ,BR,PreservedSpecimen
-47.9647222,-22.4975,JBRJ,BR,PreservedSpecimen
-42.8577778,-22.8905555,JBRJ,BR,PreservedSpecimen
-43.0372222,-22.9213889,JBRJ,BR,PreservedSpecimen
-43.0230556,-22.9675,JBRJ,BR,PreservedSpecimen
-41.6544444,-21.7605556,JBRJ,BR,PreservedSpecimen
-49.5333333,-23.8666667,JBRJ,BR,PreservedSpecimen
-44.0472222,-19.8572222,JBRJ,BR,PreservedSpecimen
-46.3916666,-21.9563889,JBRJ,BR,PreservedSpecimen
-43.0019444,-22.8183334,JBRJ,BR,PreservedSpecimen
-47.5852777,-15.7483333,JBRJ,BR,PreservedSpecimen
-42.7538889,-22.7163889,JBRJ,BR,PreservedSpecimen
-43.0319445,-22.9186111,JBRJ,BR,PreservedSpecimen
-42.75,-22.7094444,JBRJ,BR,PreservedSpecimen
-42.5852777,-22.7216667,JBRJ,BR,PreservedSpecimen
-43.0894444,-22.9380555,JBRJ,BR,PreservedSpecimen
-61.5569444,-5.83,JBRJ,BR,PreservedSpecimen
-59.9875,-3.9269445,JBRJ,BR,PreservedSpecimen
-60.6505556,-3.1627778,JBRJ,BR,PreservedSpecimen
-88.8833333,17.9027778,CICY,MX,PreservedSpecimen
-91.5180556,16.1222222,CICY,MX,PreservedSpecimen
-96.8333333,19.9333333,CICY,MX,PreservedSpecimen
-88.6152778,17.0847222,CICY,BZ,PreservedSpecimen
-93.7733333,17.7497222,CICY,MX,PreservedSpecimen
-88.8769444,17.9388889,CICY,MX,PreservedSpecimen
-96.7972222,18.6638889,CICY,MX,PreservedSpecimen
-91.775,17.7375,CICY,MX,PreservedSpecimen
-95.18,18.5258333,CICY,MX,PreservedSpecimen
-45.0152778,-23.2283334,IF,,PreservedSpecimen
-95.075,18.575,UACh,MX,PreservedSpecimen
-91.4133333,16.9886111,UACh,MX,PreservedSpecimen
-96.3025,17.7102778,UACh,MX,PreservedSpecimen
-97.8833333,16.4083333,UACh,MX,PreservedSpecimen
-95.4930556,16.3183333,UACh,MX,PreservedSpecimen
-97.7591667,16.1786111,UACh,MX,PreservedSpecimen
-97.0083333,16.2083333,UACh,MX,PreservedSpecimen
-96.2166667,16.95,UACh,MX,PreservedSpecimen
-96.975,16.2083333,UACh,MX,PreservedSpecimen
-95.075,18.575,UACh,MX,PreservedSpecimen
-93.7022222,16.2361111,UACh,MX,PreservedSpecimen
-95.0511111,18.5919444,UACh,MX,PreservedSpecimen
-96.8,19.4166667,UACh,MX,PreservedSpecimen
-98.8841667,18.4644444,UACh,MX,PreservedSpecimen
-97.0222222,16.1555556,UACh,MX,PreservedSpecimen
-98.4847222,21.0333333,UACh,MX,PreservedSpecimen
-95.0583333,18.475,IIB-UV,MX,PreservedSpecimen
-96.8083333,19.425,IIB-UV,MX,PreservedSpecimen
-96.6583333,19.525,IIB-UV,MX,PreservedSpecimen
-99.0602777,18.3999972,CIByC-UAEM,MX,PreservedSpecimen
-74.91405556,2.346972222,Instituto Amazónico de Investigaciones Científicas - SINCHI,CO,PreservedSpecimen
-76.574861,3.614666,Asociación para el Estudio y Conservación de las Aves Acuáticas en Colombia,,HumanObservation
-76.574861,3.614666,Asociación para el Estudio y Conservación de las Aves Acuáticas en Colombia,,HumanObservation
-73.8600797,4.13088,Universidad Distrital Francisco José de Caldas (UDistrital),CO,PreservedSpecimen
-73.1113333,5.0273056,Universidad Distrital Francisco José de Caldas (UDistrital),CO,PreservedSpecimen
-73.35,5.0833333,Universidad Distrital Francisco José de Caldas (UDistrital),CO,PreservedSpecimen
-72.4850561,7.3590622,Universidad Distrital Francisco José de Caldas (UDistrital),CO,PreservedSpecimen
-73.2686111,11.1525,Universidad Distrital Francisco José de Caldas (UDistrital),CO,PreservedSpecimen
-72.7727222,6.4048056,Universidad Distrital Francisco José de Caldas (UDistrital),CO,PreservedSpecimen
-73.3166667,4.7666667,Universidad Distrital Francisco José de Caldas (UDistrital),CO,PreservedSpecimen
-75.2089722,1.9373611,Universidad Distrital Francisco José de Caldas (UDistrital),CO,PreservedSpecimen
-73.9166667,3.2833333,Universidad Distrital Francisco José de Caldas (UDistrital),CO,PreservedSpecimen
-75.5372778,1.5545833,Universidad Distrital Francisco José de Caldas (UDistrital),CO,PreservedSpecimen
-75.6566667,1.65,Universidad Distrital Francisco José de Caldas (UDistrital),CO,PreservedSpecimen
-75.6246389,1.4376389,Universidad Distrital Francisco José de Caldas (UDistrital),CO,PreservedSpecimen
-75.6971972,1.6323639,Universidad Distrital Francisco José de Caldas (UDistrital),CO,PreservedSpecimen
-72.45444,2.68667,Instituto Amazónico de Investigaciones Científicas - SINCHI,CO,PreservedSpecimen
-46.541667,-23.875,UTFPR-CP,,PreservedSpecimen
-49.678333,-26.908611,UTFPR-CP,,PreservedSpecimen
-73.1057222,7.1103139,Corporación Autónoma Regional Para la Defensa de la Meseta de Bucaramanga (CDMB),,PreservedSpecimen
-73.1057222,7.1103139,Corporación Autónoma Regional Para la Defensa de la Meseta de Bucaramanga (CDMB),,PreservedSpecimen
-70.5856,19.0258,US,,PreservedSpecimen
-71.63,18.1,US,,PreservedSpecimen
-70.1936,9.2061,US,,PreservedSpecimen
-70.6,19.08,US,,PreservedSpecimen
-83.17,22.75,US,,PreservedSpecimen
-66.0791,18.1341,US,,PreservedSpecimen
-70.2,9.2167,US,,PreservedSpecimen
-70.2,9.2167,US,,PreservedSpecimen
-70.1936,9.2061,US,,PreservedSpecimen
-159.508,21.8917,US,,PreservedSpecimen
-65.9274,-13.024,US,,PreservedSpecimen
-78.2561,21.2981,US,,PreservedSpecimen
-70.1936,9.20611,US,,PreservedSpecimen
-67.8833,-15.4833,US,,PreservedSpecimen
-72.7789,-11.8633,US,,PreservedSpecimen
-82.3869,22.97,US,,PreservedSpecimen
-70.95,19.68,US,,PreservedSpecimen
-71.0,18.28,US,,PreservedSpecimen
-70.22,9.2439,US,,PreservedSpecimen
-68.8,18.73,US,,PreservedSpecimen
-70.283,9.15116,US,,PreservedSpecimen
-72.7789,-11.8633,US,,PreservedSpecimen
-67.8833,-15.4833,US,,PreservedSpecimen
-156.092,20.8186,US,,PreservedSpecimen
-70.22,9.2439,US,,PreservedSpecimen
-77.016,38.8173,US,,PreservedSpecimen
-70.2083,9.25,US,,PreservedSpecimen
-49.3163889,-20.7080556,IF,,PreservedSpecimen
-51.8530556,-29.5177778,FUVATES,,PreservedSpecimen
-75.05,7.21667,Universidad Nacional de Colombia (UNAL),,HumanObservation
-75.7423,5.95918,Universidad Nacional de Colombia (UNAL),,HumanObservation
-75.0312,5.1327,Universidad Nacional de Colombia (UNAL),,HumanObservation
-77.335,6.40639,Universidad Nacional de Colombia (UNAL),,HumanObservation
-73.4874,4.99155,Universidad Nacional de Colombia (UNAL),,HumanObservation
-76.6472,5.72139,Universidad Nacional de Colombia (UNAL),,HumanObservation
-77.6878,2.39716,Universidad Nacional de Colombia (UNAL),,HumanObservation
-75.8235,6.55016,Universidad Nacional de Colombia (UNAL),,HumanObservation
-75.405,6.48643,Universidad Nacional de Colombia (UNAL),,HumanObservation
-75.9135,4.70611,Universidad Nacional de Colombia (UNAL),,HumanObservation
-72.4942,4.26218,Universidad Nacional de Colombia (UNAL),,HumanObservation
-76.7,4.98361,Universidad Nacional de Colombia (UNAL),,HumanObservation
-77.2781,6.09194,Universidad Nacional de Colombia (UNAL),,HumanObservation
-75.0312,5.1327,Universidad Nacional de Colombia (UNAL),,HumanObservation
-75.762,4.6737,Universidad Nacional de Colombia (UNAL),,HumanObservation
-77.0911,8.04028,Universidad Nacional de Colombia (UNAL),,HumanObservation
-73.7917,7.61962,Universidad Nacional de Colombia (UNAL),,HumanObservation
-74.0542,11.2875,Universidad Nacional de Colombia (UNAL),,HumanObservation
-77.1956,7.67611,Universidad Nacional de Colombia (UNAL),,HumanObservation
-74.3353,5.53028,Universidad Nacional de Colombia (UNAL),,HumanObservation
-76.7511,7.91448,Universidad Nacional de Colombia (UNAL),,HumanObservation
-70.2339,1.25694,Universidad Nacional de Colombia (UNAL),,HumanObservation
-75.0667,7.3,Universidad Nacional de Colombia (UNAL),,HumanObservation
-74.902,5.2049,Universidad Nacional de Colombia (UNAL),,HumanObservation
-77.1319,7.89722,Universidad Nacional de Colombia (UNAL),,HumanObservation
-73.9889,3.34583,Universidad Nacional de Colombia (UNAL),,HumanObservation
-75.6653,2.25528,Universidad Nacional de Colombia (UNAL),,HumanObservation
-76.9603,7.65333,Universidad Nacional de Colombia (UNAL),,HumanObservation
-74.3039,5.58708,Universidad Nacional de Colombia (UNAL),,HumanObservation
-74.4029,4.35344,Universidad Nacional de Colombia (UNAL),,HumanObservation
-72.0835,6.78328,Universidad Nacional de Colombia (UNAL),,HumanObservation
-77.6878,2.39716,Universidad Nacional de Colombia (UNAL),,HumanObservation
-70.2339,1.25694,Universidad Nacional de Colombia (UNAL),,HumanObservation
-77.0833,7.73333,Universidad Nacional de Colombia (UNAL),,HumanObservation
-73.8825,11.095,Universidad Nacional de Colombia (UNAL),,HumanObservation
-73.919,3.30676,Universidad Nacional de Colombia (UNAL),,HumanObservation
-48.4669444,-6.3102778,MPEG,,PreservedSpecimen
-49.8786111,-5.2488889,MPEG,,PreservedSpecimen
-49.8397222,-5.2719444,MPEG,,PreservedSpecimen
-65.2322222,-4.885,MPEG,,PreservedSpecimen
-49.84,-5.2797222,MPEG,,PreservedSpecimen
-65.2322222,-4.885,MPEG,,PreservedSpecimen
-65.2322222,-4.885,MPEG,,PreservedSpecimen
-50.1538889,-6.09,MPEG,,PreservedSpecimen
-59.9666667,-2.8833333,MPEG,,PreservedSpecimen
-79.75,9.1333333,MPEG,,PreservedSpecimen
-61.75,3.75,MPEG,,PreservedSpecimen
-71.5666667,-7.75,MPEG,,PreservedSpecimen
-76.5,4.95,MPEG,,PreservedSpecimen
-55.6666667,-5.9166667,MPEG,,PreservedSpecimen
-48.6166667,-3.4166667,MPEG,,PreservedSpecimen
-45.8333333,-3.6666667,MPEG,,PreservedSpecimen
-64.3666667,4.5,MPEG,,PreservedSpecimen
-62.1,-9.18,UEFS,,PreservedSpecimen
-50.0647222,-20.4627778,IF,,PreservedSpecimen
-46.6686111,-22.6966666,IF,,PreservedSpecimen
-45.1277778,-23.4216667,IF,,PreservedSpecimen
-40.533333,-19.95,INMA,,PreservedSpecimen
-43.965278,-19.566389,UFMG,,PreservedSpecimen
-52.6355555,-29.4291667,FUVATES,,PreservedSpecimen
-51.8586111,-29.2427777,FUVATES,,PreservedSpecimen
-54.2247223,-23.2875,IF,,PreservedSpecimen
-73.4025,11.0125,JBGP,CO,HumanObservation
-53.8563889,-25.2797223,IF,,PreservedSpecimen
-60.912778,5.051389,UFPE,,PreservedSpecimen
-46.935778,-23.230278,UNESP-RC,,PreservedSpecimen
-48.149722,-15.742222,Cenargen,,PreservedSpecimen
-50.185833,-16.099444,Cenargen,,PreservedSpecimen
-46.680277,-11.664166,Cenargen,,PreservedSpecimen
-48.407447,-13.042266,Cenargen,,PreservedSpecimen
-48.233611,-12.787777,Cenargen,,PreservedSpecimen
-47.886388,-15.905,Cenargen,,PreservedSpecimen
-47.457777,-13.822777,Cenargen,,PreservedSpecimen
-48.399166,-6.0983333,Cenargen,,PreservedSpecimen
-45.5225,-20.463611,Cenargen,,PreservedSpecimen
-46.276666,-20.335833,Cenargen,,PreservedSpecimen
-43.681388,-18.258611,Cenargen,,PreservedSpecimen
-43.765,-20.448055,Cenargen,,PreservedSpecimen
-45.5225,-20.463611,Cenargen,,PreservedSpecimen
-46.62528,-10.33194,Cenargen,,PreservedSpecimen
-46.67278,-11.66972,Cenargen,,PreservedSpecimen
-44.28722,-12.22278,Cenargen,,PreservedSpecimen
-48.01222,-15.24,Cenargen,,PreservedSpecimen
-48.55917,-16.11833,Cenargen,,PreservedSpecimen
-48.795277,-15.901944,Cenargen,,PreservedSpecimen
-48.17583,-16.24028,Cenargen,,PreservedSpecimen
-48.60333,-16.1425,Cenargen,,PreservedSpecimen
-48.14417,-16.22556,Cenargen,,PreservedSpecimen
-47.96639,-15.51306,Cenargen,,PreservedSpecimen
-47.80928,-15.803737,Cenargen,,PreservedSpecimen
-48.07611,-13.56528,Cenargen,,PreservedSpecimen
-48.399444,-7.1963888,Cenargen,,PreservedSpecimen
-47.81556,-15.81833,Cenargen,,PreservedSpecimen
-47.81556,-15.81833,Cenargen,,PreservedSpecimen
-48.21083,-13.44611,Cenargen,,PreservedSpecimen
-48.12833,-13.41139,Cenargen,,PreservedSpecimen
-48.05111,-13.49278,Cenargen,,PreservedSpecimen
-48.08056,-13.56417,Cenargen,,PreservedSpecimen
-47.898888,-15.728511,Cenargen,,PreservedSpecimen
-42.57389,-19.66139,Cenargen,,PreservedSpecimen
-57.016666,-19.86667,Cenargen,,PreservedSpecimen
-47.86361,-15.58806,Cenargen,,PreservedSpecimen
-47.85,-15.86667,Cenargen,,PreservedSpecimen
-47.829347,-15.86204,Cenargen,,PreservedSpecimen
-48.98333,-14.65,Cenargen,,PreservedSpecimen
-49.031111,-14.341944,Cenargen,,PreservedSpecimen
-48.476666,-17.777777,Cenargen,,PreservedSpecimen
-48.383333,-13.95,Cenargen,,PreservedSpecimen
-48.53333,-17.91667,Cenargen,,PreservedSpecimen
-48.5625,-14.13,Cenargen,,PreservedSpecimen
-49.05,-14.73333,Cenargen,,PreservedSpecimen
-48.3,-14.016666,Cenargen,,PreservedSpecimen
-44.43333,-13.53333,Cenargen,,PreservedSpecimen
-48.06667,-14.13333,Cenargen,,PreservedSpecimen
-48.083333,-16.0,Cenargen,,PreservedSpecimen
-63.1666667,-17.65,MO,BO,PreservedSpecimen
-86.2420277,13.795,HULE,NI,PreservedSpecimen
-86.6483055,13.6069722,HULE,NI,PreservedSpecimen
-47.4583333,-13.7975,UnB,,PreservedSpecimen
-60.009444,-3.060278,MCN,,PreservedSpecimen
-53.8936111,-25.3519444,IF,,PreservedSpecimen
-75.75,5.583333333,Universidad de Antioquia (UdeA),CO,PreservedSpecimen
-84.05277778,10.556944444444445,Universidad de Antioquia (UdeA),CR,PreservedSpecimen
-77.1416666666667,8.40916666666667,Universidad de Antioquia (UdeA),CO,PreservedSpecimen
-98.21666667,20.3,Universidad de Antioquia (UdeA),MX,PreservedSpecimen
-75.0,6.08333333333333,Universidad de Antioquia (UdeA),CO,PreservedSpecimen
-75.5772777777778,3.81016666666667,Universidad de Antioquia (UdeA),CO,PreservedSpecimen
-92.6016666666667,15.6747222222222,Universidad de Antioquia (UdeA),MX,PreservedSpecimen
-75.1325833333333,6.79905555555556,Universidad de Antioquia (UdeA),CO,PreservedSpecimen
-73.58333333,-4.48333333333333,Universidad de Antioquia (UdeA),PE,PreservedSpecimen
-67.03333333,18.2083333333333,Universidad de Antioquia (UdeA),PR,PreservedSpecimen
122.2,11.34,Universidad de Antioquia (UdeA),PH,PreservedSpecimen
-75.08333333,-7.33333333333333,Universidad de Antioquia (UdeA),PE,PreservedSpecimen
-76.13333333,-5.83333333333333,Universidad de Antioquia (UdeA),PE,PreservedSpecimen
-78.33333333,-5.3,Universidad de Antioquia (UdeA),PE,PreservedSpecimen
-100.2833333,17.2833333333333,Universidad de Antioquia (UdeA),MX,PreservedSpecimen
-78.33333333,-5.3,Universidad de Antioquia (UdeA),PE,PreservedSpecimen
-78.175,-4.49166666666667,Universidad de Antioquia (UdeA),PE,PreservedSpecimen
-78.76666667,-5.33333333333333,Universidad de Antioquia (UdeA),PE,PreservedSpecimen
-74.6588888888889,-11.1772222222222,Universidad de Antioquia (UdeA),PE,PreservedSpecimen
-66.58333333,18.0833333333333,Universidad de Antioquia (UdeA),PR,PreservedSpecimen
-71.18333333,8.45,Universidad de Antioquia (UdeA),VE,PreservedSpecimen
-78.31666667,-4.91666666666667,Universidad de Antioquia (UdeA),PE,PreservedSpecimen
-96.31666667,17.7333333333333,Universidad de Antioquia (UdeA),MX,PreservedSpecimen
-79.91666667,8.66666666666667,Universidad de Antioquia (UdeA),PA,PreservedSpecimen
-70.36666667,9.45,Universidad de Antioquia (UdeA),VE,PreservedSpecimen
-71.2,-13.1166666666667,Universidad de Antioquia (UdeA),PE,PreservedSpecimen
-55.5280555555556,-24.1336111111111,Universidad de Antioquia (UdeA),PY,PreservedSpecimen
-78.9,-5.06666666666667,Universidad de Antioquia (UdeA),PE,PreservedSpecimen
-85.63333333,13.25,Universidad de Antioquia (UdeA),NI,PreservedSpecimen
-79.1666666666667,-4.96666666666667,Universidad de Antioquia (UdeA),PE,PreservedSpecimen
-71.53333333,-11.8166666666667,Universidad de Antioquia (UdeA),PE,PreservedSpecimen
-96.06666667,16.0,Universidad de Antioquia (UdeA),MX,PreservedSpecimen
-79.75,9.13333333333333,Universidad de Antioquia (UdeA),PA,PreservedSpecimen
-79.0833333333333,-5.0,Universidad de Antioquia (UdeA),PE,PreservedSpecimen
-78.91666667,8.28333333333333,Universidad de Antioquia (UdeA),PA,PreservedSpecimen
-59.5,5.33333333333333,Universidad de Antioquia (UdeA),GY,PreservedSpecimen
-78.71666667,-5.35,Universidad de Antioquia (UdeA),PE,PreservedSpecimen
-57.53333333,-22.6166666666667,Universidad de Antioquia (UdeA),PY,PreservedSpecimen
-81.53333333,7.76666666666667,Universidad de Antioquia (UdeA),PA,PreservedSpecimen
-78.0,-5.91666666666667,Universidad de Antioquia (UdeA),PE,PreservedSpecimen
-85.71666667,15.4833333333333,Universidad de Antioquia (UdeA),HN,PreservedSpecimen
-78.2,-2.66666666666667,Universidad de Antioquia (UdeA),EC,PreservedSpecimen
-73.75,-4.91666666666667,Universidad de Antioquia (UdeA),PE,PreservedSpecimen
-78.5,-0.416666666666667,Universidad de Antioquia (UdeA),EC,PreservedSpecimen
-78.03333333,-2.06666666666667,Universidad de Antioquia (UdeA),EC,PreservedSpecimen
-77.65,-1.06666666666667,Universidad de Antioquia (UdeA),EC,PreservedSpecimen
-84.1177777777778,10.2352777777778,Universidad de Antioquia (UdeA),CR,PreservedSpecimen
-60.23333333,5.68333333333333,Universidad de Antioquia (UdeA),GY,PreservedSpecimen
-88.63333333,15.6833333333333,Universidad de Antioquia (UdeA),GT,PreservedSpecimen
-78.83333333,-1.23333333333333,Universidad de Antioquia (UdeA),EC,PreservedSpecimen
-60.03333333,4.8,Universidad de Antioquia (UdeA),GY,PreservedSpecimen
-77.65,-1.06666666666667,Universidad de Antioquia (UdeA),EC,PreservedSpecimen
-61.05,5.98333333333333,Universidad de Antioquia (UdeA),GY,PreservedSpecimen
-79.15,-0.266666666666667,Universidad de Antioquia (UdeA),EC,PreservedSpecimen
-58.55,6.33333333333333,Universidad de Antioquia (UdeA),GY,PreservedSpecimen
-78.46666667,-0.783333333333333,Universidad de Antioquia (UdeA),EC,PreservedSpecimen
-78.4619444444444,0.868611111111111,Universidad de Antioquia (UdeA),EC,PreservedSpecimen
-78.66666667,-0.166666666666667,Universidad de Antioquia (UdeA),EC,PreservedSpecimen
-78.15,-2.51666666666667,Universidad de Antioquia (UdeA),EC,PreservedSpecimen
-78.58333333,-0.333333333333333,Universidad de Antioquia (UdeA),EC,PreservedSpecimen
-79.05,0.433333333333333,Universidad de Antioquia (UdeA),EC,PreservedSpecimen
-78.96666667,-4.11666666666667,Universidad de Antioquia (UdeA),EC,PreservedSpecimen
-78.96666667,-1.08333333333333,Universidad de Antioquia (UdeA),EC,PreservedSpecimen
-79.03333333,-2.15,Universidad de Antioquia (UdeA),EC,PreservedSpecimen
-79.25,-0.0833333333333333,Universidad de Antioquia (UdeA),EC,PreservedSpecimen
-76.71666667,-2.56666666666667,Universidad de Antioquia (UdeA),EC,PreservedSpecimen
-78.58333333,0.133333333333333,Universidad de Antioquia (UdeA),EC,PreservedSpecimen
-44.48333333,-22.35,Universidad de Antioquia (UdeA),BR,PreservedSpecimen
-79.75,-3.48333333333333,Universidad de Antioquia (UdeA),EC,PreservedSpecimen
-78.33333333,-2.66666666666667,Universidad de Antioquia (UdeA),EC,PreservedSpecimen
-76.38333333,-31.5333333333333,Universidad de Antioquia (UdeA),EC,PreservedSpecimen
-80.06666667,-3.86666666666667,Universidad de Antioquia (UdeA),EC,PreservedSpecimen
-78.83333333,-0.25,Universidad de Antioquia (UdeA),EC,PreservedSpecimen
-78.16666667,-3.5,Universidad de Antioquia (UdeA),EC,PreservedSpecimen
-41.8,-13.3,Universidad de Antioquia (UdeA),BR,PreservedSpecimen
-80.2,-0.266666666666667,Universidad de Antioquia (UdeA),EC,PreservedSpecimen
-48.98333333,-14.65,Universidad de Antioquia (UdeA),BR,PreservedSpecimen
-35.5,-7.58333333333333,Universidad de Antioquia (UdeA),BR,PreservedSpecimen
-35.5,-7.58333333333333,Universidad de Antioquia (UdeA),BR,PreservedSpecimen
-48.11666667,-15.55,Universidad de Antioquia (UdeA),BR,PreservedSpecimen
-48.8063888888889,-15.3627777777778,Universidad de Antioquia (UdeA),BR,PreservedSpecimen
-78.83333333,-0.333333333333333,Universidad de Antioquia (UdeA),EC,PreservedSpecimen
-76.71666667,-2.56666666666667,Universidad de Antioquia (UdeA),EC,PreservedSpecimen
-78.5655555555555,-3.43083333333333,Universidad de Antioquia (UdeA),EC,PreservedSpecimen
-39.08333333,-15.15,Universidad de Antioquia (UdeA),BR,PreservedSpecimen
-68.1480555555556,-9.72916666666667,Universidad de Antioquia (UdeA),BR,PreservedSpecimen
-49.01666667,-14.3333333333333,Universidad de Antioquia (UdeA),BR,PreservedSpecimen
-40.5747222222222,-15.2647222222222,Universidad de Antioquia (UdeA),BR,PreservedSpecimen
-79.16666667,-2.1,Universidad de Antioquia (UdeA),EC,PreservedSpecimen
-48.53333333,-17.3333333333333,Universidad de Antioquia (UdeA),BR,PreservedSpecimen
-48.06666667,-14.1333333333333,Universidad de Antioquia (UdeA),BR,PreservedSpecimen
-59.96666667,-2.88333333333333,Universidad de Antioquia (UdeA),BR,PreservedSpecimen
-39.08333333,-15.15,Universidad de Antioquia (UdeA),BR,PreservedSpecimen
-48.06666667,-14.1333333333333,Universidad de Antioquia (UdeA),BR,PreservedSpecimen
-59.96666667,-2.88333333333333,Universidad de Antioquia (UdeA),BR,PreservedSpecimen
-44.43333333,-13.5333333333333,Universidad de Antioquia (UdeA),BR,PreservedSpecimen
-61.75,-3.75,Universidad de Antioquia (UdeA),BR,PreservedSpecimen
-68.06666667,-14.3333333333333,Universidad de Antioquia (UdeA),BO,PreservedSpecimen
-79.58333333,0.166666666666667,Universidad de Antioquia (UdeA),EC,PreservedSpecimen
-63.38333333,-17.9833333333333,Universidad de Antioquia (UdeA),BO,PreservedSpecimen
-51.7,-17.8666666666667,Universidad de Antioquia (UdeA),BR,PreservedSpecimen
-59.95,-2.36666666666667,Universidad de Antioquia (UdeA),BR,PreservedSpecimen
-59.96666667,-2.88333333333333,Universidad de Antioquia (UdeA),BR,PreservedSpecimen
-61.0480555555556,-14.7622222222222,Universidad de Antioquia (UdeA),BO,PreservedSpecimen
-63.13333333,-17.5833333333333,Universidad de Antioquia (UdeA),BO,PreservedSpecimen
-63.55,-18.1833333333333,Universidad de Antioquia (UdeA),BO,PreservedSpecimen
-63.86666667,-17.4666666666667,Universidad de Antioquia (UdeA),BO,PreservedSpecimen
-66.33333333,-14.8333333333333,Universidad de Antioquia (UdeA),BO,PreservedSpecimen
-63.65,-18.1166666666667,Universidad de Antioquia (UdeA),BO,PreservedSpecimen
-59.96666667,-2.88333333333333,Universidad de Antioquia (UdeA),BR,PreservedSpecimen
-67.51666667,-14.4666666666667,Universidad de Antioquia (UdeA),BO,PreservedSpecimen
-66.33333333,-14.8166666666667,Universidad de Antioquia (UdeA),BO,PreservedSpecimen
-63.875,-17.2916666666667,Universidad de Antioquia (UdeA),BO,PreservedSpecimen
-63.13333333,-17.5583333333333,Universidad de Antioquia (UdeA),BO,PreservedSpecimen
-62.98333333,-17.8,Universidad de Antioquia (UdeA),BO,PreservedSpecimen
-63.66666667,-14.8333333333333,Universidad de Antioquia (UdeA),BO,PreservedSpecimen
-63.55,-18.1833333333333,Universidad de Antioquia (UdeA),BO,PreservedSpecimen
-68.48333333,-14.3666666666667,Universidad de Antioquia (UdeA),BO,PreservedSpecimen
-67.55,-14.3666666666667,Universidad de Antioquia (UdeA),BO,PreservedSpecimen
-63.68333333,-17.5166666666667,Universidad de Antioquia (UdeA),BO,PreservedSpecimen
-61.4333333333333,-15.8666666666667,Universidad de Antioquia (UdeA),BO,PreservedSpecimen
-67.98333333,-13.9833333333333,Universidad de Antioquia (UdeA),BO,PreservedSpecimen
-63.5,-18.1,Universidad de Antioquia (UdeA),BO,PreservedSpecimen
-63.06666667,-17.7666666666667,Universidad de Antioquia (UdeA),BO,PreservedSpecimen
-67.33333333,-15.5,Universidad de Antioquia (UdeA),BO,PreservedSpecimen
-63.05,-18.0916666666667,Universidad de Antioquia (UdeA),BO,PreservedSpecimen
-63.2,-18.0416666666667,Universidad de Antioquia (UdeA),BO,PreservedSpecimen
-63.66666667,-17.4583333333333,Universidad de Antioquia (UdeA),BO,PreservedSpecimen
-63.53333333,-18.1666666666667,Universidad de Antioquia (UdeA),BO,PreservedSpecimen
-63.38333333,-17.9833333333333,Universidad de Antioquia (UdeA),BO,PreservedSpecimen
-67.16666667,-14.6666666666667,Universidad de Antioquia (UdeA),BO,PreservedSpecimen
-63.18333333,-17.75,Universidad de Antioquia (UdeA),BO,PreservedSpecimen
-63.71666667,-17.6333333333333,Universidad de Antioquia (UdeA),BO,PreservedSpecimen
-61.0480555555556,-14.7622222222222,Universidad de Antioquia (UdeA),BO,PreservedSpecimen
-75.13333333,6.03333333333333,Universidad de Antioquia (UdeA),CO,PreservedSpecimen
-59.53333333,-18.45,Universidad de Antioquia (UdeA),BO,PreservedSpecimen
-74.91666667,6.76666666666667,Universidad de Antioquia (UdeA),CO,PreservedSpecimen
-73.6477777777778,4.17869444444444,Universidad de Antioquia (UdeA),CO,PreservedSpecimen
-73.51666667,5.9,Universidad de Antioquia (UdeA),CO,PreservedSpecimen
-73.51666667,5.9,Universidad de Antioquia (UdeA),CO,PreservedSpecimen
-67.5,-14.6666666666667,Universidad de Antioquia (UdeA),BO,PreservedSpecimen
-75.9113888888889,6.73611111111111,Universidad de Antioquia (UdeA),CO,PreservedSpecimen
-73.51666667,5.9,Universidad de Antioquia (UdeA),CO,PreservedSpecimen
-75.55,7.9,Universidad de Antioquia (UdeA),CO,PreservedSpecimen
-75.13333333,6.03333333333333,Universidad de Antioquia (UdeA),CO,PreservedSpecimen
-75.1,6.25,Universidad de Antioquia (UdeA),CO,PreservedSpecimen
-75.7170833333333,5.67347222222222,Universidad de Antioquia (UdeA),CO,PreservedSpecimen
-74.27666667,3.18166666666667,Universidad de Antioquia (UdeA),CO,PreservedSpecimen
-74.81666667,6.16666666666667,Universidad de Antioquia (UdeA),CO,PreservedSpecimen
-76.71666667,7.61666666666667,Universidad de Antioquia (UdeA),CO,PreservedSpecimen
-73.61666667,10.5666666666667,Universidad de Antioquia (UdeA),CO,PreservedSpecimen
-75.73333333,6.4,Universidad de Antioquia (UdeA),CO,PreservedSpecimen
-75.05,7.21666666666667,Universidad de Antioquia (UdeA),CO,PreservedSpecimen
-75.05,7.21666666666667,Universidad de Antioquia (UdeA),CO,PreservedSpecimen
-77.28333333,5.31666666666667,Universidad de Antioquia (UdeA),CO,PreservedSpecimen
-75.56666667,6.25,Universidad de Antioquia (UdeA),CO,PreservedSpecimen
-75.83333333,5.83333333333333,Universidad de Antioquia (UdeA),CO,PreservedSpecimen
-75.6625,6.2325,Universidad de Antioquia (UdeA),CO,PreservedSpecimen
-72.6916666666667,2.47222222222222,Universidad de Antioquia (UdeA),CO,PreservedSpecimen
-77.28333333,5.31666666666667,Universidad de Antioquia (UdeA),CO,PreservedSpecimen
-77.08083333333333,4.598888888888888,Universidad de Antioquia (UdeA),CO,PreservedSpecimen
-73.51666667,5.9,Universidad de Antioquia (UdeA),CO,PreservedSpecimen
-75.03333333,6.3,Universidad de Antioquia (UdeA),CO,PreservedSpecimen
-75.66666667,6.01666666666667,Universidad de Antioquia (UdeA),CO,PreservedSpecimen
-74.86666667,6.2,Universidad de Antioquia (UdeA),CO,PreservedSpecimen
-75.1016666666667,6.77244444444444,Universidad de Antioquia (UdeA),CO,PreservedSpecimen
-72.73333333,2.3,Universidad de Antioquia (UdeA),CO,PreservedSpecimen
-75.7,6.41666666666667,Universidad de Antioquia (UdeA),CO,PreservedSpecimen
-75.5638888888889,6.22527777777778,Universidad de Antioquia (UdeA),CO,PreservedSpecimen
-77.3395833333333,1.69747222222222,Universidad de Antioquia (UdeA),CO,PreservedSpecimen
-75.05,7.35,Universidad de Antioquia (UdeA),CO,PreservedSpecimen
-76.03333333,5.96666666666667,Universidad de Antioquia (UdeA),CO,PreservedSpecimen
-73.51666667,5.9,Universidad de Antioquia (UdeA),CO,PreservedSpecimen
-75.53333333,6.23333333333333,Universidad de Antioquia (UdeA),CO,PreservedSpecimen
-75.16666667,6.66666666666667,Universidad de Antioquia (UdeA),CO,PreservedSpecimen
-76.0,6.73333333333333,Universidad de Antioquia (UdeA),CO,PreservedSpecimen
-76.41666667,7.03333333333333,Universidad de Antioquia (UdeA),CO,PreservedSpecimen
-76.5,3.9,Universidad de Antioquia (UdeA),CO,PreservedSpecimen
-75.61666667,6.28333333333333,Universidad de Antioquia (UdeA),CO,PreservedSpecimen
-76.16666667,5.866666667,Universidad de Antioquia (UdeA),CO,PreservedSpecimen
-76.7,3.80277777777778,Universidad de Antioquia (UdeA),CO,PreservedSpecimen
-75.83333333,6.58333333333333,Universidad de Antioquia (UdeA),CO,PreservedSpecimen
-75.13333333,6.03333333333333,Universidad de Antioquia (UdeA),CO,PreservedSpecimen
-73.25,6.86666666666667,Universidad de Antioquia (UdeA),CO,PreservedSpecimen
-76.6666666666667,3.83333333333333,Universidad de Antioquia (UdeA),CO,PreservedSpecimen
-66.6166666666667,-14.5,Universidad de Antioquia (UdeA),BO,PreservedSpecimen
-74.6666666666667,7.58333333333333,Universidad de Antioquia (UdeA),CO,PreservedSpecimen
-75.6666666666667,6.95,Universidad de Antioquia (UdeA),CO,PreservedSpecimen
-62.015,-16.1172222222222,Universidad de Antioquia (UdeA),BO,PreservedSpecimen
-76.35,6.76666666666667,Universidad de Antioquia (UdeA),CO,PreservedSpecimen
-75.05,7.21666666666667,Universidad de Antioquia (UdeA),CO,PreservedSpecimen
-63.2,-17.45,Universidad de Antioquia (UdeA),BO,PreservedSpecimen
-75.3333333333333,7.78333333333333,Universidad de Antioquia (UdeA),CO,PreservedSpecimen
-74.7,5.71666666666667,Universidad de Antioquia (UdeA),CO,PreservedSpecimen
-89.0333333333333,19.0833333333333,Universidad de Antioquia (UdeA),BZ,PreservedSpecimen
-40.65,-20.3166666666667,Universidad de Antioquia (UdeA),BR,PreservedSpecimen
-75.8,7.13333333333333,Universidad de Antioquia (UdeA),CO,PreservedSpecimen
-40.65,-20.3166666666667,Universidad de Antioquia (UdeA),BR,PreservedSpecimen
-73.8502778,-5.0608333,MO,PE,PreservedSpecimen
-78.91666,8.28333,MO,PA,PreservedSpecimen
-78.3380555,-5.0566667,MO,PE,PreservedSpecimen
-79.54166,9.45833,MO,PA,PreservedSpecimen
-82.56666,8.81666,MO,PA,PreservedSpecimen
-82.5666667,8.8,MO,PA,PreservedSpecimen
-77.28333,5.31666,MO,CO,PreservedSpecimen
-77.28333,5.31666,MO,CO,PreservedSpecimen
-85.76666,13.05,MO,NI,PreservedSpecimen
-75.7,5.71666,MO,CO,PreservedSpecimen
-74.66666,7.58333,MO,CO,PreservedSpecimen
-85.83333,12.98333,MO,NI,PreservedSpecimen
-89.7166667,13.8333333,MO,SV,PreservedSpecimen
-77.73333,8.01666,MO,PA,PreservedSpecimen
-78.16,-4.453,MO,PE,PreservedSpecimen
-61.04805,-14.76222,G,BO,PreservedSpecimen
-61.43333,-15.86666,USZ,BO,PreservedSpecimen
-61.04805,-14.76222,F,BO,PreservedSpecimen
-61.61138,-15.85638,MEXU,BO,PreservedSpecimen
-84.36666,11.06666,MO,NI,PreservedSpecimen
-84.475,11.05,MO,NI,PreservedSpecimen
-85.8666667,13.0,MO,NI,PreservedSpecimen
-78.3166667,-4.9166667,MO,PE,PreservedSpecimen
-86.33333,12.96666,MO,NI,PreservedSpecimen
-76.7275,-7.1769445,MO,PE,PreservedSpecimen
-77.7541667,-4.0233334,MO,PE,PreservedSpecimen
-77.15,-6.08333,MO,PE,PreservedSpecimen
-78.3208334,-5.1188889,MO,PE,PreservedSpecimen
-79.25,-0.08333,QCNE,EC,PreservedSpecimen
-76.25,-2.9166667,MO,PE,PreservedSpecimen
-73.83333,-4.91666,MO,PE,PreservedSpecimen
-61.16666,4.98333,MO,VE,PreservedSpecimen
-76.66666,3.83333,MO,CO,PreservedSpecimen
-86.03333,13.76666,MO,NI,PreservedSpecimen
-76.6,-2.6833333,MO,PE,PreservedSpecimen
-39.66666,-16.71666,MO,BR,PreservedSpecimen
-86.28333,12.98333,MO,NI,PreservedSpecimen
-76.13333,-5.83333,MO,PE,PreservedSpecimen
-71.25,-12.66666,MO,PE,PreservedSpecimen
-84.84166,13.725,MO,NI,PreservedSpecimen
-76.7,3.775,MO,CO,PreservedSpecimen
-73.5,-4.5,MO,PE,PreservedSpecimen
-63.53333,-18.16666,LPB,BO,PreservedSpecimen
-86.3,13.0166667,MO,NI,PreservedSpecimen
-66.15,0.83333,MO,VE,PreservedSpecimen
-74.5,-4.53333,MO,PE,PreservedSpecimen
-85.95,13.16666,MO,NI,PreservedSpecimen
-76.5,4.95,MO,CO,PreservedSpecimen
-86.35,13.31666,MO,NI,PreservedSpecimen
-85.76666,13.71666,MO,NI,PreservedSpecimen
-86.31666,13.0,MO,NI,PreservedSpecimen
-73.75,-4.83333,MO,PE,PreservedSpecimen
-70.73333,8.86666,MO,VE,PreservedSpecimen
-76.33333,5.76666,MO,CO,PreservedSpecimen
-73.58333,-4.48333,MO,PE,PreservedSpecimen
-85.63333,13.6,MO,NI,PreservedSpecimen
-73.68333,6.0,MO,CO,PreservedSpecimen
-85.61666,13.5,MO,NI,PreservedSpecimen
-76.25,4.25,MO,CO,PreservedSpecimen
-76.4,-6.48333,MO,PE,PreservedSpecimen
-76.46666,-2.8,MO,PE,PreservedSpecimen
-56.83333,-26.0,MO,PY,PreservedSpecimen
-84.3,12.16666,MO,NI,PreservedSpecimen
-84.71,10.48,MO,CR,PreservedSpecimen
-85.61666,13.5,MO,NI,PreservedSpecimen
-76.41666,-2.91666,MO,PE,PreservedSpecimen
-85.61666,13.5,MO,NI,PreservedSpecimen
-85.61666,13.5,MO,NI,PreservedSpecimen
-85.61666,13.5,MO,NI,PreservedSpecimen
-85.91666,13.03333,MO,NI,PreservedSpecimen
-84.3,12.16666,MO,NI,PreservedSpecimen
-85.61666,13.5,MO,NI,PreservedSpecimen
-75.0833333,-7.3333333,MO,PE,PreservedSpecimen
-79.68333,0.75,AAU,EC,PreservedSpecimen
-77.0,-0.48333,QCA,EC,PreservedSpecimen
-77.86666,-0.96666,AAU,EC,PreservedSpecimen
-79.03333,-2.15,AAU,EC,PreservedSpecimen
-78.91666,-0.36666,AAU,EC,PreservedSpecimen
-76.08333,-5.91666,MO,PE,PreservedSpecimen
-78.96666,-4.11666,AAU,EC,PreservedSpecimen
-78.83333,1.23333,AAU,EC,PreservedSpecimen
-78.56666,-3.61666,AAU,EC,PreservedSpecimen
-84.71666,13.76666,MO,NI,PreservedSpecimen
-76.36666,-0.53333,AAU,EC,PreservedSpecimen
-76.96666,-2.08333,AAU,EC,PreservedSpecimen
-76.71666,-2.56666,AAU,EC,PreservedSpecimen
-76.71666,-2.56666,AAU,EC,PreservedSpecimen
-76.35,-0.25,AAU,EC,PreservedSpecimen
-76.38333,-0.51666,AAU,EC,PreservedSpecimen
-84.98694,13.65194,MO,NI,PreservedSpecimen
-78.95,-0.31666,AAU,EC,PreservedSpecimen
-69.1833333,-12.6333333,MO,PE,PreservedSpecimen
-77.86666,-0.43333,AAU,EC,PreservedSpecimen
-78.7,-0.65,AAU,EC,PreservedSpecimen
-84.92805,13.745,MO,NI,PreservedSpecimen
-77.51666,-2.35,AAU,EC,PreservedSpecimen
-78.73333,0.1,AAU,EC,PreservedSpecimen
-77.03333,-1.41666,AAU,EC,PreservedSpecimen
-83.5188889,10.5838889,MO,CR,PreservedSpecimen
-85.63333,13.6,MO,NI,PreservedSpecimen
-84.81666,13.71666,MO,NI,PreservedSpecimen
-75.93333,-9.36666,MO,PE,PreservedSpecimen
-85.04416,13.62777,MO,NI,PreservedSpecimen
-71.78333,8.83333,MO,VE,PreservedSpecimen
-46.08333,-23.41666,MO,BR,PreservedSpecimen
-70.7,8.86666,MO,VE,PreservedSpecimen
-83.52,8.71,MO,CR,PreservedSpecimen
-78.1,-1.45,QCNE,EC,PreservedSpecimen
-85.4,11.03,MO,CR,PreservedSpecimen
-74.15944,-4.84138,MO,PE,PreservedSpecimen
-72.6666667,-12.7833333,MO,PE,PreservedSpecimen
-75.58333,-10.08333,MO,PE,PreservedSpecimen
-71.1916666,-12.8705556,MO,PE,PreservedSpecimen
-85.78333,13.26666,MO,NI,PreservedSpecimen
-85.86666,13.18333,MO,NI,PreservedSpecimen
-70.58333,8.51666,MO,VE,PreservedSpecimen
-85.86666,13.18333,MO,NI,PreservedSpecimen
-87.7377777,14.9586111,MO,HN,PreservedSpecimen
-87.365,14.94,MO,HN,PreservedSpecimen
-87.7769445,14.9458333,MO,HN,PreservedSpecimen
-87.365,14.94,MO,HN,PreservedSpecimen
-76.8166667,20.0666667,MO,JM,PreservedSpecimen
-87.6458333,14.7652778,MO,HN,PreservedSpecimen
-87.7377777,14.9586111,MO,HN,PreservedSpecimen
-78.66666,0.16666,MO,EC,PreservedSpecimen
-84.43333,11.76666,MO,NI,PreservedSpecimen
-84.61666,14.05,MO,NI,PreservedSpecimen
-85.65,13.58333,MO,NI,PreservedSpecimen
-75.41666,-10.66666,MO,PE,PreservedSpecimen
-85.9,13.1,MO,NI,PreservedSpecimen
-86.31666,12.96666,MO,NI,PreservedSpecimen
-86.3,13.0,MO,NI,PreservedSpecimen
-85.83333,12.96666,MO,NI,PreservedSpecimen
-86.50416,13.70833,MO,NI,PreservedSpecimen
-89.3905555,15.5244445,MO,GT,PreservedSpecimen
-78.58333,0.13333,MO,EC,PreservedSpecimen
-78.58333,0.13333,MO,EC,PreservedSpecimen
-84.9833333,13.7666667,MO,NI,PreservedSpecimen
-85.81666,13.01666,MO,NI,PreservedSpecimen
-83.7666667,12.0,MO,NI,PreservedSpecimen
-85.15,10.8,MO,CR,PreservedSpecimen
-86.3666667,12.9666667,MO,NI,PreservedSpecimen
-84.3,12.18333,MO,NI,PreservedSpecimen
-86.3333333,12.95,MO,NI,PreservedSpecimen
-69.39305,-12.68694,MO,PE,PreservedSpecimen
-74.9966666,-8.6541667,MO,PE,PreservedSpecimen
-69.28333,-12.83333,MO,PE,PreservedSpecimen
-75.3788889,-8.9283334,MO,PE,PreservedSpecimen
-75.9833333,-9.3,MO,PE,PreservedSpecimen
-86.48333,13.66666,MO,NI,PreservedSpecimen
-85.90833,12.90833,MO,NI,PreservedSpecimen
-75.41666,-9.66666,MO,PE,PreservedSpecimen
-85.73333,13.13333,MO,NI,PreservedSpecimen
-85.73333,13.13333,MO,NI,PreservedSpecimen
-66.33333,-14.81666,MO,BO,PreservedSpecimen
-86.25,13.2,MO,NI,PreservedSpecimen
-76.43333,6.35,MO,CO,PreservedSpecimen
-76.43333,6.35,MO,CO,PreservedSpecimen
-77.3666667,4.95,MO,CO,PreservedSpecimen
-85.6166667,11.55,MO,NI,PreservedSpecimen
-86.05,13.73333,MO,NI,PreservedSpecimen
-85.4,13.25,MO,NI,PreservedSpecimen
-86.48333,13.01666,MO,NI,PreservedSpecimen
-80.4380555,-3.695,MO,PE,PreservedSpecimen
-80.4380555,-3.695,MO,PE,PreservedSpecimen
-85.4,13.25,MO,NI,PreservedSpecimen
-85.9,12.9,MO,NI,PreservedSpecimen
-77.013889,4.428056,MO,CO,PreservedSpecimen
-84.6333333,13.8166667,MO,NI,PreservedSpecimen
-86.0,13.71666,MO,NI,PreservedSpecimen
-85.7166667,12.5166667,MO,NI,PreservedSpecimen
-85.6833333,13.2,MO,NI,PreservedSpecimen
-85.18333,13.56666,MO,NI,PreservedSpecimen
-76.4986111,-10.5166667,MO,PE,PreservedSpecimen
-79.1,9.4,MO,PA,PreservedSpecimen
-65.71666,18.33333,MO,PR,PreservedSpecimen
-67.51666,-15.15,MO,BO,PreservedSpecimen
-65.83333,18.33333,MO,PR,PreservedSpecimen
-84.28333,12.15,MO,NI,PreservedSpecimen
-78.95,9.2666667,MO,PA,PreservedSpecimen
-79.75,9.13333,MO,PA,PreservedSpecimen
-86.38333,13.03333,MO,NI,PreservedSpecimen
-75.865556,4.421111,MO,CO,PreservedSpecimen
-72.714,11.487,MO,CO,PreservedSpecimen
-79.7,-1.2666667,SEL,EC,PreservedSpecimen
-79.7,-1.26666,SEL,EC,PreservedSpecimen
-75.23333,-10.2,MO,PE,PreservedSpecimen
-100.1997222,17.3833333,MO,MX,PreservedSpecimen
-78.65,-4.26666,MO,EC,PreservedSpecimen
-78.56666,-3.45,MO,EC,PreservedSpecimen
-92.1,16.86,MO,MX,PreservedSpecimen
-96.31,17.73,MO,MX,PreservedSpecimen
-75.33333,7.78333,MO,CO,PreservedSpecimen
-76.35,6.76666,MO,CO,PreservedSpecimen
-84.36666,11.58333,MO,NI,PreservedSpecimen
-76.03333,5.96666,MO,CO,PreservedSpecimen
-85.7166667,15.4833333,MO,HN,PreservedSpecimen
-78.38333,-1.4,MO,EC,PreservedSpecimen
-75.66666,6.95,MO,CO,PreservedSpecimen
-85.83333,12.96666,MO,NI,PreservedSpecimen
-75.7,6.41666,MO,CO,PreservedSpecimen
-83.38333,14.03333,MO,NI,PreservedSpecimen
-86.68333,13.73333,MO,NI,PreservedSpecimen
-86.2166667,14.95,MO,HN,PreservedSpecimen
-78.33333,-2.66666,MO,EC,PreservedSpecimen
-79.58333,0.16666,MO,EC,PreservedSpecimen
-78.5,0.08333,AAU,EC,PreservedSpecimen
-77.66666,-3.83333,MO,PE,PreservedSpecimen
-77.66666,-3.83333,MO,PE,PreservedSpecimen
-74.81666,6.16666,MO,CO,PreservedSpecimen
-79.16666,-6.0,MO,PE,PreservedSpecimen
-85.9333333,11.8333333,MO,NI,PreservedSpecimen
-83.5777778,10.4444444,MO,CR,PreservedSpecimen
-83.5,10.53,MO,CR,PreservedSpecimen
-85.6333333,13.2333333,MO,NI,PreservedSpecimen
-85.83333,12.9,MO,NI,PreservedSpecimen
-84.3,12.16666,MO,NI,PreservedSpecimen
-85.42,10.99,MO,CR,PreservedSpecimen
-74.8666667,6.2,MO,CO,PreservedSpecimen
-76.0,6.7333333,MO,CO,PreservedSpecimen
-78.9291667,-7.4247223,MO,PE,PreservedSpecimen
-85.38333,13.18333,MO,NI,PreservedSpecimen
-75.05,7.35,MO,CO,PreservedSpecimen
-82.51833,8.84333,MO,PA,PreservedSpecimen
-73.2591667,-3.6794445,MO,PE,PreservedSpecimen
-86.85,15.7,MO,HN,PreservedSpecimen
-78.58333,0.33333,MO,EC,PreservedSpecimen
-78.13333,0.83333,MO,EC,PreservedSpecimen
-67.16666,-14.66666,LPB,BO,PreservedSpecimen
-85.81666,12.98333,MO,NI,PreservedSpecimen
-68.0666667,-14.3333333,F,BO,PreservedSpecimen
-85.78333,13.01666,MO,NI,PreservedSpecimen
-70.81666,19.06666,MO,DO,PreservedSpecimen
-79.18333,-0.91666,AAU,EC,PreservedSpecimen
-56.06666,-22.63333,MO,PY,PreservedSpecimen
-57.53333,-22.61666,MO,PY,PreservedSpecimen
-75.0333333,6.3,COL,CO,PreservedSpecimen
-85.50166,11.4625,MO,NI,PreservedSpecimen
-79.16666,-6.0,MO,PE,PreservedSpecimen
-66.001667,-16.119444,USZ,BO,PreservedSpecimen
-85.75,13.5,MO,NI,PreservedSpecimen
-76.18333,-9.28333,MO,PE,PreservedSpecimen
-78.5,-0.41666,MO,EC,PreservedSpecimen
-86.4833333,13.2,MO,NI,PreservedSpecimen
-78.83333,-0.25,MO,EC,PreservedSpecimen
-79.11666,-1.11666,MO,EC,PreservedSpecimen
-84.8166667,13.7166667,MO,NI,PreservedSpecimen
-79.05,0.43333,MO,EC,PreservedSpecimen
-85.96666,11.81666,MO,NI,PreservedSpecimen
-66.1333333,0.8166667,MO,VE,PreservedSpecimen
-78.83333,-0.33333,MO,EC,PreservedSpecimen
-78.0058333,-5.9188889,MO,PE,PreservedSpecimen
-85.91666,13.03333,MO,NI,PreservedSpecimen
-86.33333,12.95,MO,NI,PreservedSpecimen
-75.9736111,-9.4022222,MO,PE,PreservedSpecimen
-85.3666667,13.25,MO,NI,PreservedSpecimen
-85.83333,13.01666,MO,NI,PreservedSpecimen
-78.0,-5.91666,MO,PE,PreservedSpecimen
-77.9333333,-1.7,MO,EC,PreservedSpecimen
-78.58333,0.91666,MO,EC,PreservedSpecimen
-73.33333,-4.16666,MO,PE,PreservedSpecimen
-76.0808334,6.5988889,MO,CO,PreservedSpecimen
-101.2666667,17.5333333,GBH,MX,PreservedSpecimen
-100.42,18.77,GBH,MX,PreservedSpecimen
-100.3666667,17.3833333,GBH,MX,PreservedSpecimen
-100.6333333,17.5333333,GBH,MX,PreservedSpecimen
-85.4302778,14.1,HULE,NI,PreservedSpecimen
-85.3208334,14.2302778,HULE,NI,PreservedSpecimen
-86.2402777,13.4344444,HULE,NI,PreservedSpecimen
-85.3208334,14.2302778,HULE,NI,PreservedSpecimen
-85.3208334,14.2302778,HULE,NI,PreservedSpecimen
-85.3208334,14.2302778,HULE,NI,PreservedSpecimen
-85.4302778,14.1,HULE,NI,PreservedSpecimen
-86.2311111,13.4344444,HULE,NI,PreservedSpecimen
-85.3208334,14.2302778,HULE,NI,PreservedSpecimen
-85.3208334,14.2302778,HULE,NI,PreservedSpecimen
-86.2616667,13.3852777,HULE,NI,PreservedSpecimen
-86.2616667,13.3852777,HULE,NI,PreservedSpecimen
-86.2833333,12.0166667,A,NI,PreservedSpecimen
-64.51,-17.41722,USZ,BO,PreservedSpecimen
-78.4308334,-3.5691667,QCNE,EC,PreservedSpecimen
-96.3097222,17.7180556,MO,MX,PreservedSpecimen
-65.95,-16.38333,BOLV,BO,PreservedSpecimen
-91.21583,15.83805,MO,GT,PreservedSpecimen
-70.01666,9.25,MO,VE,PreservedSpecimen
-89.3458333,15.5297223,MO,GT,PreservedSpecimen
-63.4211111,-17.6861111,USZ,BO,PreservedSpecimen
-70.22,9.24388,MO,VE,PreservedSpecimen
-68.33333,-10.75,MO,BR,PreservedSpecimen
-69.17638,-10.95694,MO,BR,PreservedSpecimen
-49.57166,-16.1625,MO,BR,PreservedSpecimen
-64.70972,-17.82361,BOLV,BO,PreservedSpecimen
-65.49861,-17.09416,BOLV,BO,PreservedSpecimen
-65.49333,-17.08861,BOLV,BO,PreservedSpecimen
-84.2802778,11.1008333,HULE,NI,PreservedSpecimen
-84.3511111,11.1208334,HULE,NI,PreservedSpecimen
-84.00361,10.43138,DUKE,CR,PreservedSpecimen
-84.00361,10.43138,DUKE,CR,PreservedSpecimen
-68.9277778,-14.5972222,LPB,BO,PreservedSpecimen
-68.9277778,-14.5972222,LPB,BO,PreservedSpecimen
-84.35111,11.12083,HULE,NI,PreservedSpecimen
-63.66666,-17.45,A,BO,PreservedSpecimen
-67.01,-14.04,GH,BO,PreservedSpecimen
-84.35111,11.12083,HULE,NI,PreservedSpecimen
-84.3758334,11.0591667,HULE,NI,PreservedSpecimen
-84.3758334,11.0591667,HULE,NI,PreservedSpecimen
-84.3511111,11.1208334,HULE,NI,PreservedSpecimen
-84.49472,11.04861,HULE,NI,PreservedSpecimen
-84.4947222,11.0486111,HULE,NI,PreservedSpecimen
-84.34888,11.06638,HULE,NI,PreservedSpecimen
-84.27833,11.16138,HULE,NI,PreservedSpecimen
-67.75,-16.16666,GH,BO,PreservedSpecimen
-75.685,6.10138,MO,CO,PreservedSpecimen
-92.6725,15.64,MO,MX,PreservedSpecimen
-93.4586111,16.1013889,MO,MX,PreservedSpecimen
-84.00361,10.43138,DUKE,CR,PreservedSpecimen
-86.75,15.73333,MO,HN,PreservedSpecimen
-89.05,15.71666,MO,GT,PreservedSpecimen
-60.28333,4.8,MO,GY,PreservedSpecimen
-66.6166667,-14.5,LPB,BO,PreservedSpecimen
-66.61666,-14.5,MO,BO,PreservedSpecimen
-67.88333,-15.48333,GH,BO,PreservedSpecimen
-74.09996,6.51669,MO,CO,PreservedSpecimen
-64.85,-23.75,MO,AR,PreservedSpecimen
-66.15,0.83333,MO,VE,PreservedSpecimen
-62.50694,-16.39666,MO,BO,PreservedSpecimen
-77.154696,7.843486,MO,CO,PreservedSpecimen
-62.81361,10.725,MO,VE,PreservedSpecimen
-79.03333,0.08333,MO,EC,PreservedSpecimen
-70.36666,9.45,MO,VE,PreservedSpecimen
-69.51666,9.68333,MO,VE,PreservedSpecimen
-68.55138,10.20138,MO,VE,PreservedSpecimen
-72.49166,10.86944,MO,VE,PreservedSpecimen
-63.53333,-18.16666,MO,BO,PreservedSpecimen
-67.68333,10.35,MO,VE,PreservedSpecimen
-59.41666,3.06666,MO,GY,PreservedSpecimen
-66.6333333,10.2166667,MO,VE,PreservedSpecimen
-70.2,9.21666,MO,VE,PreservedSpecimen
-67.51666,-14.46666,MO,BO,PreservedSpecimen
-57.95,5.71666,MO,GY,PreservedSpecimen
-69.88333,9.11666,MO,VE,PreservedSpecimen
-76.618,-0.415,MO,EC,PreservedSpecimen
-63.19,-15.89,MO,BO,PreservedSpecimen
-49.0007,-25.0005333,MO,BR,PreservedSpecimen
-72.45,7.61666,MO,VE,PreservedSpecimen
-76.618,-0.415,MO,EC,PreservedSpecimen
-63.18333,3.55,MO,BR,PreservedSpecimen
-66.58055,10.625,MO,VE,PreservedSpecimen
-76.5,-8.18333,MO,PE,PreservedSpecimen
-78.95,-0.316,MO,EC,PreservedSpecimen
-75.05,7.21666,MO,CO,PreservedSpecimen
-75.56666,7.8,MO,CO,PreservedSpecimen
-79.03333,0.08333,MO,EC,PreservedSpecimen
-77.41666,6.08333,MO,CO,PreservedSpecimen
-76.66222,5.69472,MO,CO,PreservedSpecimen
-79.7,-1.26666,MO,EC,PreservedSpecimen
-72.05111,7.52555,MO,VE,PreservedSpecimen
-61.75,3.75,MO,BR,PreservedSpecimen
-74.26666,3.16666,MO,CO,PreservedSpecimen
-72.66666,10.79305,MO,VE,PreservedSpecimen
-66.15,0.83333,MO,VE,PreservedSpecimen
-63.52111,-18.17222,MO,BO,PreservedSpecimen
-59.9,-2.41666,MO,BR,PreservedSpecimen
-59.8,4.7,MO,GY,PreservedSpecimen
-75.5,5.5,COL,CO,PreservedSpecimen
-73.61666,10.56666,MO,CO,PreservedSpecimen
-59.15,2.81666,MO,GY,PreservedSpecimen
-78.46666,0.83333,MO,EC,PreservedSpecimen
-71.65,7.98333,MO,VE,PreservedSpecimen
-60.23333,5.68333,MO,GY,PreservedSpecimen
-52.3,4.9,MO,GF,PreservedSpecimen
-67.0,1.93333,MO,VE,PreservedSpecimen
-72.46666,10.9,MO,VE,PreservedSpecimen
-69.28333,-12.83333,MO,PE,PreservedSpecimen
-77.1833333,7.8333333,MO,CO,PreservedSpecimen
-72.33333,10.775,MO,VE,PreservedSpecimen
-72.08333,7.96666,MO,VE,PreservedSpecimen
-66.91666,1.83333,MO,VE,PreservedSpecimen
-67.66944,10.35166,MO,VE,PreservedSpecimen
-71.51583,-8.53666,MO,BR,PreservedSpecimen
-75.56666,7.8,MO,CO,PreservedSpecimen
-72.91666,9.6,MO,VE,PreservedSpecimen
-60.03333,4.8,MO,GY,PreservedSpecimen
-72.66666,9.01666,MO,VE,PreservedSpecimen
-77.178899,7.748741,MO,CO,PreservedSpecimen
-76.73333,5.0,MO,CO,PreservedSpecimen
-61.55,4.66666,MO,VE,PreservedSpecimen
-61.81333,-16.76861,MO,BO,PreservedSpecimen
-61.05,4.75,MO,VE,PreservedSpecimen
-68.49222,10.27111,MO,VE,PreservedSpecimen
-76.66222,5.69472,MO,CO,PreservedSpecimen
-77.102806,8.036748,MO,CO,PreservedSpecimen
-79.03333,0.08333,MO,EC,PreservedSpecimen
-76.282103,4.889107,MO,CO,PreservedSpecimen
-66.825,10.425,MO,VE,PreservedSpecimen
-72.77888,-11.86333,MO,PE,PreservedSpecimen
-79.03333,0.08333,MO,EC,PreservedSpecimen
-86.2833333,12.0083333,US,NI,PreservedSpecimen
-84.2802778,11.1008333,HULE,NI,PreservedSpecimen
-84.45472,11.055,HULE,NI,PreservedSpecimen
-84.3758334,11.0591667,HULE,NI,PreservedSpecimen
-75.3663889,-0.9211111,QCNE,EC,PreservedSpecimen
-75.8586111,-0.6244445,QCNE,EC,PreservedSpecimen
-76.0769445,-0.4947222,QCNE,EC,PreservedSpecimen
-66.09222,18.19138,MO,PR,PreservedSpecimen
-76.4652778,-0.6075,QCNE,EC,PreservedSpecimen
-76.4652778,-0.6075,QCNE,EC,PreservedSpecimen
-84.00361,10.43138,DUKE,CR,PreservedSpecimen
-84.00361,10.43138,DUKE,CR,PreservedSpecimen
-85.7833333,13.075,F,NI,PreservedSpecimen
-84.2,12.1833333,MICH,NI,PreservedSpecimen
-84.45,11.5666667,F,NI,PreservedSpecimen
-84.00361,10.43138,DUKE,CR,PreservedSpecimen
-84.00361,10.43138,DUKE,CR,PreservedSpecimen
-84.00361,10.43138,DUKE,CR,PreservedSpecimen
-84.00361,10.43138,DUKE,CR,PreservedSpecimen
-84.00361,10.43138,DUKE,CR,PreservedSpecimen
-93.54388,16.24083,MO,MX,PreservedSpecimen
-93.55555,16.22361,MO,MX,PreservedSpecimen
-84.00361,10.43138,DUKE,CR,PreservedSpecimen
-84.00361,10.43138,DUKE,CR,PreservedSpecimen
-84.00361,10.43138,DUKE,CR,PreservedSpecimen
-75.8586111,-0.6244445,QCNE,EC,PreservedSpecimen
-84.00361,10.43138,DUKE,CR,PreservedSpecimen
-84.00361,10.43138,DUKE,CR,PreservedSpecimen
-84.00361,10.43138,DUKE,CR,PreservedSpecimen
-84.00361,10.43138,DUKE,CR,PreservedSpecimen
-84.00361,10.43138,DUKE,CR,PreservedSpecimen
-90.0116667,14.9144444,MO,GT,PreservedSpecimen
-84.00361,10.43138,DUKE,CR,PreservedSpecimen
-84.00361,10.43138,DUKE,CR,PreservedSpecimen
-84.00361,10.43138,DUKE,CR,PreservedSpecimen
-90.97361,16.89777,MO,MX,PreservedSpecimen
-83.9961111,9.4513889,MO,CR,PreservedSpecimen
-74.91666,6.76666,HUA,CO,PreservedSpecimen
-78.2,-1.4,QCNE,EC,PreservedSpecimen
-78.95,-1.96666,CHEP,EC,PreservedSpecimen
-76.99277,-6.02555,MO,PE,PreservedSpecimen
-84.00361,10.43138,DUKE,CR,PreservedSpecimen
-84.00361,10.43138,DUKE,CR,PreservedSpecimen
-84.00361,10.43138,DUKE,CR,PreservedSpecimen
-84.00361,10.43138,DUKE,CR,PreservedSpecimen
-84.00361,10.43138,DUKE,CR,PreservedSpecimen
-78.83333,-0.26666,AAU,EC,PreservedSpecimen
-78.7333,-0.25,AAU,EC,PreservedSpecimen
-78.45,0.83333,AAU,EC,PreservedSpecimen
-54.41666,-25.91666,LIL,AR,PreservedSpecimen
-65.46333,-17.07055,BOLV,BO,PreservedSpecimen
-65.61361,-17.13888,BOLV,BO,PreservedSpecimen
-65.46333,-17.07055,MO,BO,PreservedSpecimen
-64.70888,-17.82361,BOLV,BO,PreservedSpecimen
-64.68194,-17.68138,BOLV,BO,PreservedSpecimen
-64.68194,-17.68138,BOLV,BO,PreservedSpecimen
-76.5166667,-0.4333333,QCNE,EC,PreservedSpecimen
-76.55,-0.3666667,QCNE,EC,PreservedSpecimen
-77.75,-0.95,QCNE,EC,PreservedSpecimen
-76.5522222,-0.3672223,QCNE,EC,PreservedSpecimen
-67.5363889,-14.4388889,LPB,BO,PreservedSpecimen
-68.0833333,-14.2333333,LPB,BO,PreservedSpecimen
-67.5363889,-14.4388889,LPB,BO,PreservedSpecimen
-67.9130556,-14.4230556,LPB,BO,PreservedSpecimen
-67.9066667,-14.4169445,LPB,BO,PreservedSpecimen
-70.31666,19.05,MO,JM,PreservedSpecimen
-68.8,18.7333333,MO,JM,PreservedSpecimen
-71.18333,17.98333,MO,JM,PreservedSpecimen
-70.45,18.51666,MO,JM,PreservedSpecimen
-69.25,19.2833333,MO,JM,PreservedSpecimen
-70.46666,19.73333,MO,JM,PreservedSpecimen
-71.3,19.25,MO,JM,PreservedSpecimen
-70.18333,18.75,MO,JM,PreservedSpecimen
-69.96666,18.48333,MO,DO,PreservedSpecimen
-65.71666,18.33333,MO,PR,PreservedSpecimen
-70.55,19.0166,MO,JM,PreservedSpecimen
-70.3,18.56666,MO,JM,PreservedSpecimen
-70.6,19.08333,MO,JM,PreservedSpecimen
-70.08333,18.58333,MO,DO,PreservedSpecimen
-77.96666,21.91666,MO,JM,PreservedSpecimen
-77.85,18.29,MO,JM,PreservedSpecimen
-72.33333,18.5,MO,HT,PreservedSpecimen
-65.83333,18.33333,MO,PR,PreservedSpecimen
-70.75,19.58333,MO,JM,PreservedSpecimen
-69.85,18.48333,MO,DO,PreservedSpecimen
-70.48333,18.46666,MO,DO,PreservedSpecimen
-69.58333,18.83333,MO,JM,PreservedSpecimen
-75.5,20.15,MO,CU,PreservedSpecimen
-67.03333,18.20833,MO,JM,PreservedSpecimen
-70.5628,19.56748,MO,JM,PreservedSpecimen
-71.65,18.0833333,MO,JM,PreservedSpecimen
-83.7166667,22.6166667,MO,JM,PreservedSpecimen
-71.28333,19.23333,MO,JM,PreservedSpecimen
-77.08333,18.2166,MO,JM,PreservedSpecimen
-70.33333,19.33333,MO,JM,PreservedSpecimen
-69.66666,19.28333,MO,JM,PreservedSpecimen
-70.21666,18.6,MO,JM,PreservedSpecimen
-84.00361,10.43138,DUKE,CR,PreservedSpecimen
-84.00361,10.43138,DUKE,CR,PreservedSpecimen
-84.00361,10.43138,DUKE,CR,PreservedSpecimen
-84.00361,10.43138,DUKE,CR,PreservedSpecimen
-84.00361,10.43138,DUKE,CR,PreservedSpecimen
-63.01722,-15.50027,USZ,BO,PreservedSpecimen
-67.75,-15.55,MO,BO,PreservedSpecimen
-84.00361,10.43138,DUKE,CR,PreservedSpecimen
-84.00361,10.43138,DUKE,CR,PreservedSpecimen
-84.00361,10.43138,DUKE,CR,PreservedSpecimen
-84.00361,10.43138,DUKE,CR,PreservedSpecimen
-84.00361,10.43138,DUKE,CR,PreservedSpecimen
-84.00361,10.43138,DUKE,CR,PreservedSpecimen
-64.70972,-17.82361,BOLV,BO,PreservedSpecimen
-95.9972222,15.8472222,MO,MX,PreservedSpecimen
-100.1994444,17.3844444,MO,MX,PreservedSpecimen
-104.9666667,21.5,MO,MX,PreservedSpecimen
-96.3,17.68333,MO,MX,PreservedSpecimen
-104.9222223,21.4986111,MO,MX,PreservedSpecimen
-96.28333,17.68333,MO,MX,PreservedSpecimen
-96.3,17.68333,MO,MX,PreservedSpecimen
-97.8773139,17.0539444,MO,MX,PreservedSpecimen
-96.9,17.73333,MO,MX,PreservedSpecimen
-104.9333333,21.3833333,MO,MX,PreservedSpecimen
-79.41638,9.16666,MO,PA,PreservedSpecimen
-97.1544444,16.2580556,MO,MX,PreservedSpecimen
-97.06,18.87,MO,MX,PreservedSpecimen
-97.58333,21.06666,MO,MX,PreservedSpecimen
-97.0708334,16.1541667,MO,MX,PreservedSpecimen
-104.6166667,22.25,MO,MX,PreservedSpecimen
-100.1741667,18.1536111,MO,MX,PreservedSpecimen
-105.00222,21.51305,MO,MX,PreservedSpecimen
-95.06666,18.56666,MO,MX,PreservedSpecimen
-101.25,17.9666667,MO,MX,PreservedSpecimen
-96.17,17.94,MO,MX,PreservedSpecimen
-104.8763889,19.3430555,MSC,MX,PreservedSpecimen
-95.9983333,15.8463889,MO,MX,PreservedSpecimen
-96.6675,18.4605556,MO,MX,PreservedSpecimen
-95.91666,16.23333,MO,MX,PreservedSpecimen
-96.75,19.16,MO,MX,PreservedSpecimen
-96.75,19.16,MO,MX,PreservedSpecimen
-84.71666,14.1,MO,NI,PreservedSpecimen
-84.71666,14.1,MO,NI,PreservedSpecimen
-84.00361,10.43138,DUKE,CR,PreservedSpecimen
-86.28916,13.22833,MO,NI,PreservedSpecimen
-86.28333,13.21666,MO,NI,PreservedSpecimen
-84.00361,10.43138,DUKE,CR,PreservedSpecimen
-88.86666,14.13333,MO,SV,PreservedSpecimen
-88.98333,16.7,MO,BZ,PreservedSpecimen
-89.35,14.41666,MO,SV,PreservedSpecimen
-89.41666,14.08333,MO,SV,PreservedSpecimen
-88.95,16.23333,MO,BZ,PreservedSpecimen
-88.8333333,16.0833333,MO,BZ,PreservedSpecimen
-88.93333,16.16666,MO,BZ,PreservedSpecimen
-84.00361,10.43138,DUKE,CR,PreservedSpecimen
-89.06666,17.1,MO,BZ,PreservedSpecimen
-88.91666,17.35,MO,BZ,PreservedSpecimen
-92.8047222,15.6838889,MO,MX,PreservedSpecimen
-94.9027778,17.0966666,MO,MX,PreservedSpecimen
-84.00361,10.43138,DUKE,CR,PreservedSpecimen
-84.00361,10.43138,DUKE,CR,PreservedSpecimen
-84.00361,10.43138,DUKE,CR,PreservedSpecimen
-84.00361,10.43138,DUKE,CR,PreservedSpecimen
-84.0036111,10.4313889,DUKE,CR,PreservedSpecimen
-67.0,1.95,MO,VE,PreservedSpecimen
-67.06666,1.91666,MO,VE,PreservedSpecimen
-68.6827778,-14.6155556,LPB,BO,PreservedSpecimen
-62.91666,-15.78333,U,BO,PreservedSpecimen
-69.6,-13.1333333,MOL,PE,PreservedSpecimen
-67.03333,1.93333,MO,VE,PreservedSpecimen
-70.6666667,10.4166667,MO,VE,PreservedSpecimen
-69.1166667,10.8333333,MO,VE,PreservedSpecimen
-63.64722,-18.12138,USZ,BO,PreservedSpecimen
-61.76888,-13.63138,USZ,BO,PreservedSpecimen
-84.7302778,14.1163889,MO,NI,PreservedSpecimen
-69.5833333,9.6833333,MO,VE,PreservedSpecimen
-76.5338889,7.2483333,MO,CO,PreservedSpecimen
-67.94277,-14.21111,LPB,BO,PreservedSpecimen
-68.15,-13.75,LPB,BO,PreservedSpecimen
-67.9805556,-14.3469444,BOLV,BO,PreservedSpecimen
-67.55,-14.36666,MO,BO,PreservedSpecimen
-64.31666,10.01666,MO,VE,PreservedSpecimen
-76.56611,5.26638,MO,CO,PreservedSpecimen
-72.81666,9.81666,MO,VE,PreservedSpecimen
-75.9,7.4,MO,CO,PreservedSpecimen
-78.2166667,-1.45,QCNE,EC,PreservedSpecimen
-71.91833,7.28861,MO,VE,PreservedSpecimen
-79.4202778,9.1702778,MO,PA,PreservedSpecimen
-77.0833333,0.0833333,MO,EC,PreservedSpecimen
-79.36,-0.007,MO,EC,PreservedSpecimen
-77.6666667,7.75,MO,PA,PreservedSpecimen
-88.7730556,17.2097222,MO,BZ,PreservedSpecimen
-83.4075,9.1661111,MO,CR,PreservedSpecimen
-84.97,10.55,MO,CR,PreservedSpecimen
-83.58,10.45,MO,CR,PreservedSpecimen
-77.40777,6.21916,MO,CO,PreservedSpecimen
-88.9927777,15.6511111,MO,GT,PreservedSpecimen
-82.87,9.59,MO,CR,PreservedSpecimen
-75.18333,6.06666,MO,CO,PreservedSpecimen
-78.90416,-4.99027,MO,PE,PreservedSpecimen
-78.33861,-5.05916,MO,PE,PreservedSpecimen
-78.05,7.4166667,MO,PA,PreservedSpecimen
-78.9319445,9.2819445,MO,PA,PreservedSpecimen
-82.4194445,9.2944444,MO,PA,PreservedSpecimen
-78.05,7.41666,MO,PA,PreservedSpecimen
-78.95,9.26666,MO,PA,PreservedSpecimen
-82.11666,8.95,MO,PA,PreservedSpecimen
-78.05,7.45,MO,PA,PreservedSpecimen
-79.9,8.68333,MO,PA,PreservedSpecimen
-88.2005556,17.5144444,MO,BZ,PreservedSpecimen
-77.5333333,8.5333333,MO,PA,PreservedSpecimen
-81.21194,8.33305,MO,PA,PreservedSpecimen
-79.8691667,9.3538889,MO,PA,PreservedSpecimen
-82.28333,9.4,MO,PA,PreservedSpecimen
-82.63333,8.6,MO,PA,PreservedSpecimen
-81.385,8.21805,MO,PA,PreservedSpecimen
-82.9,8.2833333,MO,PA,PreservedSpecimen
-78.05,7.41666,MO,PA,PreservedSpecimen
-79.92333,9.27055,MO,PA,PreservedSpecimen
-78.05,7.41666,MO,PA,PreservedSpecimen
-82.5,8.45,MO,PA,PreservedSpecimen
-77.55,7.95,MO,PA,PreservedSpecimen
-81.5,8.2,MO,PA,PreservedSpecimen
-79.53333,8.95,MO,PA,PreservedSpecimen
-80.9816667,8.1030556,MO,PA,PreservedSpecimen
-78.9375,9.2958333,MO,PA,PreservedSpecimen
-82.4233334,8.7833333,MO,PA,PreservedSpecimen
-82.92166,8.27333,MO,PA,PreservedSpecimen
-79.68333,9.5,MO,PA,PreservedSpecimen
-79.61666,9.1,MO,PA,PreservedSpecimen
-79.55,9.4166667,MO,PA,PreservedSpecimen
-79.97055,9.215,MO,PA,PreservedSpecimen
-81.0722223,8.5083333,MO,PA,PreservedSpecimen
-80.75,7.87416,MO,PA,PreservedSpecimen
-79.9233334,9.2705556,MO,PA,PreservedSpecimen
-82.6666667,8.25,MO,PA,PreservedSpecimen
-79.61555,9.08388,MO,PA,PreservedSpecimen
-79.3138889,9.275,MO,PA,PreservedSpecimen
-79.78611,9.20027,MO,PA,PreservedSpecimen
-78.92916,9.26694,MO,PA,PreservedSpecimen
-81.6938889,7.5044444,MO,PA,PreservedSpecimen
-80.07194,8.46166,MO,PA,PreservedSpecimen
-77.6166667,8.4666667,MO,PA,PreservedSpecimen
-80.11666,8.61666,MO,PA,PreservedSpecimen
-77.18333,7.58333,MO,PA,PreservedSpecimen
-79.7833333,9.3333333,MO,PA,PreservedSpecimen
-80.59611,7.58305,MO,PA,PreservedSpecimen
-79.72694,9.14222,MO,PA,PreservedSpecimen
-82.9233334,8.3216667,MO,PA,PreservedSpecimen
-80.78333,7.95,MO,PA,PreservedSpecimen
-79.7677778,9.1827778,MO,PA,PreservedSpecimen
-79.64944,9.06444,MO,PA,PreservedSpecimen
-79.41638,9.16666,MO,PA,PreservedSpecimen
-81.12944,8.52388,MO,PA,PreservedSpecimen
-82.25,8.75,MO,PA,PreservedSpecimen
-79.61805,9.15083,MO,PA,PreservedSpecimen
-78.7055556,8.7208334,MO,PA,PreservedSpecimen
-81.47222,8.215,MO,PA,PreservedSpecimen
-80.125,9.20833,MO,PA,PreservedSpecimen
-80.0166667,9.3027778,MO,PA,PreservedSpecimen
-79.5666667,9.3583333,MO,PA,PreservedSpecimen
-80.7086111,7.93,MO,PA,PreservedSpecimen
-79.41611,9.16694,MO,PA,PreservedSpecimen
-79.96333,9.15083,MO,PA,PreservedSpecimen
-78.9833333,9.3333333,MO,PA,PreservedSpecimen
-82.26,9.36833,MO,PA,PreservedSpecimen
-81.14083,8.50888,MO,PA,PreservedSpecimen
-79.95666,9.36416,MO,PA,PreservedSpecimen
-79.7333333,9.3666667,MO,PA,PreservedSpecimen
-79.05361,9.21305,MO,PA,PreservedSpecimen
-81.08305,8.51611,MO,PA,PreservedSpecimen
-78.9375,9.2827778,MO,PA,PreservedSpecimen
-81.7063889,7.4088889,MO,PA,PreservedSpecimen
-82.27333,9.40833,MO,PA,PreservedSpecimen
-77.75,-4.01666,MO,PE,PreservedSpecimen
-89.2302778,15.9038889,MO,GT,PreservedSpecimen
-83.6575,9.3466666,MO,CR,PreservedSpecimen
-86.35,13.03333,MO,NI,PreservedSpecimen
-84.45,11.71666,MO,NI,PreservedSpecimen
-84.01,9.83,MO,CR,PreservedSpecimen
-84.45,11.66666,MO,NI,PreservedSpecimen
-83.6427777,9.3875,MO,CR,PreservedSpecimen
-90.37083,15.47083,MO,GT,PreservedSpecimen
-92.1116667,16.9577778,MO,MX,PreservedSpecimen
-90.39027,14.72138,MO,GT,PreservedSpecimen
-90.11472,16.78805,MO,GT,PreservedSpecimen
-89.0061111,16.9097222,MO,BZ,PreservedSpecimen
-83.65,9.89,MO,CR,PreservedSpecimen
-89.6611111,16.6505556,MO,GT,PreservedSpecimen
-92.57,17.03,MO,MX,PreservedSpecimen
-83.88,10.21,MO,CR,PreservedSpecimen
-89.05,17.0166667,MO,BZ,PreservedSpecimen
-88.78333,17.23333,MO,BZ,PreservedSpecimen
-83.52,8.7,MO,CR,PreservedSpecimen
-93.5961111,16.2105556,MO,MX,PreservedSpecimen
-88.60666,17.37555,MO,BZ,PreservedSpecimen
-93.42,16.66,MO,MX,PreservedSpecimen
-85.75,13.06666,F,NI,PreservedSpecimen
-84.4,11.0166667,F,NI,PreservedSpecimen
-84.08333,13.48333,F,NI,PreservedSpecimen
-86.48333,13.66666,MO,NI,PreservedSpecimen
-87.16444,14.12972,MO,HN,PreservedSpecimen
-87.04638,14.15805,MO,HN,PreservedSpecimen
-87.11388,14.11333,MO,HN,PreservedSpecimen
-87.15388,14.07861,MO,HN,PreservedSpecimen
-87.18972,14.08638,MO,HN,PreservedSpecimen
-84.33333,15.5,MO,HN,PreservedSpecimen
-87.16694,14.085,MO,HN,PreservedSpecimen
-88.16472,15.54472,MO,HN,PreservedSpecimen
-86.88972,15.72388,MO,HN,PreservedSpecimen
-86.85,13.93333,MO,HN,PreservedSpecimen
-87.86305,14.54416,MO,HN,PreservedSpecimen
-87.85,14.58333,MO,HN,PreservedSpecimen
-87.1669445,14.085,MO,HN,PreservedSpecimen
-86.85,13.93333,MO,HN,PreservedSpecimen
-86.79166,15.7475,MO,HN,PreservedSpecimen
-87.8408333,14.5747223,MO,HN,PreservedSpecimen
-87.85,14.58333,MO,HN,PreservedSpecimen
-86.7,13.9,MO,HN,PreservedSpecimen
-87.85,14.58333,MO,HN,PreservedSpecimen
-87.83333,14.56666,MO,HN,PreservedSpecimen
-87.85,14.5833333,MO,HN,PreservedSpecimen
-90.39027,14.72138,MO,GT,PreservedSpecimen
-89.1,16.2666667,MO,BZ,PreservedSpecimen
-83.51,10.58,MO,CR,PreservedSpecimen
-87.85,14.5833333,MO,HN,PreservedSpecimen
-91.3036111,15.9641667,MO,GT,PreservedSpecimen
-89.1833333,14.4333333,MO,HN,PreservedSpecimen
-83.66,9.41,MO,CR,PreservedSpecimen
-86.91694,14.02888,MO,HN,PreservedSpecimen
-88.76666,17.16666,MO,BZ,PreservedSpecimen
-89.05,17.3,MO,BZ,PreservedSpecimen
-92.49,16.89,MO,MX,PreservedSpecimen
-87.46666,15.75,MO,HN,PreservedSpecimen
-83.79,9.86,MO,CR,PreservedSpecimen
-88.98083,17.19055,MO,BZ,PreservedSpecimen
-87.98333,14.86666,MO,HN,PreservedSpecimen
-92.1122222,16.9586111,MO,MX,PreservedSpecimen
-89.96694,16.95111,MO,GT,PreservedSpecimen
-88.32388,17.09944,MO,BZ,PreservedSpecimen
-87.1669445,14.085,MO,HN,PreservedSpecimen
-88.6,16.76666,MO,BZ,PreservedSpecimen
-89.1,16.2666667,MO,BZ,PreservedSpecimen
-84.09888,9.88833,MO,CR,PreservedSpecimen
-84.14,9.85,MO,CR,PreservedSpecimen
-87.86305,14.54416,MO,HN,PreservedSpecimen
-86.33333,12.93333,MO,NI,PreservedSpecimen
-84.73333,13.76666,MO,NI,PreservedSpecimen
-84.23333,13.96666,MO,NI,PreservedSpecimen
-83.48,8.69,MO,CR,PreservedSpecimen
-83.48,10.08,MO,CR,PreservedSpecimen
-87.1669445,14.085,MO,HN,PreservedSpecimen
-89.3788889,16.5394444,MO,GT,PreservedSpecimen
-91.36027,14.4175,MO,GT,PreservedSpecimen
-88.0233334,14.9425,MO,HN,PreservedSpecimen
-89.09138,15.2575,MO,GT,PreservedSpecimen
-92.13,17.03,MO,MX,PreservedSpecimen
-92.13,16.82,MO,MX,PreservedSpecimen
-84.95,14.7,MO,HN,PreservedSpecimen
-88.8,14.4833333,MO,HN,PreservedSpecimen
-87.3427777,14.1444444,MO,HN,PreservedSpecimen
-87.9775,14.9236111,MO,HN,PreservedSpecimen
-86.7513889,14.5316667,MO,HN,PreservedSpecimen
-84.6666667,15.5,MO,HN,PreservedSpecimen
-88.9872222,17.0769445,MO,BZ,PreservedSpecimen
-89.0333333,16.3,MO,BZ,PreservedSpecimen
-89.0458333,16.8686111,MO,BZ,PreservedSpecimen
-93.45,16.88,MO,MX,PreservedSpecimen
-88.77777,17.22416,MO,BZ,PreservedSpecimen
-85.23,10.65,MO,CR,PreservedSpecimen
-87.16694,14.085,MO,HN,PreservedSpecimen
-87.85,14.25,MO,HN,PreservedSpecimen
-86.7197223,14.5752778,MO,HN,PreservedSpecimen
-87.17416,14.10888,MO,HN,PreservedSpecimen
-93.2,15.83,MO,MX,PreservedSpecimen
-85.36,10.69,MO,CR,PreservedSpecimen
-87.1897222,14.0863889,MO,HN,PreservedSpecimen
-86.07944,14.91361,MO,HN,PreservedSpecimen
-92.16,14.97,MO,MX,PreservedSpecimen
-87.93,14.95805,MO,HN,PreservedSpecimen
-87.16444,14.12972,MO,HN,PreservedSpecimen
-86.71972,14.57527,MO,HN,PreservedSpecimen
-89.67777,14.09444,MO,SV,PreservedSpecimen
-84.01,10.42,DUKE,CR,PreservedSpecimen
-82.85,8.81666,MO,PA,PreservedSpecimen
-84.0036111,10.4313889,DUKE,CR,PreservedSpecimen
-85.8480555,14.8183334,MO,HN,PreservedSpecimen
-83.7,9.83,MO,CR,PreservedSpecimen
-84.02,10.43,DUKE,CR,PreservedSpecimen
-84.00361,10.43138,DUKE,CR,PreservedSpecimen
-84.00361,10.43138,MO,CR,PreservedSpecimen
-88.76666,17.21666,MO,BZ,PreservedSpecimen
-89.93333,13.81666,MO,SV,PreservedSpecimen
-87.85,14.58333,MO,HN,PreservedSpecimen
-84.0036111,10.4313889,LSCR,CR,PreservedSpecimen
-86.71972,14.57527,MO,HN,PreservedSpecimen
-83.6427777,9.3875,MO,CR,PreservedSpecimen
-89.0388889,15.6775,MO,GT,PreservedSpecimen
-87.4525,15.735,MO,HN,PreservedSpecimen
-83.48,9.82,MO,CR,PreservedSpecimen
-87.13666,14.1625,MO,HN,PreservedSpecimen
-83.69,9.47,MO,CR,PreservedSpecimen
-84.0,10.41,MO,CR,PreservedSpecimen
-88.3725,15.5813889,MO,HN,PreservedSpecimen
-85.15,10.8,MO,CR,PreservedSpecimen
-83.65,9.89,MO,CR,PreservedSpecimen
-85.78333,13.01666,MO,NI,PreservedSpecimen
-92.32,16.91,MO,MX,PreservedSpecimen
-87.56972,14.23472,MO,HN,PreservedSpecimen
-87.0463889,14.1580556,MO,HN,PreservedSpecimen
-92.0519444,17.4861111,MO,MX,PreservedSpecimen
-84.0,10.42,MO,CR,PreservedSpecimen
-86.7211111,14.5447222,MO,HN,PreservedSpecimen
-85.4,10.88,MO,CR,PreservedSpecimen
-85.89555,14.87083,MO,HN,PreservedSpecimen
-67.0902777,-9.9580556,MO,BR,PreservedSpecimen
-72.82972,-8.13416,MO,BR,PreservedSpecimen
-79.46666,-3.2,MO,EC,PreservedSpecimen
-79.4666667,-3.2,QCNE,EC,PreservedSpecimen
-78.46666,0.36666,MO,EC,PreservedSpecimen
-77.9333333,-1.5,QCNE,EC,PreservedSpecimen
-83.73,10.53,MO,CR,PreservedSpecimen
-85.73333,13.58333,MO,NI,PreservedSpecimen
-78.5655556,-3.4308334,QCNE,EC,PreservedSpecimen
-78.44777,-3.52583,QCNE,EC,PreservedSpecimen
-85.9666667,11.9333333,MPU,NI,PreservedSpecimen
-85.61666,13.51666,MO,NI,PreservedSpecimen
-85.68333,13.55,HULE,NI,PreservedSpecimen
-76.41666,-6.58333,MO,PE,PreservedSpecimen
-63.2,-17.74166,MO,BO,PreservedSpecimen
-63.95,-18.10833,MO,BO,PreservedSpecimen
-63.06666,-17.78333,MO,BO,PreservedSpecimen
-63.2,-17.74166,MO,BO,PreservedSpecimen
-63.2,-17.74166,MO,BO,PreservedSpecimen
-63.5,-18.1,MO,BO,PreservedSpecimen
-63.6,-17.5,MO,BO,PreservedSpecimen
-63.6,-17.5,MO,BO,PreservedSpecimen
-63.2,-17.74166,MO,BO,PreservedSpecimen
-63.6,-17.5,MO,BO,PreservedSpecimen
-63.95,-18.10833,MO,BO,PreservedSpecimen
-63.6,-17.5,MO,BO,PreservedSpecimen
-63.2,-17.74166,MO,BO,PreservedSpecimen
-63.2,-17.74166,MO,BO,PreservedSpecimen
-63.2,-17.74166,MO,BO,PreservedSpecimen
-63.2,-17.74166,MO,BO,PreservedSpecimen
-63.2,-17.74166,MO,BO,PreservedSpecimen
-63.2,-17.74166,MO,BO,PreservedSpecimen
-63.2,-17.74166,MO,BO,PreservedSpecimen
-63.2,-17.74166,MO,BO,PreservedSpecimen
-63.2,-17.74166,MO,BO,PreservedSpecimen
-63.6,-17.5,MO,BO,PreservedSpecimen
-63.2,-17.74166,MO,BO,PreservedSpecimen
-63.95,-18.10833,MO,BO,PreservedSpecimen
-63.6,-17.5,MO,BO,PreservedSpecimen
-63.6,-17.5,MO,BO,PreservedSpecimen
-63.2,-17.74166,MO,BO,PreservedSpecimen
-63.6,-17.5,MO,BO,PreservedSpecimen
-63.6,-17.5,MO,BO,PreservedSpecimen
-63.2,-17.74166,MO,BO,PreservedSpecimen
-63.95,-18.10833,MO,BO,PreservedSpecimen
-63.6,-17.5,NY,BO,PreservedSpecimen
-63.6,-17.5,MO,BO,PreservedSpecimen
-63.2,-17.74166,MO,BO,PreservedSpecimen
-63.2,-17.74166,MO,BO,PreservedSpecimen
-63.2,-17.74166,MO,BO,PreservedSpecimen
-63.95,-18.10833,MO,BO,PreservedSpecimen
-63.6,-17.5,MO,BO,PreservedSpecimen
-63.2,-17.74166,MO,BO,PreservedSpecimen
-85.6333333,13.2333333,MO,NI,PreservedSpecimen
-84.78333,13.76666,MO,NI,PreservedSpecimen
-85.6833333,13.5666667,MO,NI,PreservedSpecimen
-86.0333333,13.75,MO,NI,PreservedSpecimen
-84.23333,12.16666,MO,NI,PreservedSpecimen
-85.6833333,13.5666667,HULE,NI,PreservedSpecimen
-86.45,13.11666,MO,NI,PreservedSpecimen
-84.35,11.13333,HULE,NI,PreservedSpecimen
-79.65,-2.7,MO,EC,PreservedSpecimen
-71.3672223,-12.7647222,MO,PE,PreservedSpecimen
-83.7666667,11.9833333,MO,NI,PreservedSpecimen
-85.3333333,13.3666667,MO,NI,PreservedSpecimen
-85.83333,12.98333,MO,NI,PreservedSpecimen
-78.03333,-2.06666,QCNE,EC,PreservedSpecimen
-78.6305556,0.0283334,QCNE,EC,PreservedSpecimen
-77.6,-0.1,QCNE,EC,PreservedSpecimen
-79.72916,9.00138,MO,PA,PreservedSpecimen
-85.83333,15.83333,MO,HN,PreservedSpecimen
-85.42,10.99,MO,CR,PreservedSpecimen
-83.01,9.02,MO,CR,PreservedSpecimen
-84.2838889,10.0069444,MO,CR,PreservedSpecimen
-58.37222,-19.04861,USZ,BO,PreservedSpecimen
-55.52777,-24.13305,AS,PY,PreservedSpecimen
-74.65888,-11.17722,USM,PE,PreservedSpecimen
-57.5530556,-22.2691667,MO,PY,PreservedSpecimen
-55.9825,-22.6555556,MO,PY,PreservedSpecimen
-77.3166667,-0.35,QCNE,EC,PreservedSpecimen
-75.25,-0.1166667,MO,PE,PreservedSpecimen
-80.88333,-1.06666,QCNE,EC,PreservedSpecimen
-79.23333,-0.33333,QCNE,EC,PreservedSpecimen
-79.23333,-0.33333,QCNE,EC,PreservedSpecimen
-78.98333,-0.31666,QCNE,EC,PreservedSpecimen
-65.68333,10.13333,MO,VE,PreservedSpecimen
-86.33333,13.2,MO,NI,PreservedSpecimen
-86.26666,13.21666,MO,NI,PreservedSpecimen
-84.35,11.1333333,MO,NI,PreservedSpecimen
-84.33333,10.95,MO,NI,PreservedSpecimen
-67.98333,-13.98333,USZ,BO,PreservedSpecimen
-79.65,9.55,MO,PA,PreservedSpecimen
-78.9,-5.06666,MO,PE,PreservedSpecimen
-79.16666,-4.96666,MO,PE,PreservedSpecimen
-91.61,16.1,MO,MX,PreservedSpecimen
-89.3352777,15.5230556,MO,GT,PreservedSpecimen
-85.93777,15.91888,MO,HN,PreservedSpecimen
-89.23194,15.91777,MO,GT,PreservedSpecimen
-88.7116667,17.15,MO,BZ,PreservedSpecimen
-92.34,17.68,MO,MX,PreservedSpecimen
-92.1330556,17.135,MO,MX,PreservedSpecimen
-85.07,10.74,MO,CR,PreservedSpecimen
-55.52805,-24.13361,AS,PY,PreservedSpecimen
-70.01666,9.03333,MO,VE,PreservedSpecimen
-69.88333,9.06666,MO,VE,PreservedSpecimen
-80.2,-0.2666667,MO,EC,PreservedSpecimen
-84.3333333,13.5833333,MO,NI,PreservedSpecimen
-85.8916666,13.0916666,MO,NI,PreservedSpecimen
-84.33055,10.96666,MO,NI,PreservedSpecimen
-78.46194,0.86861,MO,EC,PreservedSpecimen
-86.1666667,13.25,MO,NI,PreservedSpecimen
-84.63333,11.13333,MO,NI,PreservedSpecimen
-55.52805,-24.13305,AS,PY,PreservedSpecimen
-84.6833333,13.9666667,MO,NI,PreservedSpecimen
-84.56666,14.01666,MO,NI,PreservedSpecimen
-84.8416666,13.6916666,MO,NI,PreservedSpecimen
-84.925,13.7333333,MO,NI,PreservedSpecimen
-83.56,8.71,CR,CR,PreservedSpecimen
-78.175,-4.49166,MO,PE,PreservedSpecimen
-78.76666,-5.33333,MO,PE,PreservedSpecimen
-85.4,12.23333,MO,NI,PreservedSpecimen
-85.0416666,12.875,MO,NI,PreservedSpecimen
-84.58333,11.76666,MO,NI,PreservedSpecimen
-78.2819445,-5.1527778,MO,PE,PreservedSpecimen
-78.2819445,-5.1527778,MO,PE,PreservedSpecimen
-76.95,3.9833333,U,CO,PreservedSpecimen
-75.004954,3.165008,MO,CO,PreservedSpecimen
-76.22833,4.97416,COL,CO,PreservedSpecimen
-85.9833333,11.8333333,MICH,NI,PreservedSpecimen
-74.06666,10.98333,GH,CO,PreservedSpecimen
-70.218,1.261,MO,CO,PreservedSpecimen
-75.9,5.65,MO,CO,PreservedSpecimen
-86.5333333,13.7583333,MO,NI,PreservedSpecimen
-85.9833333,11.8333333,MICH,NI,PreservedSpecimen
-85.08333,12.26666,MO,NI,PreservedSpecimen
-83.88333,14.38333,MO,NI,PreservedSpecimen
-85.26666,12.91666,MO,NI,PreservedSpecimen
-78.71666,-5.35,MO,PE,PreservedSpecimen
-84.3333333,10.9666667,MO,NI,PreservedSpecimen
-79.08333,-5.0,MO,PE,PreservedSpecimen
-55.21666,5.85,MO,SR,PreservedSpecimen
-77.0,3.91666,MO,CO,PreservedSpecimen
-56.0252778,-22.6719445,AS,PY,PreservedSpecimen
-86.31666,13.7,MO,NI,PreservedSpecimen
-62.015,-16.11722,USZ,BO,PreservedSpecimen
-82.8166667,8.8,MO,PA,PreservedSpecimen
-90.2208334,15.3063889,MO,GT,PreservedSpecimen
-89.93333,13.81666,B,SV,PreservedSpecimen
-79.65,9.55,MO,PA,PreservedSpecimen
-78.43333,0.36666,QCNE,EC,PreservedSpecimen
-88.87,16.4891666,BRH,BZ,PreservedSpecimen
-77.45,8.35,MO,PA,PreservedSpecimen
-90.2166667,15.0361111,MO,GT,PreservedSpecimen
-88.0780556,13.9419444,B,SV,PreservedSpecimen
-88.0772223,13.9363889,F,SV,PreservedSpecimen
-90.8790278,16.739,MEXU,MX,PreservedSpecimen
-90.905,16.8076111,MEXU,MX,PreservedSpecimen
-66.5,10.0333333,MO,VE,PreservedSpecimen
-85.6740834,12.6258611,HULE,NI,PreservedSpecimen
-75.2525,-10.3461111,HOXA,PE,PreservedSpecimen
-85.4285834,12.8788611,HULE,NI,PreservedSpecimen
-77.9261667,-6.9830833,MO,PE,PreservedSpecimen
-73.6719445,-15.9691667,USM,PE,PreservedSpecimen
-85.9925555,13.7741667,HULE,NI,PreservedSpecimen
-85.4285834,12.8788611,HULE,NI,PreservedSpecimen
-64.8555556,-23.715,MO,AR,PreservedSpecimen
-61.3941666,6.0969444,MO,VE,PreservedSpecimen
-75.43333,5.78333,MO,CO,PreservedSpecimen
-75.7333333,6.4,MO,CO,PreservedSpecimen
-86.3706945,13.7248611,HULE,NI,PreservedSpecimen
-77.7122222,-6.9902777,K,PE,PreservedSpecimen
127.9094167,0.4907222,L,ID,PreservedSpecimen
-83.50732,9.2543,MO,CR,PreservedSpecimen
-84.36528,9.7055556,MO,CR,PreservedSpecimen
-83.06531,9.09475,MO,CR,PreservedSpecimen
-84.0675,9.9980556,MO,CR,PreservedSpecimen
-84.65833,10.452778,MO,CR,PreservedSpecimen
-83.97361,10.388333,MO,CR,PreservedSpecimen
-65.7938889,-17.2658333,BOLV,BO,PreservedSpecimen
-84.0166667,10.4166667,MO,CR,PreservedSpecimen
-84.0166667,10.4166667,MO,CR,PreservedSpecimen
-89.25,13.6666667,B,SV,PreservedSpecimen
-88.0666667,13.9333333,B,SV,PreservedSpecimen
-83.1088889,9.0611111,PMA,CR,PreservedSpecimen
-85.0922229,9.8276476,CR,CR,PreservedSpecimen
-84.9797223,12.3625,HULE,NI,PreservedSpecimen
-93.3677778,16.0094444,MO,MX,PreservedSpecimen
-88.9352777,16.7075,MO,BZ,PreservedSpecimen
-91.1016667,16.7894444,MEXU,MX,PreservedSpecimen
-91.5675,17.2352777,MEXU,MX,PreservedSpecimen
-85.4277778,10.9905555,CR,CR,PreservedSpecimen
-65.8166667,18.3166667,SEMO,PR,PreservedSpecimen
-65.75,18.3166667,SEMO,PR,PreservedSpecimen
-66.0333333,18.1,SEMO,PR,PreservedSpecimen
-79.0166667,-8.1166667,MO,PE,PreservedSpecimen
-96.9833333,18.6333333,MO,MX,PreservedSpecimen
-57.3616667,-22.5336111,MO,PY,PreservedSpecimen
-56.0194445,-22.6436111,MO,PY,PreservedSpecimen
-56.2344444,-25.7980555,MO,PY,PreservedSpecimen
-77.8268333,-7.0308833,MO,PE,PreservedSpecimen
-77.6725,-6.8386667,MO,PE,PreservedSpecimen
-92.6583333,15.3772223,MO,MX,PreservedSpecimen
-93.3263889,15.9958333,MO,MX,PreservedSpecimen
-93.1285834,16.9118056,MO,MX,PreservedSpecimen
-91.1911111,15.9025,MO,GT,PreservedSpecimen
-75.1833333,-10.1625,MOL,PE,PreservedSpecimen
-81.6666667,7.35,MO,PA,PreservedSpecimen
-84.3758334,11.0591667,HULE,NI,PreservedSpecimen
-85.3208334,14.2302778,HULE,NI,PreservedSpecimen
-85.3208334,14.2302778,HULE,NI,PreservedSpecimen
-54.1261111,5.4083333,MO,SR,PreservedSpecimen
-79.0166667,-8.1166667,MO,PE,PreservedSpecimen
-93.6133333,16.2763889,MEXU,MX,PreservedSpecimen
-79.0166667,-8.1166667,MO,PE,PreservedSpecimen
-97.3038889,20.0061111,MO,MX,PreservedSpecimen
-97.3105556,20.0055556,MEXU,MX,PreservedSpecimen
-77.5871167,-6.7101167,MO,PE,PreservedSpecimen
-77.5871167,-6.7101167,MO,PE,PreservedSpecimen
-69.25,18.916,MO,JM,PreservedSpecimen
-70.85,19.06,MO,JM,PreservedSpecimen
-77.8031333,-6.75905,MO,PE,PreservedSpecimen
-88.1333333,13.9333333,B,SV,PreservedSpecimen
-83.03483,8.8442,MO,CR,PreservedSpecimen
-97.3125,20.0069444,MEXU,MX,PreservedSpecimen
-65.5166667,-17.0166667,USZ,BO,PreservedSpecimen
-63.0666667,-17.7666667,UMO,BO,PreservedSpecimen
-63.0666667,-17.7666667,UMO,BO,PreservedSpecimen
-83.9833333,10.4333333,UMO,CR,PreservedSpecimen
-84.9852777,10.58,MO,CR,PreservedSpecimen
-84.9875,10.58,MO,CR,PreservedSpecimen
-85.0333333,10.7166667,MO,CR,PreservedSpecimen
-83.1863889,9.0088889,MO,CR,PreservedSpecimen
-66.1666667,0.8333333,MO,VE,PreservedSpecimen
-85.0613889,9.8833333,MO,CR,PreservedSpecimen
-85.1186111,10.7122222,MO,CR,PreservedSpecimen
-83.2275,9.0997222,MO,CR,PreservedSpecimen
38.6333333,-5.05,NHT,TZ,PreservedSpecimen
-63.0694445,-17.6083333,MO,BO,PreservedSpecimen
-85.3176388888889,10.943222222222222,INBio,CR,PreservedSpecimen
-85.3176388888889,10.943222222222222,INBio,CR,PreservedSpecimen
-85.3176388888889,10.943222222222222,INBio,CR,PreservedSpecimen
-85.28083333333333,10.905583333333333,INBio,CR,PreservedSpecimen
-85.28083333333333,10.905583333333333,INBio,CR,PreservedSpecimen
-85.28083333333333,10.905583333333333,INBio,CR,PreservedSpecimen
-85.28083333333333,10.905583333333333,INBio,CR,PreservedSpecimen
-83.10906961111111,9.061179972222222,INBio,CR,PreservedSpecimen
-83.10906961111111,9.061179972222222,INBio,CR,PreservedSpecimen
-83.10906961111111,9.061179972222222,INBio,CR,PreservedSpecimen
-83.10906961111111,9.061179972222222,INBio,CR,PreservedSpecimen
-84.65833333333333,10.452777777777778,INBio,CR,PreservedSpecimen
-84.65833333333333,10.452777777777778,INBio,CR,PreservedSpecimen
-84.65833333333333,10.452777777777778,INBio,CR,PreservedSpecimen
-84.65833333333333,10.452777777777778,INBio,CR,PreservedSpecimen
-84.65833333333333,10.452777777777778,INBio,CR,PreservedSpecimen
-84.65833333333333,10.452777777777778,INBio,CR,PreservedSpecimen
-83.515697,8.995561472222223,INBio,CR,PreservedSpecimen
-83.97361111111111,10.388333333333334,INBio,CR,PreservedSpecimen
-83.97361111111111,10.388333333333334,INBio,CR,PreservedSpecimen
-83.97361111111111,10.388333333333334,INBio,CR,PreservedSpecimen
-84.36527777777778,9.705555555555556,INBio,CR,PreservedSpecimen
-84.36527777777778,9.705555555555556,INBio,CR,PreservedSpecimen
-84.36527777777778,9.705555555555556,INBio,CR,PreservedSpecimen
-84.36527777777778,9.705555555555556,INBio,CR,PreservedSpecimen
-83.06530555555555,9.09475,INBio,CR,PreservedSpecimen
-83.06530555555555,9.09475,INBio,CR,PreservedSpecimen
-83.06530555555555,9.09475,INBio,CR,PreservedSpecimen
-83.03611111111111,9.077777777777778,INBio,CR,PreservedSpecimen
-83.03611111111111,9.077777777777778,INBio,CR,PreservedSpecimen
-83.03611111111111,9.077777777777778,INBio,CR,PreservedSpecimen
-83.03611111111111,9.077777777777778,INBio,CR,PreservedSpecimen
-84.15324327777778,9.92076661111111,INBio,CR,PreservedSpecimen
-84.15324327777778,9.92076661111111,INBio,CR,PreservedSpecimen
-85.09222288888888,9.827647555555556,INBio,CR,PreservedSpecimen
-85.09222288888888,9.827647555555556,INBio,CR,PreservedSpecimen
-85.09222288888888,9.827647555555556,INBio,CR,PreservedSpecimen
-85.09222288888888,9.827647555555556,INBio,CR,PreservedSpecimen
-85.09222288888888,9.827647555555556,INBio,CR,PreservedSpecimen
-85.06135780555556,9.883366194444445,INBio,CR,PreservedSpecimen
-85.06135780555556,9.883366194444445,INBio,CR,PreservedSpecimen
-85.06135780555556,9.883366194444445,INBio,CR,PreservedSpecimen
-85.06135780555556,9.883366194444445,INBio,CR,PreservedSpecimen
-83.22759227777777,9.099625694444445,INBio,CR,PreservedSpecimen
-83.22759227777777,9.099625694444445,INBio,CR,PreservedSpecimen
-83.22759227777777,9.099625694444445,INBio,CR,PreservedSpecimen
-83.22759227777777,9.099625694444445,INBio,CR,PreservedSpecimen
-83.22759227777777,9.099625694444445,INBio,CR,PreservedSpecimen
-83.22759227777777,9.099625694444445,INBio,CR,PreservedSpecimen
-83.18646055555556,9.008843055555555,INBio,CR,PreservedSpecimen
-83.18646055555556,9.008843055555555,INBio,CR,PreservedSpecimen
-83.18646055555556,9.008843055555555,INBio,CR,PreservedSpecimen
-85.47577288888888,10.889382916666667,INBio,CR,PreservedSpecimen
-85.47577288888888,10.889382916666667,INBio,CR,PreservedSpecimen
-85.47577288888888,10.889382916666667,INBio,CR,PreservedSpecimen
-85.47577288888888,10.889382916666667,INBio,CR,PreservedSpecimen
-85.47577288888888,10.889382916666667,INBio,CR,PreservedSpecimen
-84.98758708333334,10.579923611111111,INBio,CR,PreservedSpecimen
-84.98758708333334,10.579923611111111,INBio,CR,PreservedSpecimen
-84.98758708333334,10.579923611111111,INBio,CR,PreservedSpecimen
-84.98758708333334,10.579923611111111,INBio,CR,PreservedSpecimen
-84.98758708333334,10.579923611111111,INBio,CR,PreservedSpecimen
-83.39494333333333,8.530290277777778,INBio,CR,PreservedSpecimen
-83.39494333333333,8.530290277777778,INBio,CR,PreservedSpecimen
-83.39494333333333,8.530290277777778,INBio,CR,PreservedSpecimen
-83.39494333333333,8.530290277777778,INBio,CR,PreservedSpecimen
-85.11859952777777,10.712348083333334,INBio,CR,PreservedSpecimen
-85.11859952777777,10.712348083333334,INBio,CR,PreservedSpecimen
-85.11859952777777,10.712348083333334,INBio,CR,PreservedSpecimen
-85.11859952777777,10.712348083333334,INBio,CR,PreservedSpecimen
-85.0333333611111,10.716666666666667,INBio,CR,PreservedSpecimen
-85.0333333611111,10.716666666666667,INBio,CR,PreservedSpecimen
-85.0333333611111,10.716666666666667,INBio,CR,PreservedSpecimen
-85.0333333611111,10.716666666666667,INBio,CR,PreservedSpecimen
-85.0333333611111,10.716666666666667,INBio,CR,PreservedSpecimen
-85.03694444444444,10.71888888888889,INBio,CR,PreservedSpecimen
-85.03694444444444,10.71888888888889,INBio,CR,PreservedSpecimen
-85.03694444444444,10.71888888888889,INBio,CR,PreservedSpecimen
-85.03694444444444,10.71888888888889,INBio,CR,PreservedSpecimen
-85.03694444444444,10.71888888888889,INBio,CR,PreservedSpecimen
-84.98527777777778,10.58,INBio,CR,PreservedSpecimen
-84.98527777777778,10.58,INBio,CR,PreservedSpecimen
-84.98527777777778,10.58,INBio,CR,PreservedSpecimen
-84.98527777777778,10.58,INBio,CR,PreservedSpecimen
-83.52916669444444,10.58388888888889,INBio,CR,PreservedSpecimen
-84.58055561111111,9.805555555555555,INBio,CR,PreservedSpecimen
-83.50555558333333,10.53888888888889,INBio,CR,PreservedSpecimen
-84.30472222222222,9.990833333333333,INBio,CR,PreservedSpecimen
-84.30472222222222,9.990833333333333,INBio,CR,PreservedSpecimen
-84.30472222222222,9.990833333333333,INBio,CR,PreservedSpecimen
-84.30472222222222,9.990833333333333,INBio,CR,PreservedSpecimen
-84.30472222222222,9.990833333333333,INBio,CR,PreservedSpecimen
-83.73333336111111,10.533333333333333,INBio,CR,PreservedSpecimen
-83.73333336111111,10.533333333333333,INBio,CR,PreservedSpecimen
-83.5805568611111,8.716666666666667,INBio,CR,PreservedSpecimen
-83.73333336111111,10.533333333333333,INBio,CR,PreservedSpecimen
-85.40138966666666,10.880555555555556,INBio,CR,PreservedSpecimen
-85.42777941666667,10.990555555555556,INBio,CR,PreservedSpecimen
-83.56666686111112,8.7,INBio,CR,PreservedSpecimen
-83.52638894444445,8.7125,INBio,CR,PreservedSpecimen
-85.42777944444444,10.990555555555556,INBio,CR,PreservedSpecimen
-83.01250005555555,9.026388888888889,INBio,CR,PreservedSpecimen
-84.28408027777778,10.007164722222223,INBio,CR,PreservedSpecimen
-84.28408027777778,10.007164722222223,INBio,CR,PreservedSpecimen
-84.28408027777778,10.007164722222223,INBio,CR,PreservedSpecimen
-84.28408027777778,10.007164722222223,INBio,CR,PreservedSpecimen
-83.57500002777778,9.833333333333334,INBio,CR,PreservedSpecimen
-83.57500002777778,9.833333333333334,INBio,CR,PreservedSpecimen
-83.57500002777778,9.833333333333334,INBio,CR,PreservedSpecimen
-83.57500002777778,9.833333333333334,INBio,CR,PreservedSpecimen
-45.083333,-23.566667,USP-IB,,PreservedSpecimen
-54.916667,-14.833333,USP-IB,,PreservedSpecimen
-46.265278,-21.366111,USP-IB,,PreservedSpecimen
-48.821139,-26.447972,USP-IB,,PreservedSpecimen
-48.809444,-26.442417,USP-IB,,PreservedSpecimen
-48.816861,-26.446139,USP-IB,,PreservedSpecimen
-43.445333,-19.073194,USP-IB,,PreservedSpecimen
-64.85,-23.75,USP-IB,,PreservedSpecimen
-40.635278,-19.925556,USP-IB,,PreservedSpecimen
-46.0,-22.0,USP-IB,,PreservedSpecimen
-51.566667,-20.783333,USP-IB,,PreservedSpecimen
-48.8675,-22.651111,USP-IB,,PreservedSpecimen
-49.366667,-21.216667,USP-IB,,PreservedSpecimen
-48.478694,-24.784611,USP-IB,,PreservedSpecimen
-45.913333,-22.952778,USP-IB,,PreservedSpecimen
-49.166667,-24.416667,USP-IB,,PreservedSpecimen
-42.416667,-13.8,USP-IB,,PreservedSpecimen
-46.541667,-23.875,USP-IB,,PreservedSpecimen
-38.916667,-14.016667,USP-IB,,PreservedSpecimen
-80.2,22.8333,FTG,,PreservedSpecimen
-80.2,22.8333,FTG,,PreservedSpecimen
-69.5833,18.8333,FTG,,PreservedSpecimen
-69.275,19.0167,FTG,,PreservedSpecimen
-68.8,18.7333,FTG,,PreservedSpecimen
-70.1833,18.7333,FTG,,PreservedSpecimen
70.7417,19.575,FTG,,PreservedSpecimen
-69.6667,19.2917,FTG,,PreservedSpecimen
-70.0833,19.25,FTG,,PreservedSpecimen
-69.6667,19.2917,FTG,,PreservedSpecimen
-70.25,19.0,FTG,,PreservedSpecimen
-65.7166,18.3725,FTG,,PreservedSpecimen
-66.3063,18.1866,FTG,,PreservedSpecimen
-67.1452,18.2013,FTG,,PreservedSpecimen
-66.9605,18.0777,FTG,,PreservedSpecimen
-76.8553,18.3199,FTG,,PreservedSpecimen
-78.8333,-6.25,F,,PreservedSpecimen
-61.5,-17.5,F,,PreservedSpecimen
-72.5,-12.5,F,,PreservedSpecimen
-65.5,-14.0,F,,PreservedSpecimen
-84.0,9.6667,F,,PreservedSpecimen
-75.5,7.0,F,,PreservedSpecimen
-47.75,-15.75,F,,PreservedSpecimen
-75.8333,-9.5,F,,PreservedSpecimen
-91.9167,15.0,F,,PreservedSpecimen
-75.4,-10.5667,F,,PreservedSpecimen
-75.0,-4.0,F,,PreservedSpecimen
-74.14,-9.1839,F,,PreservedSpecimen
-68.0,-15.5,F,,PreservedSpecimen
-79.4167,-1.5,F,,PreservedSpecimen
-35.853921,-8.701308,UFPB,,PreservedSpecimen
-51.9825,-29.5441666,FUVATES,,PreservedSpecimen
-76.73353333,3.587583333,Fundación GAIA,CO,HumanObservation
-76.71252778,3.58139,Fundación GAIA,CO,HumanObservation
-76.71111,3.587805556,Fundación GAIA,CO,HumanObservation
-76.718,3.58302778,Fundación GAIA,CO,HumanObservation
-42.8819445,-20.7538889,UnB,,PreservedSpecimen
-42.8819445,-20.7538889,UnB,,PreservedSpecimen
-42.8819445,-20.7538889,UnB,,PreservedSpecimen
-39.2916666,-16.4147222,UnB,,PreservedSpecimen
-50.0802778,-17.6872222,UnB,,PreservedSpecimen
-49.4216667,-17.6744445,UnB,,PreservedSpecimen
-49.4216667,-17.6744445,UnB,,PreservedSpecimen
-50.0805556,-17.7044444,UnB,,PreservedSpecimen
-50.0805556,-17.7044444,UnB,,PreservedSpecimen
-50.0533333,-17.4108333,UnB,,PreservedSpecimen
-39.2577778,-16.5086111,UnB,,PreservedSpecimen
-47.85,-20.58,UnB,,PreservedSpecimen
-46.88,-23.18,UnB,,PreservedSpecimen
-47.3,-21.27,UnB,,PreservedSpecimen
-51.9386111,-23.4252778,UnB,,PreservedSpecimen
-50.07,-21.42,UnB,,PreservedSpecimen
-47.92,-25.01,UnB,,PreservedSpecimen
-47.06,-22.9,UnB,,PreservedSpecimen
-50.92,-20.21,UnB,,PreservedSpecimen
-47.66,-22.12,UnB,,PreservedSpecimen
-54.9166667,-14.8333334,UnB,,PreservedSpecimen
-43.4872222,-19.9458333,UnB,,PreservedSpecimen
-48.59,-24.58,UnB,,PreservedSpecimen
-46.5416666,-23.875,UnB,,PreservedSpecimen
-46.9925,-18.9438889,UnB,,PreservedSpecimen
-50.54,-20.26,UnB,,PreservedSpecimen
-46.62,-24.08,UnB,,PreservedSpecimen
-46.03,-23.41,UnB,,PreservedSpecimen
-52.8597222,-22.6563889,UnB,,PreservedSpecimen
-43.2444444,-22.9630556,UnB,,PreservedSpecimen
-57.4858333,-14.6194445,UnB,,PreservedSpecimen
-56.3783334,-20.2405555,UnB,,PreservedSpecimen
-47.56,-22.41,UnB,,PreservedSpecimen
-51.9002778,-20.0405555,UnB,,PreservedSpecimen
-52.4222223,-21.7141667,UnB,,PreservedSpecimen
-47.92,-24.38,UnB,,PreservedSpecimen
-49.13,-23.86,UnB,,PreservedSpecimen
-48.6111111,-25.7386111,UnB,,PreservedSpecimen
-49.2788889,-16.4966666,UnB,,PreservedSpecimen
-49.27,-16.5161111,UnB,,PreservedSpecimen
-46.83,-23.0,UnB,,PreservedSpecimen
-49.1316667,-17.7288889,UnB,,PreservedSpecimen
-40.6830556,-20.4130556,UnB,,PreservedSpecimen
-42.9086111,-20.4163889,UnB,,PreservedSpecimen
-42.9086111,-20.4163889,UnB,,PreservedSpecimen
-49.3502778,-15.8083333,UnB,,PreservedSpecimen
-45.1411111,-22.565,UnB,,PreservedSpecimen
-50.2838889,-19.9505556,UnB,,PreservedSpecimen
-50.3633333,-19.8466666,UnB,,PreservedSpecimen
-60.0086111,-15.0166667,UnB,,PreservedSpecimen
-47.7888889,-14.1847222,UnB,,PreservedSpecimen
-60.0202778,-14.9283334,UnB,,PreservedSpecimen
-46.7175,-18.6527778,UnB,,PreservedSpecimen
-47.7888889,-14.1847222,UnB,,PreservedSpecimen
-47.8241667,-13.6441666,UnB,,PreservedSpecimen
-47.7888889,-14.1847222,UnB,,PreservedSpecimen
-47.8241667,-13.6441666,UnB,,PreservedSpecimen
-50.0783334,-17.7213889,UnB,,PreservedSpecimen
-47.7888889,-14.1847222,UnB,,PreservedSpecimen
-47.7888889,-14.1847222,UnB,,PreservedSpecimen
-47.06,-22.9,UnB,,PreservedSpecimen
-46.68,-22.68,UnB,,PreservedSpecimen
-42.8819445,-20.7538889,UnB,,PreservedSpecimen
-49.2441666,-24.5383333,UnB,,PreservedSpecimen
-42.7322223,-19.7122222,UnB,,PreservedSpecimen
-45.07,-23.43,UnB,,PreservedSpecimen
-42.4525,-20.1019444,UnB,,PreservedSpecimen
-48.9591667,-15.8525,UnB,,PreservedSpecimen
-47.88,-20.72,UnB,,PreservedSpecimen
-47.31,-22.94,UnB,,PreservedSpecimen
-47.31,-22.94,UnB,,PreservedSpecimen
-47.9688889,-24.0675,UnB,,PreservedSpecimen
-47.64,-22.72,UnB,,PreservedSpecimen
-48.36,-21.6,UnB,,PreservedSpecimen
-58.3833334,-10.3,UnB,,PreservedSpecimen
-47.64,-22.72,UnB,,PreservedSpecimen
-45.35,-23.77,UnB,,PreservedSpecimen
-49.8166667,-24.6972222,UnB,,PreservedSpecimen
-47.7588889,-20.2097222,UnB,,PreservedSpecimen
-49.8166667,-24.5388889,UnB,,PreservedSpecimen
-47.92,-25.01,UnB,,PreservedSpecimen
-46.97,-23.03,UnB,,PreservedSpecimen
-46.97,-23.03,UnB,,PreservedSpecimen
-39.0277778,-14.2236111,UnB,,PreservedSpecimen
-49.3386111,-14.1955555,UnB,,PreservedSpecimen
-50.1094444,-15.9683334,UnB,,PreservedSpecimen
-50.1347222,-16.1058333,UnB,,PreservedSpecimen
-48.7672223,-15.8475,UnB,,PreservedSpecimen
-49.0725,-15.9938889,UnB,,PreservedSpecimen
-43.45,-19.0808334,UnB,,PreservedSpecimen
-50.065,-16.0333334,UnB,,PreservedSpecimen
-43.4711111,-19.1222223,UnB,,PreservedSpecimen
-50.1852777,-16.0991666,UnB,,PreservedSpecimen
-43.4586111,-19.5019444,UnB,,PreservedSpecimen
-43.46,-19.5013889,UnB,,PreservedSpecimen
-43.4638889,-19.2405555,UnB,,PreservedSpecimen
-49.3386111,-14.1955555,UnB,,PreservedSpecimen
-49.3386111,-14.1955555,UnB,,PreservedSpecimen
-44.365,-16.6852777,UnB,,PreservedSpecimen
-47.9,-24.3666667,UnB,,PreservedSpecimen
-43.3502778,-21.7641667,UnB,,PreservedSpecimen
-39.0147222,-14.1030556,UnB,,PreservedSpecimen
-48.25,-23.1,UnB,,PreservedSpecimen
-39.0752778,-15.2933333,UnB,,PreservedSpecimen
-39.1038889,-13.9447222,UnB,,PreservedSpecimen
-48.84,-24.5,UnB,,PreservedSpecimen
-45.8333334,-3.6666667,UnB,,PreservedSpecimen
-48.1986111,-15.8447222,UnB,,PreservedSpecimen
-48.8980555,-15.8519444,UnB,,PreservedSpecimen
-48.8841666,-15.8175,UnB,,PreservedSpecimen
-48.0102778,-16.7113889,UnB,,PreservedSpecimen
-47.8166667,-15.85,UnB,,PreservedSpecimen
-47.94,-15.725,UnB,,PreservedSpecimen
-48.884167,-15.8175,UFG,,PreservedSpecimen
-83.35222,22.79667,B,CU,PreservedSpecimen
-79.875,22.66389,B,CU,PreservedSpecimen
-41.555,-20.767,INMA,,PreservedSpecimen
-71.566667,-7.75,UFBA,,PreservedSpecimen
-52.137583,-24.769361,UTFPR-CP,,PreservedSpecimen
-52.242583,-24.747111,UTFPR-CP,,PreservedSpecimen
-52.4702778,-26.8197223,FURB,,PreservedSpecimen
-53.9725,-25.26,IF,,PreservedSpecimen
-72.39897,5.53873,Instituto Amazónico de Investigaciones Científicas - SINCHI,CO,PreservedSpecimen
-72.70291667,2.517083333,Instituto Amazónico de Investigaciones Científicas - SINCHI,CO,PreservedSpecimen
-75.62464,1.43764,Instituto Amazónico de Investigaciones Científicas - SINCHI,CO,PreservedSpecimen
-76.64694,1.19361,Instituto Amazónico de Investigaciones Científicas - SINCHI,CO,PreservedSpecimen
-72.1217,-0.55958,Instituto Amazónico de Investigaciones Científicas - SINCHI,CO,PreservedSpecimen
-36.42556,-9.24,CJBG,BR,PreservedSpecimen
-63.27167,-17.53972,CJBG,BO,PreservedSpecimen
-61.04806,-14.76222,CJBG,BO,PreservedSpecimen
-66.61667,-14.5,CJBG,BO,PreservedSpecimen
-61.19389,13.25472,CJBG,VC,PreservedSpecimen
-65.08583,-4.14444,CJBG,BR,PreservedSpecimen
-65.08583,-4.14444,CJBG,BR,PreservedSpecimen
-61.02139,14.6525,CJBG,FR,PreservedSpecimen
-61.02139,14.6525,CJBG,FR,PreservedSpecimen
-64.67083,-16.71472,CJBG,BO,PreservedSpecimen
-55.92333,-13.40083,CJBG,BR,PreservedSpecimen
-61.15389,-16.52889,CJBG,BO,PreservedSpecimen
-64.67083,-16.71472,CJBG,BO,PreservedSpecimen
-80.10278,8.50722,CJBG,PA,PreservedSpecimen
-96.11583,18.65917,CJBG,MX,PreservedSpecimen
-84.18806,9.97028,CJBG,CR,PreservedSpecimen
-102.53278,23.95056,CJBG,MX,PreservedSpecimen
-84.18806,9.97028,CJBG,CR,PreservedSpecimen
-64.67083,-16.71472,CJBG,BO,PreservedSpecimen
-75.90611,-9.62611,CJBG,PE,PreservedSpecimen
-55.56667,-23.26667,CJBG,PY,PreservedSpecimen
-55.0,-24.33333,CJBG,PY,PreservedSpecimen
-61.15389,-16.52889,CJBG,BO,PreservedSpecimen
-84.18806,9.97028,CJBG,CR,PreservedSpecimen
-55.92333,-13.40083,CJBG,BR,PreservedSpecimen
-45.44222,-18.78778,CJBG,BR,PreservedSpecimen
111.26306,-7.50278,CJBG,ID,PreservedSpecimen
-84.18806,9.97028,CJBG,CR,PreservedSpecimen
-56.5,-24.25,CJBG,PY,PreservedSpecimen
-64.67083,-16.71472,CJBG,BO,PreservedSpecimen
-55.0,-24.33333,CJBG,PY,PreservedSpecimen
-55.56667,-23.26667,CJBG,PY,PreservedSpecimen
-80.10278,8.50722,CJBG,PA,PreservedSpecimen
-64.67083,-16.71472,CJBG,BO,PreservedSpecimen
-64.67083,-16.71472,CJBG,BO,PreservedSpecimen
-84.18806,9.59167,CJBG,CR,PreservedSpecimen
-55.56667,-23.26667,CJBG,PY,PreservedSpecimen
-55.56667,-23.26667,CJBG,PY,PreservedSpecimen
-84.18806,9.97028,CJBG,CR,PreservedSpecimen
-84.18806,9.97028,CJBG,CR,PreservedSpecimen
-84.18806,9.97028,CJBG,CR,PreservedSpecimen
-55.56667,-23.26667,CJBG,PY,PreservedSpecimen
-84.18806,9.97028,CJBG,CR,PreservedSpecimen
-79.03639,21.62111,CJBG,CU,PreservedSpecimen
-84.18806,9.97028,CJBG,CR,PreservedSpecimen
-84.18806,9.97028,CJBG,CR,PreservedSpecimen
-78.58333,-0.25,CJBG,EC,PreservedSpecimen
-55.56667,-23.26667,CJBG,PY,PreservedSpecimen
-90.10639,15.65278,CJBG,GT,PreservedSpecimen
-99.0725,18.74472,CJBG,MX,PreservedSpecimen
-64.57722,-14.04444,CJBG,BO,PreservedSpecimen
111.26306,-7.50278,CJBG,ID,PreservedSpecimen
-83.25222,9.76,CJBG,CR,PreservedSpecimen
-82.86722,21.685,CJBG,CU,PreservedSpecimen
-55.0,-24.33333,CJBG,PY,PreservedSpecimen
-84.18806,9.97028,CJBG,CR,PreservedSpecimen
-83.88806,22.45222,CJBG,CU,PreservedSpecimen
-41.99722,-12.18306,CJBG,BR,PreservedSpecimen
-84.18806,9.97028,CJBG,CR,PreservedSpecimen
-82.27139,22.82306,CJBG,CU,PreservedSpecimen
-66.91667,10.5,CJBG,VE,PreservedSpecimen
-41.99722,-12.18306,CJBG,BR,PreservedSpecimen
-66.91667,10.5,CJBG,VE,PreservedSpecimen
-74.37556,-9.16389,CJBG,PE,PreservedSpecimen
-96.11583,18.65917,CJBG,MX,PreservedSpecimen
-82.27139,22.82306,CJBG,CU,PreservedSpecimen
-102.53278,23.95056,CJBG,MX,PreservedSpecimen
-82.27139,22.82306,CJBG,CU,PreservedSpecimen
-66.16944,7.1225,CJBG,VE,PreservedSpecimen
-42.0,-12.0,CJBG,BR,PreservedSpecimen
-75.28667,5.40306,CJBG,CO,PreservedSpecimen
-45.44222,-18.78778,CJBG,BR,PreservedSpecimen
-79.03639,21.62111,CJBG,CU,PreservedSpecimen
-48.65972,-22.40444,CJBG,BR,PreservedSpecimen
-78.76694,-1.4275,CJBG,EC,PreservedSpecimen
-57.0,-25.25,CJBG,PY,PreservedSpecimen
-84.18806,9.97028,CJBG,CR,PreservedSpecimen
-71.20861,18.10917,CJBG,DO,PreservedSpecimen
-77.31889,18.15139,CJBG,JM,PreservedSpecimen
-83.33333,9.15,CJBG,CR,PreservedSpecimen
-60.66694,11.25,CJBG,TT,PreservedSpecimen
-90.10639,15.65278,CJBG,GT,PreservedSpecimen
-41.99722,-12.18306,CJBG,BR,PreservedSpecimen
-84.18806,9.97028,CJBG,CR,PreservedSpecimen
-57.0,-25.25,CJBG,PY,PreservedSpecimen
-83.25222,9.76,CJBG,CR,PreservedSpecimen
-77.31889,18.15139,CJBG,JM,PreservedSpecimen
-77.31889,18.15139,CJBG,JM,PreservedSpecimen
111.26306,-7.50278,CJBG,ID,PreservedSpecimen
-85.93806,11.95833,CJBG,NI,PreservedSpecimen
-65.08583,-4.14444,CJBG,BR,PreservedSpecimen
-77.31889,18.15139,CJBG,JM,PreservedSpecimen
-66.46222,18.22139,CJBG,US,PreservedSpecimen
-90.36667,15.48333,CJBG,GT,PreservedSpecimen
-78.76694,-1.4275,CJBG,EC,PreservedSpecimen
-84.18806,9.97028,CJBG,CR,PreservedSpecimen
-41.99722,-12.18306,CJBG,BR,PreservedSpecimen
-84.18806,9.97028,CJBG,CR,PreservedSpecimen
-90.10639,15.65278,CJBG,GT,PreservedSpecimen
-69.44333,19.26944,CJBG,DO,PreservedSpecimen
-83.68,9.78611,CJBG,CR,PreservedSpecimen
-84.79861,10.75139,CJBG,CR,PreservedSpecimen
-90.10639,15.65278,CJBG,GT,PreservedSpecimen
-83.68,9.78611,CJBG,CR,PreservedSpecimen
-90.10639,15.65278,CJBG,GT,PreservedSpecimen
-66.94972,18.03833,CJBG,US,PreservedSpecimen
-78.76694,-1.4275,CJBG,EC,PreservedSpecimen
-66.16944,7.1225,CJBG,VE,PreservedSpecimen
-61.25306,10.46861,CJBG,TT,PreservedSpecimen
-84.79861,10.75139,CJBG,CR,PreservedSpecimen
-58.97472,4.79194,CJBG,GY,PreservedSpecimen
-96.11583,18.65917,CJBG,MX,PreservedSpecimen
-84.18806,9.97028,CJBG,CR,PreservedSpecimen
-92.56,18.08389,CJBG,MX,PreservedSpecimen
-91.8375,14.39083,CJBG,GT,PreservedSpecimen
-66.46222,18.22139,CJBG,US,PreservedSpecimen
-96.11583,18.65917,CJBG,MX,PreservedSpecimen
-102.53278,23.95056,CJBG,MX,PreservedSpecimen
-79.97139,9.15972,CJBG,PA,PreservedSpecimen
-102.53278,23.95056,CJBG,MX,PreservedSpecimen
-85.93806,11.95833,CJBG,NI,PreservedSpecimen
-84.18806,9.97028,CJBG,CR,PreservedSpecimen
-74.24278,10.11389,CJBG,CO,PreservedSpecimen
-52.53,-5.64861,CJBG,BR,PreservedSpecimen
-53.08972,-10.77306,CJBG,BR,PreservedSpecimen
-55.91194,4.12639,CJBG,SR,PreservedSpecimen
-56.48333,-22.1,CJBG,PY,PreservedSpecimen
-65.4525,-25.28806,CJBG,AR,PreservedSpecimen
-50.072694,-27.285028,UTFPR-CP,,PreservedSpecimen
-51.954333,-24.370278,UTFPR-CP,,PreservedSpecimen
-45.1272223,-23.3433333,IF,,PreservedSpecimen
-52.5675,-29.7552778,FUVATES,,PreservedSpecimen
-42.858611,-20.801944,UNESP-FCA,,PreservedSpecimen
-42.858611,-20.801944,UNESP-FCA,,PreservedSpecimen
-38.931806,-4.218056,UFC,,PreservedSpecimen
-83.21667,8.68333,WU,CRI,PreservedSpecimen
-41.8325,-20.4775,INMA,,PreservedSpecimen
-41.820972,-20.502667,INMA,,PreservedSpecimen
-40.443889,-18.776944,INMA,,PreservedSpecimen
-40.761472,-19.330667,INMA,,PreservedSpecimen
-40.506944,-19.936111,INMA,,PreservedSpecimen
-77.99982,1.21587,Universidad de Nariño (UdeNar),CO,PreservedSpecimen
-77.41968,1.28845,Universidad de Nariño (UdeNar),CO,PreservedSpecimen
-75.56667,7.8,Universidad de Nariño (UdeNar),CO,PreservedSpecimen
-77.16754,1.94363,Universidad de Nariño (UdeNar),CO,PreservedSpecimen
-77.27765,1.80717,Universidad de Nariño (UdeNar),CO,PreservedSpecimen
-76.93554,1.60314,Universidad de Nariño (UdeNar),CO,PreservedSpecimen
-77.33629,1.91747,Universidad de Nariño (UdeNar),CO,PreservedSpecimen
-77.46667,1.03333,Universidad de Nariño (UdeNar),CO,PreservedSpecimen
-78.1155,1.36616,Universidad de Nariño (UdeNar),CO,PreservedSpecimen
-78.121409,1.335568,Universidad de Nariño (UdeNar),CO,PreservedSpecimen
-78.08088,1.26645,Universidad de Nariño (UdeNar),CO,PreservedSpecimen
-78.08088,1.26645,Universidad de Nariño (UdeNar),CO,PreservedSpecimen
-70.237205,1.249144,Universidad de Nariño (UdeNar),CO,PreservedSpecimen
-70.237205,1.249144,Universidad de Nariño (UdeNar),CO,PreservedSpecimen
-76.6506,1.16566,Universidad de Nariño (UdeNar),CO,PreservedSpecimen
-76.65126,1.14779,Universidad de Nariño (UdeNar),CO,PreservedSpecimen
-78.740833,1.682222,Universidad de Nariño (UdeNar),CO,PreservedSpecimen
-78.66122,1.49554,Universidad de Nariño (UdeNar),CO,PreservedSpecimen
-78.7245,1.69549,Universidad de Nariño (UdeNar),CO,PreservedSpecimen
-78.74165,1.8184,Universidad de Nariño (UdeNar),CO,PreservedSpecimen
-44.3427777,-19.9519444,FPMZB,,PreservedSpecimen
-35.465556,-5.3275,UFERSA,,PreservedSpecimen
-58.383333,-10.3,UFMT,,PreservedSpecimen
-40.086389,-19.147778,VALE,,PreservedSpecimen
-40.82924,-19.477479,VALE,,PreservedSpecimen
-53.9555556,-25.3069444,IF,,PreservedSpecimen
-51.016944,-30.068889,UFRGS,,PreservedSpecimen
-56.558889,-21.266667,UFRGS,,PreservedSpecimen
-48.149722,-15.742222,Cenargen,,PreservedSpecimen
-48.149722,-15.742222,Cenargen,,PreservedSpecimen
-48.123611,-15.950555,Cenargen,,PreservedSpecimen
-48.149722,-15.742222,Cenargen,,PreservedSpecimen
-48.123611,-15.950555,Cenargen,,PreservedSpecimen
-48.149722,-15.742222,Cenargen,,PreservedSpecimen
-48.149722,-15.742222,Cenargen,,PreservedSpecimen
-48.123611,-15.950555,Cenargen,,PreservedSpecimen
-48.149722,-15.742222,Cenargen,,PreservedSpecimen
-48.149722,-15.742222,Cenargen,,PreservedSpecimen
-48.123611,-15.950555,Cenargen,,PreservedSpecimen
-48.123611,-15.950555,Cenargen,,PreservedSpecimen
-48.149722,-15.742222,Cenargen,,PreservedSpecimen
-48.123611,-15.950555,Cenargen,,PreservedSpecimen
-48.149722,-15.742222,Cenargen,,PreservedSpecimen
-48.123611,-15.950555,Cenargen,,PreservedSpecimen
-47.585277,-15.748333,Cenargen,,PreservedSpecimen
-65.088611,-9.7047222,Cenargen,,PreservedSpecimen
-49.338611,-14.195555,Cenargen,,PreservedSpecimen
-49.338611,-14.195555,Cenargen,,PreservedSpecimen
-49.131944,-17.728611,Cenargen,,PreservedSpecimen
-48.283333,-15.15,Cenargen,,PreservedSpecimen
-50.804166,-28.045833,Cenargen,,PreservedSpecimen
-47.9775,-15.522777,Cenargen,,PreservedSpecimen
-47.924166,-15.938611,Cenargen,,PreservedSpecimen
-48.010833,-15.905833,Cenargen,,PreservedSpecimen
-48.003333,-15.814444,Cenargen,,PreservedSpecimen
-48.073333,-15.481666,Cenargen,,PreservedSpecimen
-47.916666,-15.95,Cenargen,,PreservedSpecimen
-48.116666,-15.55,Cenargen,,PreservedSpecimen
-47.676667,-21.328889,UEFS,,PreservedSpecimen
-65.088611,-9.704722,UEFS,,PreservedSpecimen
-57.730278,-14.602778,UEFS,,PreservedSpecimen
-35.754444,-7.076667,UEFS,,PreservedSpecimen
-42.525,-14.451389,UEFS,,PreservedSpecimen
-64.505556,-22.319722,UEFS,,PreservedSpecimen
-47.883333,-15.75,UEFS,,PreservedSpecimen
-44.287222,-12.222778,UEFS,,PreservedSpecimen
-71.566667,-7.75,UEFS,,PreservedSpecimen
-40.683333,-20.633333,UEFS,,PreservedSpecimen
-39.07,-14.298056,UESC,,PreservedSpecimen
-44.285833,-2.6075,UFMA,,PreservedSpecimen
-49.524444,-18.9475,UFU,,PreservedSpecimen
-48.129167,-18.011944,UFG,,PreservedSpecimen
-47.880278,-18.151389,UFG,,PreservedSpecimen
-47.916667,-18.163056,UFG,,PreservedSpecimen
-47.916667,-18.163056,UFG,,PreservedSpecimen
-48.129167,-18.011944,UFG,,PreservedSpecimen
-48.449444,-7.196389,UFG,,PreservedSpecimen
-49.060833,-17.822778,UFG,,PreservedSpecimen
-50.116667,-15.9,UFG,,PreservedSpecimen
-51.8783334,-17.9647222,UFJ,,PreservedSpecimen
-51.2791667,-18.7113889,UFJ,,PreservedSpecimen
-51.2041667,-18.7361111,UFJ,,PreservedSpecimen
-51.0869444,-18.1358333,UFJ,,PreservedSpecimen
-60.009083,-15.024694,UNEMAT,,PreservedSpecimen
-57.833889,-9.118056,UNEMAT,,PreservedSpecimen
-48.809444,-26.442417,USP-IB,,PreservedSpecimen
-48.821139,-26.447972,USP-IB,,PreservedSpecimen
-48.816686,-26.446139,USP-IB,,PreservedSpecimen
-49.8497222,-29.3694444,PUC-RS,,PreservedSpecimen
-49.8497222,-29.3694444,PUC-RS,,PreservedSpecimen
-48.3658,-21.6033,IAC,,PreservedSpecimen
-47.091,-22.8571,IAC,,PreservedSpecimen
-47.091,-22.8566,IAC,,PreservedSpecimen
-47.091,-22.8566,IAC,,PreservedSpecimen
-47.091,-22.8572,IAC,,PreservedSpecimen
-46.8217,-22.4361,IAC,,PreservedSpecimen
-46.8217,-22.4361,IAC,,PreservedSpecimen
-49.3163889,-20.7080556,IAC,,PreservedSpecimen
-49.3163889,-20.7080556,IAC,,PreservedSpecimen
-49.3163889,-20.7080556,IAC,,PreservedSpecimen
-49.3163889,-20.7080556,IAC,,PreservedSpecimen
-49.3163889,-20.7080556,IAC,,PreservedSpecimen
-49.3163889,-20.7080556,IAC,,PreservedSpecimen
-45.079386,-23.380462,IAC,,PreservedSpecimen
-51.148639,-21.662361,IAC,,PreservedSpecimen
-46.668667,-22.696694,IAC,,PreservedSpecimen
-46.668492,-22.694886,IAC,,PreservedSpecimen
-46.668722,-22.696694,IAC,,PreservedSpecimen
-46.675306,-22.700806,IAC,,PreservedSpecimen
-46.668583,-22.696639,IAC,,PreservedSpecimen
-46.668667,-22.696694,IAC,,PreservedSpecimen
-46.668492,-22.694886,IAC,,PreservedSpecimen
-45.1277501,-23.421615,IAC,,PreservedSpecimen
-45.121083,-23.408861,IAC,,PreservedSpecimen
-45.126917,-23.421667,IAC,,PreservedSpecimen
-47.0675,-22.863306,IAC,,PreservedSpecimen
-45.119167,-23.409067,IAC,,PreservedSpecimen
-50.06475,-20.462944,IAC,,PreservedSpecimen
-50.06475,-20.462861,IAC,,PreservedSpecimen
-46.676719,-22.701692,IAC,,PreservedSpecimen
-47.0938,-22.85957,IAC,,PreservedSpecimen
-47.046511,-22.817903,IAC,,PreservedSpecimen
-56.3783,-20.2406,IAC,,PreservedSpecimen
-47.077171,-22.870251,IAC,,PreservedSpecimen
-49.8194,-22.2197,IAC,,PreservedSpecimen
-49.8194,-22.2197,IAC,,PreservedSpecimen
-49.1439,-24.3178,IAC,,PreservedSpecimen
-48.445,-22.8858,IAC,,PreservedSpecimen
-46.668492,-22.694886,IAC,,PreservedSpecimen
-47.0608,-22.9056,IAC,,PreservedSpecimen
-47.85,-15.874444,UNITINS,,PreservedSpecimen
-47.95,-15.516667,UNITINS,,PreservedSpecimen
-50.116667,-15.9,UNITINS,,PreservedSpecimen
-46.680389,-11.664167,UNITINS,,PreservedSpecimen
-48.324167,-10.207778,UNITINS,,PreservedSpecimen
-48.124167,-10.477222,UNITINS,,PreservedSpecimen
-47.370556,-7.767778,UNITINS,,PreservedSpecimen
-39.083333,-15.15,CEPLAC,,PreservedSpecimen
-39.6325,-13.618889,CEPLAC,,PreservedSpecimen
-41.133333,-20.3,CEPLAC,,PreservedSpecimen
-71.566667,-7.75,CEPLAC,,PreservedSpecimen
-39.666667,-16.716667,CEPLAC,,PreservedSpecimen
-39.133333,-16.383333,CEPLAC,,PreservedSpecimen
-38.916667,-14.016667,CEPLAC,,PreservedSpecimen
-39.133333,-16.383333,CEPLAC,,PreservedSpecimen
-134.1,-1.11667,BPBM,,PreservedSpecimen
-150.23,-5.77103,BPBM,,PreservedSpecimen
-159.508,21.8917,BPBM,,PreservedSpecimen
-147.417,-2.0,BPBM,,PreservedSpecimen
-49.287833,-25.660694,PNFM,,PreservedSpecimen
-51.944986,-23.390906,UEM,,PreservedSpecimen
-51.928333,-23.429444,UEM,,PreservedSpecimen
-51.916667,-23.416667,UEM,,PreservedSpecimen
-51.971111,-23.431389,UEM,,PreservedSpecimen
-51.971111,-23.431389,UEM,,PreservedSpecimen
-51.971111,-23.431389,UEM,,PreservedSpecimen
-40.022222,-14.276944,UFPB,,PreservedSpecimen
-48.346167,-23.052361,UFSCar,,PreservedSpecimen
-46.265278,-21.366111,UFMG,,PreservedSpecimen
-49.108889,-5.347278,UFMG,,PreservedSpecimen
-44.053611,-19.838333,UFMG,,PreservedSpecimen
-43.915972,-19.891611,UFMG,,PreservedSpecimen
-43.573,-20.293492,UFMG,,PreservedSpecimen
-43.3685,-19.889556,UFMG,,PreservedSpecimen
-47.666667,-23.4,UFMG,,PreservedSpecimen
-42.483333,-20.716667,UFMG,,PreservedSpecimen
-47.7,-19.119444,UFMG,,PreservedSpecimen
-40.07393,-14.24051,UESB,,PreservedSpecimen
-40.07558,-14.24548,UESB,,PreservedSpecimen
-40.023,-13.5914,UESB,,PreservedSpecimen
-48.8302778,-26.4477777,UNIVILLE,,PreservedSpecimen
-48.8302778,-26.4461111,UNIVILLE,,PreservedSpecimen
-48.8133333,-26.4422222,UNIVILLE,,PreservedSpecimen
-48.383333,-22.816667,UNESP-FCA,,PreservedSpecimen
-48.346111,-23.052222,UNESP-FCA,,PreservedSpecimen
-48.492222,-22.881111,UNESP-FCA,,PreservedSpecimen
-46.511111,-22.8375,UNESP-FCA,,PreservedSpecimen
-47.9297223,-15.7797223,UnB,,PreservedSpecimen
-47.4666667,-15.5166667,UnB,,PreservedSpecimen
-47.9297223,-15.7797223,UnB,,PreservedSpecimen
-50.25,-17.75,UnB,,PreservedSpecimen
-48.2794445,-17.2997222,UnB,,PreservedSpecimen
-47.9297223,-15.7797223,UnB,,PreservedSpecimen
-47.9297223,-15.7797223,UnB,,PreservedSpecimen
-48.75,-17.8,UnB,,PreservedSpecimen
-47.95,-15.95,UnB,,PreservedSpecimen
-47.85,-15.8744445,UnB,,PreservedSpecimen
-47.9297223,-15.7797223,UnB,,PreservedSpecimen
-47.9297223,-15.7797223,UnB,,PreservedSpecimen
-47.9297223,-15.7797223,UnB,,PreservedSpecimen
-47.9297223,-15.7797223,UnB,,PreservedSpecimen
-47.85,-15.8666667,UnB,,PreservedSpecimen
-47.9297223,-15.7797223,UnB,,PreservedSpecimen
-47.9166667,-15.95,UnB,,PreservedSpecimen
-47.9297223,-15.7797223,UnB,,PreservedSpecimen
-47.4666667,-15.5166667,UnB,,PreservedSpecimen
-47.9166667,-15.95,UnB,,PreservedSpecimen
-50.1166667,-15.9,UnB,,PreservedSpecimen
-47.9297223,-15.7797223,UnB,,PreservedSpecimen
-47.9166667,-15.95,UnB,,PreservedSpecimen
-47.85,-15.8666667,UnB,,PreservedSpecimen
-47.9613889,-15.9147222,UnB,,PreservedSpecimen
-47.9605556,-15.9322223,UnB,,PreservedSpecimen
-51.7666667,-12.8166667,UnB,,PreservedSpecimen
-51.3,-15.8,UnB,,PreservedSpecimen
-49.0608333,-17.8227778,UnB,,PreservedSpecimen
-47.6758334,-15.6477777,UnB,,PreservedSpecimen
-47.8852777,-15.9130556,UnB,,PreservedSpecimen
-47.5930555,-14.1633333,UnB,,PreservedSpecimen
-47.5930555,-14.1633333,UnB,,PreservedSpecimen
-49.0552778,-15.8538889,UnB,,PreservedSpecimen
-47.8833334,-15.75,UnB,,PreservedSpecimen
-47.8877777,-15.7444444,UnB,,PreservedSpecimen
-48.1333334,-15.9333334,UnB,,PreservedSpecimen
-48.055,-16.0483333,UnB,,PreservedSpecimen
-46.0666667,-16.1666667,UnB,,PreservedSpecimen
-46.0666667,-16.1666667,UnB,,PreservedSpecimen
-48.4494444,-7.1963889,UnB,,PreservedSpecimen
-47.95,-15.85,UnB,,PreservedSpecimen
-47.9297223,-15.7797223,UnB,,PreservedSpecimen
-48.7833334,-21.9166667,UnB,,PreservedSpecimen
-44.0472222,-19.8572222,FPMZB,,PreservedSpecimen
-14.300389,-13.196306,UFPE,,PreservedSpecimen
-39.566667,-16.366667,UFPE,,PreservedSpecimen
-45.0583333,-23.5416666,IF,,PreservedSpecimen
-46.99,-22.97,IF,,PreservedSpecimen
-46.75,-23.7,IF,,PreservedSpecimen
-48.5708334,-24.4166667,IF,,PreservedSpecimen
-47.64,-22.72,IF,,PreservedSpecimen
-49.0691667,-24.0561111,IF,,PreservedSpecimen
-49.0672223,-24.0527778,IF,,PreservedSpecimen
-49.0730556,-24.0536111,IF,,PreservedSpecimen
-49.0730556,-24.0536111,IF,,PreservedSpecimen
-49.0691667,-24.0708334,IF,,PreservedSpecimen
-48.5747223,-25.8827778,IF,,PreservedSpecimen
-49.0066667,-25.2905555,IF,,PreservedSpecimen
-46.7588889,-23.4541667,IF,,PreservedSpecimen
-46.7744445,-23.4558333,IF,,PreservedSpecimen
-46.7683334,-23.4530556,IF,,PreservedSpecimen
-47.92,-25.01,IF,,PreservedSpecimen
-48.4002778,-24.6394444,IF,,PreservedSpecimen
-50.41,-22.66,IF,,PreservedSpecimen
-47.9688889,-24.0675,IF,,PreservedSpecimen
-46.97,-23.03,IF,,PreservedSpecimen
-46.97,-23.03,IF,,PreservedSpecimen
-46.58,-23.31,IF,,PreservedSpecimen
-45.35,-23.77,IF,,PreservedSpecimen
-47.4333334,-20.2166667,IF,,PreservedSpecimen
-49.34,-24.11,IF,,PreservedSpecimen
-47.4333334,-20.2166667,IF,,PreservedSpecimen
-49.38,-20.03,IF,,PreservedSpecimen
-46.42,-23.89,IF,,PreservedSpecimen
-47.46,-24.28,IF,,PreservedSpecimen
-47.47,-20.25,IF,,PreservedSpecimen
-38.833333,-13.611112,CPATSA,,PreservedSpecimen
-41.3252,-9.216689,IMA,,PreservedSpecimen
-36.786389,-9.541361,IMA,,PreservedSpecimen
-51.8286111,-29.1391666,FUVATES,,PreservedSpecimen
-51.8377777,-29.1483333,FUVATES,,PreservedSpecimen
-52.3702778,-29.2558333,FUVATES,,PreservedSpecimen
-51.8063889,-29.4480555,FUVATES,,PreservedSpecimen
-51.8333334,-29.3527778,FUVATES,,PreservedSpecimen
-42.8833333,-16.55,UFVJM,,PreservedSpecimen
-42.8833333,-16.55,UFVJM,,PreservedSpecimen
-52.013472,-23.868056,UTFPR-CP,,PreservedSpecimen
-52.079583,-23.386889,UTFPR-CP,,PreservedSpecimen
-46.629861,-20.83925,UTFPR-CP,,PreservedSpecimen
-51.205278,-25.363556,UTFPR-CP,,PreservedSpecimen
-48.431083,-25.604056,UTFPR-CP,,PreservedSpecimen
-49.051306,-25.837361,UTFPR-CP,,PreservedSpecimen
-52.433778,-24.532778,UTFPR-CP,,PreservedSpecimen
-52.433278,-24.53325,UTFPR-CP,,PreservedSpecimen
-51.568333,-25.046056,UTFPR-CP,,PreservedSpecimen
-52.423361,-24.252194,UTFPR-CP,,PreservedSpecimen
-52.310889,-24.208444,UTFPR-CP,,PreservedSpecimen
-52.410583,-24.248611,UTFPR-CP,,PreservedSpecimen
-53.015444,-24.610417,UTFPR-CP,,PreservedSpecimen
-52.331639,-24.103111,UTFPR-CP,,PreservedSpecimen
-52.303889,-24.105083,UTFPR-CP,,PreservedSpecimen
-47.9605556,-15.9322223,FURB,,PreservedSpecimen
-48.4463889,-1.4336111,FURB,,PreservedSpecimen
-49.125,-26.8183334,FURB,,PreservedSpecimen
-49.1541667,-26.3008333,FURB,,PreservedSpecimen
-49.0477777,-26.1925,FURB,,PreservedSpecimen
-49.0788889,-26.9052778,FURB,,PreservedSpecimen
-49.4091667,-28.7091667,FURB,,PreservedSpecimen
-50.4,-26.64,FURB,,PreservedSpecimen
-48.8697223,-28.1647222,FURB,,PreservedSpecimen
-49.1258334,-25.3119444,FURB,,PreservedSpecimen
-49.1586111,-25.3158333,FURB,,PreservedSpecimen
-50.1297223,-29.2497222,FURB,,PreservedSpecimen
-48.87,-28.08,FURB,,PreservedSpecimen
-50.0380555,-27.0922222,FURB,,PreservedSpecimen
-49.41,-28.17,FURB,,PreservedSpecimen
-50.1305556,-27.0002778,FURB,,PreservedSpecimen
-49.3191667,-28.3480555,FURB,,PreservedSpecimen
-49.68,-28.7997222,FURB,,PreservedSpecimen
-49.4108333,-27.6291667,FURB,,PreservedSpecimen
-49.4105556,-27.54,FURB,,PreservedSpecimen
-49.0477777,-26.1925,FURB,,PreservedSpecimen
-49.0791667,-26.9055556,FURB,,PreservedSpecimen
-52.515,-27.225,FURB,,PreservedSpecimen
-52.4697223,-27.135,FURB,,PreservedSpecimen
-51.9744445,-27.3138889,FURB,,PreservedSpecimen
-50.22,-27.0,FURB,,PreservedSpecimen
-48.7616667,-26.9522222,FURB,,PreservedSpecimen
-50.0041667,-26.9780556,FURB,,PreservedSpecimen
-50.3019444,-26.2166667,FURB,,PreservedSpecimen
-48.3880555,-25.5536111,FURB,,PreservedSpecimen
-49.0791667,-26.9055556,FURB,,PreservedSpecimen
-49.0791667,-26.9055556,FURB,,PreservedSpecimen
-49.0719445,-26.9213889,FURB,,PreservedSpecimen
-49.0791667,-26.9055556,FURB,,PreservedSpecimen
-49.0791667,-26.9055556,FURB,,PreservedSpecimen
-49.2388889,-25.4419444,FURB,,PreservedSpecimen
-49.1491666,-27.05,FURB,,PreservedSpecimen
-49.0791667,-26.9055556,FURB,,PreservedSpecimen
-50.2133333,-29.6616667,FURB,,PreservedSpecimen
-56.816389,-20.853889,CPAP,,PreservedSpecimen
-48.783333,-21.916667,CPAP,,PreservedSpecimen
-56.65,-18.65,CPAP,,PreservedSpecimen
-48.399167,-6.098333,UFMT,,PreservedSpecimen
-39.516667,-12.933333,UFBA,,PreservedSpecimen
-38.5,-12.966667,UFBA,,PreservedSpecimen
-38.5,-12.966667,UFBA,,PreservedSpecimen
-38.5,-12.966667,UFBA,,PreservedSpecimen
-37.836667,-12.053889,UFBA,,PreservedSpecimen
-38.5,-12.966667,UFBA,,PreservedSpecimen
-39.516667,-12.933333,UFBA,,PreservedSpecimen
-38.516667,-12.784722,UFBA,,PreservedSpecimen
-38.5,-12.966667,UFBA,,PreservedSpecimen
-39.016667,-16.266667,UFBA,,PreservedSpecimen
-42.525,-14.451389,UFBA,,PreservedSpecimen
-38.316667,-12.883333,UFBA,,PreservedSpecimen
-38.930556,-13.943056,UFBA,,PreservedSpecimen
-38.303611,-12.813611,UFBA,,PreservedSpecimen
-38.452778,-12.800556,UFBA,,PreservedSpecimen
-38.5,-1.438889,UFBA,,PreservedSpecimen
-39.566667,-16.366667,UFBA,,PreservedSpecimen
-39.6325,-13.618889,UFBA,,PreservedSpecimen
-39.566667,-16.366667,UFBA,,PreservedSpecimen
-38.5,-12.966667,UFBA,,PreservedSpecimen
-38.5,-12.966667,UFBA,,PreservedSpecimen
-38.5,-12.833333,UFBA,,PreservedSpecimen
-38.5,-12.966667,UFBA,,PreservedSpecimen
-38.5,-12.833333,UFBA,,PreservedSpecimen
-38.5,-12.966667,UFBA,,PreservedSpecimen
-76.5850833,3.1236111,Icesi,CO,HumanObservation
-76.5874444,3.1133889,Icesi,CO,HumanObservation
100.602222,-0.260278,RBGE,ID,PreservedSpecimen
-72.9378,7.2099722,Universidad Industrial de Santander (UIS),CO,PreservedSpecimen
-73.0375889,6.9152167,Universidad Industrial de Santander (UIS),CO,PreservedSpecimen
-73.0045194,7.0436889,Universidad Industrial de Santander (UIS),CO,PreservedSpecimen
-73.30502,7.17218,Universidad Industrial de Santander (UIS),CO,PreservedSpecimen
-73.1205528,7.1400889,Universidad Industrial de Santander (UIS),CO,PreservedSpecimen
-73.1659528,7.0851028,Universidad Industrial de Santander (UIS),CO,PreservedSpecimen
-73.1135,7.0832972,Universidad Industrial de Santander (UIS),CO,PreservedSpecimen
-73.1131556,7.0547278,Universidad Industrial de Santander (UIS),CO,PreservedSpecimen
-72.728925,6.7024,Universidad Industrial de Santander (UIS),CO,PreservedSpecimen
-72.9378,7.2099722,Universidad Industrial de Santander (UIS),CO,PreservedSpecimen
-72.9378,7.2099722,Universidad Industrial de Santander (UIS),CO,PreservedSpecimen
-73.3074694,7.1715611,Universidad Industrial de Santander (UIS),CO,PreservedSpecimen
-72.9378,7.2099722,Universidad Industrial de Santander (UIS),CO,PreservedSpecimen
-72.9378,7.2099722,Universidad Industrial de Santander (UIS),CO,PreservedSpecimen
-74.69808,7.08632,Universidad Industrial de Santander (UIS),CO,PreservedSpecimen
-73.08958,7.06974,Universidad Industrial de Santander (UIS),CO,PreservedSpecimen
-74.10106,6.51893,Universidad Industrial de Santander (UIS),CO,PreservedSpecimen
-76.16133333,4.027447222,INCIVA,,PreservedSpecimen
-76.38,4.116666667,INCIVA,,PreservedSpecimen
-76.6628,3.7617,ICESI,,PreservedSpecimen
-73.2438333,8.1682778,Instituto de Investigación de Recursos Biológicos Alexander von Humboldt (IAvH),,MachineObservation
-76.6898333333,3.6441666667,Instituto de Investigación de Recursos Biológicos Alexander von Humboldt (IAvH),,MachineObservation
-77.319014,18.151419,NHMUK,,PreservedSpecimen
-86.619143,14.819222,NHMUK,,PreservedSpecimen
-82.6553,9.1661,NHMUK,,PreservedSpecimen
-42.64735,-22.531489,NHMUK,,PreservedSpecimen
-88.684767,17.217668,NHMUK,,PreservedSpecimen
-86.619143,14.819222,NHMUK,,PreservedSpecimen
-56.054131,-22.905608,NHMUK,,PreservedSpecimen
-86.619143,14.819222,NHMUK,,PreservedSpecimen
-58.391024,-23.236211,NHMUK,,PreservedSpecimen
-89.4625,18.24722222,NHMUK,,PreservedSpecimen
-86.619143,14.819222,NHMUK,,PreservedSpecimen
-86.619143,14.819222,NHMUK,,PreservedSpecimen
-58.391024,-23.236211,NHMUK,,PreservedSpecimen
-86.619143,14.819222,NHMUK,,PreservedSpecimen
-86.619143,14.819222,NHMUK,,PreservedSpecimen
-86.619143,14.819222,NHMUK,,PreservedSpecimen
-88.684767,17.217668,NHMUK,,PreservedSpecimen
-86.619143,14.819222,NHMUK,,PreservedSpecimen
-80.102665,8.507188,NHMUK,,PreservedSpecimen
-58.391024,-23.236211,NHMUK,,PreservedSpecimen
-77.319014,18.151419,NHMUK,,PreservedSpecimen
-58.391024,-23.236211,NHMUK,,PreservedSpecimen
-82.6792,9.165,NHMUK,,PreservedSpecimen
-82.6792,9.165,NHMUK,,PreservedSpecimen
-86.619143,14.819222,NHMUK,,PreservedSpecimen
-86.619143,14.819222,NHMUK,,PreservedSpecimen
-86.619143,14.819222,NHMUK,,PreservedSpecimen
-88.684767,17.217668,NHMUK,,PreservedSpecimen
-88.684767,17.217668,NHMUK,,PreservedSpecimen
-86.619143,14.819222,NHMUK,,PreservedSpecimen
-58.391024,-23.236211,NHMUK,,PreservedSpecimen
-58.391024,-23.236211,NHMUK,,PreservedSpecimen
-86.619143,14.819222,NHMUK,,PreservedSpecimen
-75.8339444,6.8637222,Universidad de Antioquia (UDEA),CO,HumanObservation
-75.8339444,6.8637222,Universidad de Antioquia (UDEA),CO,HumanObservation
-75.8249444,6.8610556,Instituto de Investigación de Recursos Biológicos Alexander von Humboldt (IAvH),CO,HumanObservation
-75.8249444,6.8610556,Instituto de Investigación de Recursos Biológicos Alexander von Humboldt (IAvH),CO,HumanObservation
-75.8339444,6.8637222,Instituto de Investigación de Recursos Biológicos Alexander von Humboldt (IAvH),CO,HumanObservation
-76.15916667,4.028611111,Instituto para la Investigación y la Preservación del Patrimonio Cultural y Natural del Valle del Cauca,,HumanObservation
-76.15916667,4.028611111,Instituto para la Investigación y la Preservación del Patrimonio Cultural y Natural del Valle del Cauca,,HumanObservation
-76.15916667,4.028611111,Instituto para la Investigación y la Preservación del Patrimonio Cultural y Natural del Valle del Cauca,,HumanObservation
-76.15916667,4.028611111,Instituto para la Investigación y la Preservación del Patrimonio Cultural y Natural del Valle del Cauca,,HumanObservation
166.98333,-15.35,MNHN,vu,PreservedSpecimen
